period,food,housing,transport,education,healthcare,communication,recreation,clothing,other,official_cpi_reference
2019-01,100.0,100.0,100.0,100.0,100.0,100.0,100.0,100.0,100.0,100.0
2019-02,100.76449996852344,100.74107381457785,99.71813083804055,100.65846356899128,101.10320112890807,100.14874677854564,99.0538288221339,101.64791169992937,100.44882834482851,100.58547059818038
2019-03,100.85945237620113,101.37998795463086,97.0642770122935,101.66036857232325,101.87731433929932,100.23315249464513,99.24846798821349,101.82095278595753,100.43887678214263,100.63660485878565
2019-04,100.63080617568458,102.4405635083901,97.07049431572784,102.32022189995509,102.21485486988047,100.1137890312412,100.07446891794196,102.84709856434746,101.0511421009424,100.97030034904908
2019-05,101.02725104321519,103.10875188212047,95.49352441621409,103.05363977374304,102.16156756189001,99.12471880992608,100.79439421530884,103.6342509602165,101.56098347367937,101.20632161399662
2019-06,102.24900288451575,103.14854632275787,97.10148081392614,103.71571489457563,102.43127966311052,98.32517332160522,101.98560206262688,104.67215744722127,101.83259216226239,101.97030556160085
2019-07,103.56635786045132,105.14818676658165,97.6626691565389,104.409502681831,103.68927091346262,98.81690716468339,102.31515097978159,105.42532406997798,102.63636193715749,103.1530204539218
2019-08,104.63335208907284,105.63137371727049,98.7948067078731,104.85249012198625,103.99257748064343,99.02715268497482,102.32789825144033,105.10205751922203,103.61295442091345,103.84446944000776
2019-09,105.3556469914807,106.68535072211102,100.64724745177176,105.16789393965105,105.03558591276301,99.08958454453692,103.51467323842019,105.58900358002148,104.68674407140522,104.742165732671
2019-10,106.88376643977564,107.95865081563012,101.0609778175339,106.03841921912796,106.20957014725025,99.64262940826578,103.6926286992951,105.77762080562316,105.325705257711,105.80364961367783
2019-11,108.19541474817107,108.77419085665336,101.4956577760143,106.82754686261364,106.75091413115597,98.98175038077461,103.41378764560498,106.77105202699107,106.79684960200684,106.66788982396318
2019-12,108.57238386385323,108.42749023572264,102.50216538316013,107.02052862735887,108.36617672741131,98.63236373184901,103.85001776175183,107.38295512752146,107.86920136110061,107.06241887432036
2020-01,108.40186515507617,108.12259997868783,105.95854569336407,107.57446506732715,108.88384085671419,98.50695785412486,103.70084875296573,108.07120649856942,108.479250005654,107.4264895117878
2020-02,108.68544476389697,108.26212462090314,106.17037976632797,108.62146406475254,108.93333536417519,98.32239076279738,104.37823767251587,107.56585943727815,109.50991900905318,107.72511479539463
2020-03,108.93351815571344,108.71085237095424,106.11724165981906,109.33164829619706,109.77827419270128,98.26651985536573,104.45850924483524,107.2932022558291,109.42645325077329,107.99547061615158
2020-04,109.9101073345904,108.54190509924395,106.75996410845138,109.68079558070372,110.54554987302497,98.27484772271558,104.04135829238805,107.53830071288432,109.36521567000092,108.43745693474091
2020-05,109.18766836493018,108.56919511146843,108.21810099473808,110.49514864549981,111.64026923496331,97.84894597706764,104.45018622832943,108.46062618905717,110.04661858936704,108.56805936289454
2020-06,109.58712749326298,108.81044740711405,108.41707251362016,110.9156660699152,111.49095569172741,98.11833447695318,104.53006555215876,108.87099745009641,110.72662733215981,108.87529570856148
2020-07,111.22411841410529,109.03914271965922,108.54087381810508,111.51533875618172,112.04660804847792,97.6124072133074,105.62530562500949,108.93908837474204,111.89217384328771,109.70109345368434
2020-08,111.14387664471003,109.55879945099014,110.12665057391071,112.66774439556322,111.77496006005363,97.92724101970465,106.66146387292486,109.76081137448732,112.32780317989082,110.14032012303868
2020-09,111.1715791824257,110.02984766675301,113.37651719557111,112.82860928147657,112.88269777915929,97.18585537905035,106.73636089845803,110.63976659020285,112.73190328886926,110.7019063407432
2020-10,111.65002498117325,110.45372081413942,115.75859258334411,113.6699340635964,113.40141134815272,96.87949509789094,107.42496286990053,111.30111060853439,113.91387580343925,111.42212171007506
2020-11,111.23691270390042,110.62275211923884,113.91901776904709,114.90840914772922,115.37016228204297,96.63453699691182,107.41312695780572,112.1944960343588,114.44665751224952,111.43051781889865
2020-12,111.68524445233874,110.69694001214094,114.3460754816622,115.76357899541236,116.17350305145091,96.05914626404763,108.29468046972754,112.93686817633746,115.24797644543906,111.87588451173903
2021-01,112.21208314178813,110.29433136610685,116.75214281233121,116.80757037248213,117.18671994005696,95.90586845320452,109.05415575765124,113.85545752429587,115.11111765448767,112.44436814117768
2021-02,112.74884665180518,111.29924618742186,115.85363768433321,116.89692689379136,118.59741846613232,95.54106673666291,109.71450009056387,115.21210339068367,114.91968720526151,112.92403685402667
2021-03,112.6213903944215,111.83274095772416,116.71126637827251,117.46502142495994,120.58296741942598,96.05594437812137,110.47221571558848,116.74995459537436,115.32322299564572,113.41591057118796
2021-04,112.91515355328643,112.44704965033353,118.2875411723164,117.95116661986329,121.03805463203949,95.84517866675758,110.30368416660698,117.46537843797185,115.71185469075016,113.91219650312468
2021-05,113.904410070396,112.12485236027577,117.28943641127098,118.32177635186147,122.4173127661463,95.9974795153455,110.53796259317666,118.83661790152964,117.01399291038383,114.38487941957217
2021-06,113.96282334378496,112.91300226562566,115.92007046513197,119.02328170763697,123.97565978239066,95.79897955374314,109.97037048959473,119.452436188646,116.72827921905626,114.5685506605465
2021-07,114.88773901087659,113.32564932098381,115.34707307603485,119.72088846328465,125.14032054808688,95.83028976589861,109.44102229352927,120.05040109838939,116.98860214329123,115.07513822986527
2021-08,115.89545599190059,114.2214265678771,117.74958575862667,120.7380552329883,125.8379579538692,95.57933870685683,110.03064802636761,121.52180311306526,117.33197349843691,116.09106947716535
2021-09,115.46027594807929,114.36489960413576,118.08831236631545,121.2338221249316,126.26854720745033,95.37850940025672,111.13226352510101,122.78356974788669,117.4327969044648,116.18731166773003
2021-10,115.56749160875015,115.28273067792195,118.97627336096548,122.0268378303191,127.9007047344346,95.5357334733242,112.13474783049475,123.40916277103476,117.40208028444603,116.76074157865564
2021-11,116.58103120328478,116.41311824953904,118.58683929518892,122.5946152532605,128.58465665900576,95.32373817227943,112.06196295865551,123.93394026142792,118.56006038558931,117.47951199799834
2021-12,117.48933303630812,116.80045704277902,119.07873947289052,123.53694024076279,128.81007124310054,94.96306543788134,112.21065307842126,124.86684126892953,119.23378426846614,118.09531651582151
2022-01,118.18176232472113,117.12583503367728,116.81214355299032,124.57401591699826,128.89198619827502,95.0833106377902,112.29541580153372,125.8107018629432,120.19583349694332,118.37874680147804
2022-02,118.50226719484553,117.40713614040939,116.72419758542254,125.35687293646602,130.50968664192578,95.04190538731125,112.1972295701339,126.59132915579407,120.67746948215263,118.77562072539017
2022-03,119.15002884722902,117.94167346467377,117.73484092849785,125.9047613345116,130.63364702740938,94.86761100001814,112.91702905370617,127.1868194120622,121.86637462019105,119.39294442149489
2022-04,121.07765112746283,119.71934386163893,116.02562608551142,125.9889288125264,131.36294143013023,94.18381605037573,113.94131137593924,126.86970444173768,122.54341220086664,120.35863764555302
2022-05,121.49867431021495,120.17633353332985,116.54576675761423,126.98921600399285,131.79383017318614,94.32455751196781,115.18873454494599,128.4300406198425,123.14464870654571,120.94168476455597
2022-06,122.50860240830856,120.97241846768189,116.85354453595932,127.32527152033538,132.70086006530414,93.94304990693098,114.82044627927984,130.02864013593614,123.28090963421803,121.62996181132955
2022-07,122.79063622047161,120.73917157428605,118.54478142162752,128.51409225691836,133.1653028057254,93.46527897469716,115.1052164579679,131.1309241985379,123.7858033043722,122.05930010121479
2022-08,123.23471687713496,120.09963875934832,115.41593799271087,129.4298706300097,134.40240668244442,93.47163287869,116.54170896159093,132.03788520946767,124.65447269917111,122.10334396196066
2022-09,124.3100645234557,120.65850872181687,115.74086056593922,129.6315891215681,135.72844065461462,93.64010825772999,118.25420314195698,131.23927076715765,126.32736353227816,122.88574819741689
2022-10,124.21388407157875,121.09430947698254,116.72177086269014,130.6578774351146,137.3537014083534,93.65819654115198,119.19856735228774,131.49681551879274,125.50157774485879,123.24447937000363
2022-11,124.63013692786771,122.17398211710002,117.09823685022829,131.3485198913457,138.81492514679059,93.50484877336324,120.31407057816486,131.64036818184022,125.84576730198478,123.8787563118334
2022-12,124.77206588632708,121.52407998244408,118.09768954006947,132.38227615130666,138.56600506176392,93.67024926772633,120.65033757518901,133.0604720643945,126.63933778225281,124.10572117676165
2023-01,124.72812278753807,122.21438025660673,116.88862558192605,133.56275765152975,140.7243843755603,93.54383378856267,121.81977910703887,134.26756465556804,127.01929820499977,124.48958753553674
2023-02,125.46048762237709,121.84662363358554,120.02396869911533,134.54972279262842,140.97696881601814,93.69172826290536,121.86602911416868,135.31389002329374,128.5234468696098,125.23332980455811
2023-03,127.00542574644638,123.19824355432898,122.04911195883375,135.60632388431156,140.14307969650315,93.63770393310867,120.69077218235789,136.1386433065023,129.78489424516238,126.32905299398269
2023-04,127.78616107879081,124.06896866331181,123.14869066140575,136.62662957465918,140.63596412824123,93.65729590316806,120.24366243720893,136.2534971182875,130.5807105902346,127.03445948064495
2023-05,128.10723043132995,124.08031136276362,125.54191915941553,137.24664211117891,142.4014210839754,93.84490679819707,120.60753336752906,136.05642354745925,131.41283894587912,127.6273801386624
2023-06,127.60772772072065,124.9417934306253,125.56391734747913,137.8593691430429,143.86639773051877,93.97284328622277,120.5276493090566,137.42983482288017,132.05248367727677,127.88678945438731
2023-07,128.85331610007182,125.89046131178728,127.69299971352608,138.73339707981714,144.3096094467498,93.6828551655684,120.3909160161595,138.40422224439237,131.8055952583333,128.84180413154337
2023-08,129.6368950437196,126.45466057550954,126.64912721338646,139.63150553460898,145.92861106917456,93.52313199475859,121.77645576211862,139.21546387925397,132.0251479372291,129.42631145744608
2023-09,129.7681693154183,127.74800695199235,129.68817186137034,141.04291691998185,146.73136559396713,92.84481095783096,123.10022089556563,140.4440830011506,132.91101724079545,130.3575754497049
2023-10,131.06824744874646,128.76084670985628,131.85502905771654,141.48404155637536,146.595127429072,92.89787202111486,123.67882584236432,140.30368387675267,132.63920624538764,131.26533384087296
2023-11,132.94872568696007,129.2361355269376,131.0426765391784,141.9586495102721,147.25743680567902,92.47450004650437,124.71468565068749,140.3724494834586,133.0768276684388,132.0862077056345
2023-12,132.2869746819877,129.5286258800741,130.27261055484294,143.1806036697795,148.11020362422497,92.19814277320623,124.03320195403778,140.32909791008137,133.9457840831587,131.99837766659667
