bank,quarter,quarter_end,fiscal_year,reporting_basis,data_status,nii_inr_crore,operating_profit_inr_crore,pat_inr_crore,nim_pct,cet1_pct,car_pct,total_assets_inr_crore,source_url,notes
HDFC Bank,Q1 FY2020,2019-06-30,2020,standalone,estimated_from_annual,22484.0,27302.0,5776.54,3.5,17.0,19.5,1200000.0,,"Quarterly PAT distributed from annual anchor at Q1/Q2/Q3/Q4 = 22%/23%/26%/29%; NII, operating profit and assets are ratio/base-growth estimates; not reported."
ICICI Bank,Q1 FY2020,2019-06-30,2020,standalone,estimated_from_annual,3925.84,2704.47,1744.82,4.3,16.0,17.0,1500000.0,,"Quarterly PAT distributed from annual anchor at Q1/Q2/Q3/Q4 = 22%/23%/26%/29%; NII, operating profit and assets are ratio/base-growth estimates; not reported."
SBI,Q1 FY2020,2019-06-30,2020,whole_bank,estimated_from_annual,7649.66,5099.78,3187.36,3.1,11.0,14.5,4000000.0,,"Quarterly PAT distributed from annual anchor at Q1/Q2/Q3/Q4 = 22%/23%/26%/29%; NII, operating profit and assets are ratio/base-growth estimates; not reported."
Axis Bank,Q1 FY2020,2019-06-30,2020,standalone,estimated_from_annual,2805.0,1870.0,1100.0,3.7,14.0,16.0,900000.0,,"Quarterly PAT distributed from annual anchor at Q1/Q2/Q3/Q4 = 22%/23%/26%/29%; NII, operating profit and assets are ratio/base-growth estimates; not reported."
Kotak Mahindra Bank,Q1 FY2020,2019-06-30,2020,standalone,estimated_from_annual,2745.6,1887.6,1144.0,3.9,18.0,19.0,400000.0,,"Quarterly PAT distributed from annual anchor at Q1/Q2/Q3/Q4 = 22%/23%/26%/29%; NII, operating profit and assets are ratio/base-growth estimates; not reported."
HDFC Bank,Q2 FY2020,2019-09-30,2020,standalone,estimated_from_annual,23506.0,28543.0,6039.11,3.5,17.0,19.5,1200000.0,,"Quarterly PAT distributed from annual anchor at Q1/Q2/Q3/Q4 = 22%/23%/26%/29%; NII, operating profit and assets are ratio/base-growth estimates; not reported."
ICICI Bank,Q2 FY2020,2019-09-30,2020,standalone,estimated_from_annual,4104.29,2827.4,1824.13,4.3,16.0,17.0,1500000.0,,"Quarterly PAT distributed from annual anchor at Q1/Q2/Q3/Q4 = 22%/23%/26%/29%; NII, operating profit and assets are ratio/base-growth estimates; not reported."
SBI,Q2 FY2020,2019-09-30,2020,whole_bank,estimated_from_annual,7997.38,5331.58,3332.24,3.1,11.0,14.5,4000000.0,,"Quarterly PAT distributed from annual anchor at Q1/Q2/Q3/Q4 = 22%/23%/26%/29%; NII, operating profit and assets are ratio/base-growth estimates; not reported."
Axis Bank,Q2 FY2020,2019-09-30,2020,standalone,estimated_from_annual,2932.5,1955.0,1150.0,3.7,14.0,16.0,900000.0,,"Quarterly PAT distributed from annual anchor at Q1/Q2/Q3/Q4 = 22%/23%/26%/29%; NII, operating profit and assets are ratio/base-growth estimates; not reported."
Kotak Mahindra Bank,Q2 FY2020,2019-09-30,2020,standalone,estimated_from_annual,2870.4,1973.4,1196.0,3.9,18.0,19.0,400000.0,,"Quarterly PAT distributed from annual anchor at Q1/Q2/Q3/Q4 = 22%/23%/26%/29%; NII, operating profit and assets are ratio/base-growth estimates; not reported."
HDFC Bank,Q3 FY2020,2019-12-31,2020,standalone,estimated_from_annual,26572.0,32266.0,6826.82,3.5,17.0,19.5,1200000.0,,"Quarterly PAT distributed from annual anchor at Q1/Q2/Q3/Q4 = 22%/23%/26%/29%; NII, operating profit and assets are ratio/base-growth estimates; not reported."
ICICI Bank,Q3 FY2020,2019-12-31,2020,standalone,estimated_from_annual,4639.64,3196.19,2062.06,4.3,16.0,17.0,1500000.0,,"Quarterly PAT distributed from annual anchor at Q1/Q2/Q3/Q4 = 22%/23%/26%/29%; NII, operating profit and assets are ratio/base-growth estimates; not reported."
SBI,Q3 FY2020,2019-12-31,2020,whole_bank,estimated_from_annual,9040.51,6027.01,3766.88,3.1,11.0,14.5,4000000.0,,"Quarterly PAT distributed from annual anchor at Q1/Q2/Q3/Q4 = 22%/23%/26%/29%; NII, operating profit and assets are ratio/base-growth estimates; not reported."
Axis Bank,Q3 FY2020,2019-12-31,2020,standalone,estimated_from_annual,3315.0,2210.0,1300.0,3.7,14.0,16.0,900000.0,,"Quarterly PAT distributed from annual anchor at Q1/Q2/Q3/Q4 = 22%/23%/26%/29%; NII, operating profit and assets are ratio/base-growth estimates; not reported."
Kotak Mahindra Bank,Q3 FY2020,2019-12-31,2020,standalone,estimated_from_annual,3244.8,2230.8,1352.0,3.9,18.0,19.0,400000.0,,"Quarterly PAT distributed from annual anchor at Q1/Q2/Q3/Q4 = 22%/23%/26%/29%; NII, operating profit and assets are ratio/base-growth estimates; not reported."
HDFC Bank,Q4 FY2020,2020-03-31,2020,standalone,estimated_from_annual,29638.0,35989.0,7614.53,3.5,17.0,19.5,1200000.0,,"Quarterly PAT distributed from annual anchor at Q1/Q2/Q3/Q4 = 22%/23%/26%/29%; NII, operating profit and assets are ratio/base-growth estimates; not reported."
ICICI Bank,Q4 FY2020,2020-03-31,2020,standalone,estimated_from_annual,5174.98,3564.98,2299.99,4.3,16.0,17.0,1500000.0,,"Quarterly PAT distributed from annual anchor at Q1/Q2/Q3/Q4 = 22%/23%/26%/29%; NII, operating profit and assets are ratio/base-growth estimates; not reported."
SBI,Q4 FY2020,2020-03-31,2020,whole_bank,estimated_from_annual,10083.65,6722.43,4201.52,3.1,11.0,14.5,4000000.0,,"Quarterly PAT distributed from annual anchor at Q1/Q2/Q3/Q4 = 22%/23%/26%/29%; NII, operating profit and assets are ratio/base-growth estimates; not reported."
Axis Bank,Q4 FY2020,2020-03-31,2020,standalone,estimated_from_annual,3697.5,2465.0,1450.0,3.7,14.0,16.0,900000.0,,"Quarterly PAT distributed from annual anchor at Q1/Q2/Q3/Q4 = 22%/23%/26%/29%; NII, operating profit and assets are ratio/base-growth estimates; not reported."
Kotak Mahindra Bank,Q4 FY2020,2020-03-31,2020,standalone,estimated_from_annual,3619.2,2488.2,1508.0,3.9,18.0,19.0,400000.0,,"Quarterly PAT distributed from annual anchor at Q1/Q2/Q3/Q4 = 22%/23%/26%/29%; NII, operating profit and assets are ratio/base-growth estimates; not reported."
HDFC Bank,Q1 FY2021,2020-06-30,2021,standalone,estimated_from_annual,24006.29,29150.49,7008.54,3.5,17.0,19.5,1344000.0,,"Quarterly PAT distributed from annual anchor at Q1/Q2/Q3/Q4 = 22%/23%/26%/29%; NII, operating profit and assets are ratio/base-growth estimates; not reported."
ICICI Bank,Q1 FY2021,2020-06-30,2021,standalone,estimated_from_annual,6313.72,4349.45,2806.1,4.3,16.0,17.0,1650000.0,,"Quarterly PAT distributed from annual anchor at Q1/Q2/Q3/Q4 = 22%/23%/26%/29%; NII, operating profit and assets are ratio/base-growth estimates; not reported."
SBI,Q1 FY2021,2020-06-30,2021,whole_bank,estimated_from_annual,10776.48,7184.32,4490.2,3.1,11.0,14.5,4360000.0,,"Quarterly PAT distributed from annual anchor at Q1/Q2/Q3/Q4 = 22%/23%/26%/29%; NII, operating profit and assets are ratio/base-growth estimates; not reported."
Axis Bank,Q1 FY2021,2020-06-30,2021,standalone,estimated_from_annual,3085.5,2057.0,1210.0,3.7,14.0,16.0,999000.0,,"Quarterly PAT distributed from annual anchor at Q1/Q2/Q3/Q4 = 22%/23%/26%/29%; NII, operating profit and assets are ratio/base-growth estimates; not reported."
Kotak Mahindra Bank,Q1 FY2021,2020-06-30,2021,standalone,estimated_from_annual,2956.8,2032.8,1232.0,3.9,18.0,19.0,440000.0,,"Quarterly PAT distributed from annual anchor at Q1/Q2/Q3/Q4 = 22%/23%/26%/29%; NII, operating profit and assets are ratio/base-growth estimates; not reported."
HDFC Bank,Q2 FY2021,2020-09-30,2021,standalone,estimated_from_annual,25097.49,30475.52,7327.11,3.5,17.0,19.5,1344000.0,,"Quarterly PAT distributed from annual anchor at Q1/Q2/Q3/Q4 = 22%/23%/26%/29%; NII, operating profit and assets are ratio/base-growth estimates; not reported."
ICICI Bank,Q2 FY2021,2020-09-30,2021,standalone,estimated_from_annual,6600.71,4547.16,2933.65,4.3,16.0,17.0,1650000.0,,"Quarterly PAT distributed from annual anchor at Q1/Q2/Q3/Q4 = 22%/23%/26%/29%; NII, operating profit and assets are ratio/base-growth estimates; not reported."
SBI,Q2 FY2021,2020-09-30,2021,whole_bank,estimated_from_annual,11266.32,7510.88,4694.3,3.1,11.0,14.5,4360000.0,,"Quarterly PAT distributed from annual anchor at Q1/Q2/Q3/Q4 = 22%/23%/26%/29%; NII, operating profit and assets are ratio/base-growth estimates; not reported."
Axis Bank,Q2 FY2021,2020-09-30,2021,standalone,estimated_from_annual,3225.75,2150.5,1265.0,3.7,14.0,16.0,999000.0,,"Quarterly PAT distributed from annual anchor at Q1/Q2/Q3/Q4 = 22%/23%/26%/29%; NII, operating profit and assets are ratio/base-growth estimates; not reported."
Kotak Mahindra Bank,Q2 FY2021,2020-09-30,2021,standalone,estimated_from_annual,3091.2,2125.2,1288.0,3.9,18.0,19.0,440000.0,,"Quarterly PAT distributed from annual anchor at Q1/Q2/Q3/Q4 = 22%/23%/26%/29%; NII, operating profit and assets are ratio/base-growth estimates; not reported."
HDFC Bank,Q3 FY2021,2020-12-31,2021,standalone,estimated_from_annual,28371.07,34450.58,8282.82,3.5,17.0,19.5,1344000.0,,"Quarterly PAT distributed from annual anchor at Q1/Q2/Q3/Q4 = 22%/23%/26%/29%; NII, operating profit and assets are ratio/base-growth estimates; not reported."
ICICI Bank,Q3 FY2021,2020-12-31,2021,standalone,estimated_from_annual,7461.68,5140.27,3316.3,4.3,16.0,17.0,1650000.0,,"Quarterly PAT distributed from annual anchor at Q1/Q2/Q3/Q4 = 22%/23%/26%/29%; NII, operating profit and assets are ratio/base-growth estimates; not reported."
SBI,Q3 FY2021,2020-12-31,2021,whole_bank,estimated_from_annual,12735.84,8490.56,5306.6,3.1,11.0,14.5,4360000.0,,"Quarterly PAT distributed from annual anchor at Q1/Q2/Q3/Q4 = 22%/23%/26%/29%; NII, operating profit and assets are ratio/base-growth estimates; not reported."
Axis Bank,Q3 FY2021,2020-12-31,2021,standalone,estimated_from_annual,3646.5,2431.0,1430.0,3.7,14.0,16.0,999000.0,,"Quarterly PAT distributed from annual anchor at Q1/Q2/Q3/Q4 = 22%/23%/26%/29%; NII, operating profit and assets are ratio/base-growth estimates; not reported."
Kotak Mahindra Bank,Q3 FY2021,2020-12-31,2021,standalone,estimated_from_annual,3494.4,2402.4,1456.0,3.9,18.0,19.0,440000.0,,"Quarterly PAT distributed from annual anchor at Q1/Q2/Q3/Q4 = 22%/23%/26%/29%; NII, operating profit and assets are ratio/base-growth estimates; not reported."
HDFC Bank,Q4 FY2021,2021-03-31,2021,standalone,estimated_from_annual,31644.65,38425.65,9238.53,3.5,17.0,19.5,1344000.0,,"Quarterly PAT distributed from annual anchor at Q1/Q2/Q3/Q4 = 22%/23%/26%/29%; NII, operating profit and assets are ratio/base-growth estimates; not reported."
ICICI Bank,Q4 FY2021,2021-03-31,2021,standalone,estimated_from_annual,8322.64,5733.37,3698.95,4.3,16.0,17.0,1650000.0,,"Quarterly PAT distributed from annual anchor at Q1/Q2/Q3/Q4 = 22%/23%/26%/29%; NII, operating profit and assets are ratio/base-growth estimates; not reported."
SBI,Q4 FY2021,2021-03-31,2021,whole_bank,estimated_from_annual,14205.36,9470.24,5918.9,3.1,11.0,14.5,4360000.0,,"Quarterly PAT distributed from annual anchor at Q1/Q2/Q3/Q4 = 22%/23%/26%/29%; NII, operating profit and assets are ratio/base-growth estimates; not reported."
Axis Bank,Q4 FY2021,2021-03-31,2021,standalone,estimated_from_annual,4067.25,2711.5,1595.0,3.7,14.0,16.0,999000.0,,"Quarterly PAT distributed from annual anchor at Q1/Q2/Q3/Q4 = 22%/23%/26%/29%; NII, operating profit and assets are ratio/base-growth estimates; not reported."
Kotak Mahindra Bank,Q4 FY2021,2021-03-31,2021,standalone,estimated_from_annual,3897.6,2679.6,1624.0,3.9,18.0,19.0,440000.0,,"Quarterly PAT distributed from annual anchor at Q1/Q2/Q3/Q4 = 22%/23%/26%/29%; NII, operating profit and assets are ratio/base-growth estimates; not reported."
HDFC Bank,Q1 FY2022,2021-06-30,2022,standalone,estimated_from_annual,25825.03,31358.97,8393.22,3.5,17.0,19.5,1505280.0,,"Quarterly PAT distributed from annual anchor at Q1/Q2/Q3/Q4 = 22%/23%/26%/29%; NII, operating profit and assets are ratio/base-growth estimates; not reported."
ICICI Bank,Q1 FY2022,2021-06-30,2022,standalone,estimated_from_annual,8015.53,5521.81,3562.46,4.3,16.0,17.0,1815000.0,,"Quarterly PAT distributed from annual anchor at Q1/Q2/Q3/Q4 = 22%/23%/26%/29%; NII, operating profit and assets are ratio/base-growth estimates; not reported."
SBI,Q1 FY2022,2021-06-30,2022,whole_bank,estimated_from_annual,16724.93,11149.95,6968.72,3.1,11.0,14.5,4752400.0,,"Quarterly PAT distributed from annual anchor at Q1/Q2/Q3/Q4 = 22%/23%/26%/29%; NII, operating profit and assets are ratio/base-growth estimates; not reported."
Axis Bank,Q1 FY2022,2021-06-30,2022,standalone,estimated_from_annual,3366.0,2244.0,1320.0,3.7,14.0,16.0,1108890.0,,"Quarterly PAT distributed from annual anchor at Q1/Q2/Q3/Q4 = 22%/23%/26%/29%; NII, operating profit and assets are ratio/base-growth estimates; not reported."
Kotak Mahindra Bank,Q1 FY2022,2021-06-30,2022,standalone,estimated_from_annual,3273.6,2250.6,1364.0,3.9,18.0,19.0,484000.0,,"Quarterly PAT distributed from annual anchor at Q1/Q2/Q3/Q4 = 22%/23%/26%/29%; NII, operating profit and assets are ratio/base-growth estimates; not reported."
HDFC Bank,Q2 FY2022,2021-09-30,2022,standalone,estimated_from_annual,26998.89,32784.37,8774.73,3.5,17.0,19.5,1505280.0,,"Quarterly PAT distributed from annual anchor at Q1/Q2/Q3/Q4 = 22%/23%/26%/29%; NII, operating profit and assets are ratio/base-growth estimates; not reported."
ICICI Bank,Q2 FY2022,2021-09-30,2022,standalone,estimated_from_annual,8379.88,5772.8,3724.39,4.3,16.0,17.0,1815000.0,,"Quarterly PAT distributed from annual anchor at Q1/Q2/Q3/Q4 = 22%/23%/26%/29%; NII, operating profit and assets are ratio/base-growth estimates; not reported."
SBI,Q2 FY2022,2021-09-30,2022,whole_bank,estimated_from_annual,17485.15,11656.77,7285.48,3.1,11.0,14.5,4752400.0,,"Quarterly PAT distributed from annual anchor at Q1/Q2/Q3/Q4 = 22%/23%/26%/29%; NII, operating profit and assets are ratio/base-growth estimates; not reported."
Axis Bank,Q2 FY2022,2021-09-30,2022,standalone,estimated_from_annual,3519.0,2346.0,1380.0,3.7,14.0,16.0,1108890.0,,"Quarterly PAT distributed from annual anchor at Q1/Q2/Q3/Q4 = 22%/23%/26%/29%; NII, operating profit and assets are ratio/base-growth estimates; not reported."
Kotak Mahindra Bank,Q2 FY2022,2021-09-30,2022,standalone,estimated_from_annual,3422.4,2352.9,1426.0,3.9,18.0,19.0,484000.0,,"Quarterly PAT distributed from annual anchor at Q1/Q2/Q3/Q4 = 22%/23%/26%/29%; NII, operating profit and assets are ratio/base-growth estimates; not reported."
HDFC Bank,Q3 FY2022,2021-12-31,2022,standalone,estimated_from_annual,30520.49,37060.6,9919.26,3.5,17.0,19.5,1505280.0,,"Quarterly PAT distributed from annual anchor at Q1/Q2/Q3/Q4 = 22%/23%/26%/29%; NII, operating profit and assets are ratio/base-growth estimates; not reported."
ICICI Bank,Q3 FY2022,2021-12-31,2022,standalone,estimated_from_annual,9472.91,6525.78,4210.18,4.3,16.0,17.0,1815000.0,,"Quarterly PAT distributed from annual anchor at Q1/Q2/Q3/Q4 = 22%/23%/26%/29%; NII, operating profit and assets are ratio/base-growth estimates; not reported."
SBI,Q3 FY2022,2021-12-31,2022,whole_bank,estimated_from_annual,19765.82,13177.22,8235.76,3.1,11.0,14.5,4752400.0,,"Quarterly PAT distributed from annual anchor at Q1/Q2/Q3/Q4 = 22%/23%/26%/29%; NII, operating profit and assets are ratio/base-growth estimates; not reported."
Axis Bank,Q3 FY2022,2021-12-31,2022,standalone,estimated_from_annual,3978.0,2652.0,1560.0,3.7,14.0,16.0,1108890.0,,"Quarterly PAT distributed from annual anchor at Q1/Q2/Q3/Q4 = 22%/23%/26%/29%; NII, operating profit and assets are ratio/base-growth estimates; not reported."
Kotak Mahindra Bank,Q3 FY2022,2021-12-31,2022,standalone,estimated_from_annual,3868.8,2659.8,1612.0,3.9,18.0,19.0,484000.0,,"Quarterly PAT distributed from annual anchor at Q1/Q2/Q3/Q4 = 22%/23%/26%/29%; NII, operating profit and assets are ratio/base-growth estimates; not reported."
HDFC Bank,Q4 FY2022,2022-03-31,2022,standalone,estimated_from_annual,34042.08,41336.82,11063.79,3.5,17.0,19.5,1505280.0,,"Quarterly PAT distributed from annual anchor at Q1/Q2/Q3/Q4 = 22%/23%/26%/29%; NII, operating profit and assets are ratio/base-growth estimates; not reported."
ICICI Bank,Q4 FY2022,2022-03-31,2022,standalone,estimated_from_annual,10565.93,7278.75,4695.97,4.3,16.0,17.0,1815000.0,,"Quarterly PAT distributed from annual anchor at Q1/Q2/Q3/Q4 = 22%/23%/26%/29%; NII, operating profit and assets are ratio/base-growth estimates; not reported."
SBI,Q4 FY2022,2022-03-31,2022,whole_bank,estimated_from_annual,22046.5,14697.66,9186.04,3.1,11.0,14.5,4752400.0,,"Quarterly PAT distributed from annual anchor at Q1/Q2/Q3/Q4 = 22%/23%/26%/29%; NII, operating profit and assets are ratio/base-growth estimates; not reported."
Axis Bank,Q4 FY2022,2022-03-31,2022,standalone,estimated_from_annual,4437.0,2958.0,1740.0,3.7,14.0,16.0,1108890.0,,"Quarterly PAT distributed from annual anchor at Q1/Q2/Q3/Q4 = 22%/23%/26%/29%; NII, operating profit and assets are ratio/base-growth estimates; not reported."
Kotak Mahindra Bank,Q4 FY2022,2022-03-31,2022,standalone,estimated_from_annual,4315.2,2966.7,1798.0,3.9,18.0,19.0,484000.0,,"Quarterly PAT distributed from annual anchor at Q1/Q2/Q3/Q4 = 22%/23%/26%/29%; NII, operating profit and assets are ratio/base-growth estimates; not reported."
HDFC Bank,Q1 FY2023,2022-06-30,2023,standalone,estimated_from_annual,31518.56,38272.54,10152.78,3.5,17.0,19.5,1685913.6,,"Quarterly PAT distributed from annual anchor at Q1/Q2/Q3/Q4 = 22%/23%/26%/29%; NII, operating profit and assets are ratio/base-growth estimates; not reported."
ICICI Bank,Q1 FY2023,2022-06-30,2023,standalone,estimated_from_annual,11552.81,7958.6,5134.58,4.3,16.0,17.0,1996500.0,,"Quarterly PAT distributed from annual anchor at Q1/Q2/Q3/Q4 = 22%/23%/26%/29%; NII, operating profit and assets are ratio/base-growth estimates; not reported."
SBI,Q1 FY2023,2022-06-30,2023,whole_bank,estimated_from_annual,26522.5,17681.66,11051.04,3.1,11.0,14.5,5180116.0,,"Quarterly PAT distributed from annual anchor at Q1/Q2/Q3/Q4 = 22%/23%/26%/29%; NII, operating profit and assets are ratio/base-growth estimates; not reported."
Axis Bank,Q1 FY2023,2022-06-30,2023,standalone,estimated_from_annual,4207.5,2805.0,1650.0,3.7,14.0,16.0,1230867.9,,"Quarterly PAT distributed from annual anchor at Q1/Q2/Q3/Q4 = 22%/23%/26%/29%; NII, operating profit and assets are ratio/base-growth estimates; not reported."
Kotak Mahindra Bank,Q1 FY2023,2022-06-30,2023,standalone,estimated_from_annual,3801.6,2613.6,1584.0,3.9,18.0,19.0,532400.0,,"Quarterly PAT distributed from annual anchor at Q1/Q2/Q3/Q4 = 22%/23%/26%/29%; NII, operating profit and assets are ratio/base-growth estimates; not reported."
HDFC Bank,Q2 FY2023,2022-09-30,2023,standalone,estimated_from_annual,32951.23,40012.2,10614.27,3.5,17.0,19.5,1685913.6,,"Quarterly PAT distributed from annual anchor at Q1/Q2/Q3/Q4 = 22%/23%/26%/29%; NII, operating profit and assets are ratio/base-growth estimates; not reported."
ICICI Bank,Q2 FY2023,2022-09-30,2023,standalone,estimated_from_annual,12077.93,8320.35,5367.97,4.3,16.0,17.0,1996500.0,,"Quarterly PAT distributed from annual anchor at Q1/Q2/Q3/Q4 = 22%/23%/26%/29%; NII, operating profit and assets are ratio/base-growth estimates; not reported."
SBI,Q2 FY2023,2022-09-30,2023,whole_bank,estimated_from_annual,27728.06,18485.38,11553.36,3.1,11.0,14.5,5180116.0,,"Quarterly PAT distributed from annual anchor at Q1/Q2/Q3/Q4 = 22%/23%/26%/29%; NII, operating profit and assets are ratio/base-growth estimates; not reported."
Axis Bank,Q2 FY2023,2022-09-30,2023,standalone,estimated_from_annual,4398.75,2932.5,1725.0,3.7,14.0,16.0,1230867.9,,"Quarterly PAT distributed from annual anchor at Q1/Q2/Q3/Q4 = 22%/23%/26%/29%; NII, operating profit and assets are ratio/base-growth estimates; not reported."
Kotak Mahindra Bank,Q2 FY2023,2022-09-30,2023,standalone,estimated_from_annual,3974.4,2732.4,1656.0,3.9,18.0,19.0,532400.0,,"Quarterly PAT distributed from annual anchor at Q1/Q2/Q3/Q4 = 22%/23%/26%/29%; NII, operating profit and assets are ratio/base-growth estimates; not reported."
HDFC Bank,Q3 FY2023,2022-12-31,2023,standalone,estimated_from_annual,37249.21,45231.19,11998.74,3.5,17.0,19.5,1685913.6,,"Quarterly PAT distributed from annual anchor at Q1/Q2/Q3/Q4 = 22%/23%/26%/29%; NII, operating profit and assets are ratio/base-growth estimates; not reported."
ICICI Bank,Q3 FY2023,2022-12-31,2023,standalone,estimated_from_annual,13653.32,9405.62,6068.14,4.3,16.0,17.0,1996500.0,,"Quarterly PAT distributed from annual anchor at Q1/Q2/Q3/Q4 = 22%/23%/26%/29%; NII, operating profit and assets are ratio/base-growth estimates; not reported."
SBI,Q3 FY2023,2022-12-31,2023,whole_bank,estimated_from_annual,31344.77,20896.51,13060.32,3.1,11.0,14.5,5180116.0,,"Quarterly PAT distributed from annual anchor at Q1/Q2/Q3/Q4 = 22%/23%/26%/29%; NII, operating profit and assets are ratio/base-growth estimates; not reported."
Axis Bank,Q3 FY2023,2022-12-31,2023,standalone,estimated_from_annual,4972.5,3315.0,1950.0,3.7,14.0,16.0,1230867.9,,"Quarterly PAT distributed from annual anchor at Q1/Q2/Q3/Q4 = 22%/23%/26%/29%; NII, operating profit and assets are ratio/base-growth estimates; not reported."
Kotak Mahindra Bank,Q3 FY2023,2022-12-31,2023,standalone,estimated_from_annual,4492.8,3088.8,1872.0,3.9,18.0,19.0,532400.0,,"Quarterly PAT distributed from annual anchor at Q1/Q2/Q3/Q4 = 22%/23%/26%/29%; NII, operating profit and assets are ratio/base-growth estimates; not reported."
HDFC Bank,Q4 FY2023,2023-03-31,2023,standalone,estimated_from_annual,41547.2,50450.17,13383.21,3.5,17.0,19.5,1685913.6,,"Quarterly PAT distributed from annual anchor at Q1/Q2/Q3/Q4 = 22%/23%/26%/29%; NII, operating profit and assets are ratio/base-growth estimates; not reported."
ICICI Bank,Q4 FY2023,2023-03-31,2023,standalone,estimated_from_annual,15228.7,10490.88,6768.31,4.3,16.0,17.0,1996500.0,,"Quarterly PAT distributed from annual anchor at Q1/Q2/Q3/Q4 = 22%/23%/26%/29%; NII, operating profit and assets are ratio/base-growth estimates; not reported."
SBI,Q4 FY2023,2023-03-31,2023,whole_bank,estimated_from_annual,34961.47,23307.65,14567.28,3.1,11.0,14.5,5180116.0,,"Quarterly PAT distributed from annual anchor at Q1/Q2/Q3/Q4 = 22%/23%/26%/29%; NII, operating profit and assets are ratio/base-growth estimates; not reported."
Axis Bank,Q4 FY2023,2023-03-31,2023,standalone,estimated_from_annual,5546.25,3697.5,2175.0,3.7,14.0,16.0,1230867.9,,"Quarterly PAT distributed from annual anchor at Q1/Q2/Q3/Q4 = 22%/23%/26%/29%; NII, operating profit and assets are ratio/base-growth estimates; not reported."
Kotak Mahindra Bank,Q4 FY2023,2023-03-31,2023,standalone,estimated_from_annual,5011.2,3445.2,2088.0,3.9,18.0,19.0,532400.0,,"Quarterly PAT distributed from annual anchor at Q1/Q2/Q3/Q4 = 22%/23%/26%/29%; NII, operating profit and assets are ratio/base-growth estimates; not reported."
HDFC Bank,Q1 FY2024,2023-06-30,2024,standalone,estimated_from_annual,62831.23,76295.07,14398.34,3.5,17.0,19.5,1888223.23,,"Quarterly PAT distributed from annual anchor at Q1/Q2/Q3/Q4 = 22%/23%/26%/29%; NII, operating profit and assets are ratio/base-growth estimates; not reported."
ICICI Bank,Q1 FY2024,2023-06-30,2024,standalone,estimated_from_annual,20239.56,13942.81,8995.36,4.3,16.0,17.0,2196150.0,,"Quarterly PAT distributed from annual anchor at Q1/Q2/Q3/Q4 = 22%/23%/26%/29%; NII, operating profit and assets are ratio/base-growth estimates; not reported."
SBI,Q1 FY2024,2023-06-30,2024,whole_bank,estimated_from_annual,32248.66,21499.1,13436.94,3.1,11.0,14.5,5646326.44,,"Quarterly PAT distributed from annual anchor at Q1/Q2/Q3/Q4 = 22%/23%/26%/29%; NII, operating profit and assets are ratio/base-growth estimates; not reported."
Axis Bank,Q1 FY2024,2023-06-30,2024,standalone,estimated_from_annual,5049.0,3366.0,1980.0,3.7,14.0,16.0,1366263.37,,"Quarterly PAT distributed from annual anchor at Q1/Q2/Q3/Q4 = 22%/23%/26%/29%; NII, operating profit and assets are ratio/base-growth estimates; not reported."
Kotak Mahindra Bank,Q1 FY2024,2023-06-30,2024,standalone,estimated_from_annual,4329.6,2976.6,1804.0,3.9,18.0,19.0,585640.0,,"Quarterly PAT distributed from annual anchor at Q1/Q2/Q3/Q4 = 22%/23%/26%/29%; NII, operating profit and assets are ratio/base-growth estimates; not reported."
HDFC Bank,Q2 FY2024,2023-09-30,2024,standalone,estimated_from_annual,65687.2,79763.02,15052.81,3.5,17.0,19.5,1888223.23,,"Quarterly PAT distributed from annual anchor at Q1/Q2/Q3/Q4 = 22%/23%/26%/29%; NII, operating profit and assets are ratio/base-growth estimates; not reported."
ICICI Bank,Q2 FY2024,2023-09-30,2024,standalone,estimated_from_annual,21159.54,14576.57,9404.24,4.3,16.0,17.0,2196150.0,,"Quarterly PAT distributed from annual anchor at Q1/Q2/Q3/Q4 = 22%/23%/26%/29%; NII, operating profit and assets are ratio/base-growth estimates; not reported."
SBI,Q2 FY2024,2023-09-30,2024,whole_bank,estimated_from_annual,33714.5,22476.34,14047.71,3.1,11.0,14.5,5646326.44,,"Quarterly PAT distributed from annual anchor at Q1/Q2/Q3/Q4 = 22%/23%/26%/29%; NII, operating profit and assets are ratio/base-growth estimates; not reported."
Axis Bank,Q2 FY2024,2023-09-30,2024,standalone,estimated_from_annual,5278.5,3519.0,2070.0,3.7,14.0,16.0,1366263.37,,"Quarterly PAT distributed from annual anchor at Q1/Q2/Q3/Q4 = 22%/23%/26%/29%; NII, operating profit and assets are ratio/base-growth estimates; not reported."
Kotak Mahindra Bank,Q2 FY2024,2023-09-30,2024,standalone,estimated_from_annual,4526.4,3111.9,1886.0,3.9,18.0,19.0,585640.0,,"Quarterly PAT distributed from annual anchor at Q1/Q2/Q3/Q4 = 22%/23%/26%/29%; NII, operating profit and assets are ratio/base-growth estimates; not reported."
HDFC Bank,Q3 FY2024,2023-12-31,2024,standalone,estimated_from_annual,74255.09,90166.9,17016.22,3.5,17.0,19.5,1888223.23,,"Quarterly PAT distributed from annual anchor at Q1/Q2/Q3/Q4 = 22%/23%/26%/29%; NII, operating profit and assets are ratio/base-growth estimates; not reported."
ICICI Bank,Q3 FY2024,2023-12-31,2024,standalone,estimated_from_annual,23919.48,16477.86,10630.88,4.3,16.0,17.0,2196150.0,,"Quarterly PAT distributed from annual anchor at Q1/Q2/Q3/Q4 = 22%/23%/26%/29%; NII, operating profit and assets are ratio/base-growth estimates; not reported."
SBI,Q3 FY2024,2023-12-31,2024,whole_bank,estimated_from_annual,38112.05,25408.03,15880.02,3.1,11.0,14.5,5646326.44,,"Quarterly PAT distributed from annual anchor at Q1/Q2/Q3/Q4 = 22%/23%/26%/29%; NII, operating profit and assets are ratio/base-growth estimates; not reported."
Axis Bank,Q3 FY2024,2023-12-31,2024,standalone,estimated_from_annual,5967.0,3978.0,2340.0,3.7,14.0,16.0,1366263.37,,"Quarterly PAT distributed from annual anchor at Q1/Q2/Q3/Q4 = 22%/23%/26%/29%; NII, operating profit and assets are ratio/base-growth estimates; not reported."
Kotak Mahindra Bank,Q3 FY2024,2023-12-31,2024,standalone,estimated_from_annual,5116.8,3517.8,2132.0,3.9,18.0,19.0,585640.0,,"Quarterly PAT distributed from annual anchor at Q1/Q2/Q3/Q4 = 22%/23%/26%/29%; NII, operating profit and assets are ratio/base-growth estimates; not reported."
HDFC Bank,Q4 FY2024,2024-03-31,2024,standalone,estimated_from_annual,82822.99,100570.77,18979.63,3.5,17.0,19.5,1888223.23,,"Quarterly PAT distributed from annual anchor at Q1/Q2/Q3/Q4 = 22%/23%/26%/29%; NII, operating profit and assets are ratio/base-growth estimates; not reported."
ICICI Bank,Q4 FY2024,2024-03-31,2024,standalone,estimated_from_annual,26679.42,18379.16,11857.52,4.3,16.0,17.0,2196150.0,,"Quarterly PAT distributed from annual anchor at Q1/Q2/Q3/Q4 = 22%/23%/26%/29%; NII, operating profit and assets are ratio/base-growth estimates; not reported."
SBI,Q4 FY2024,2024-03-31,2024,whole_bank,estimated_from_annual,42509.59,28339.73,17712.33,3.1,11.0,14.5,5646326.44,,"Quarterly PAT distributed from annual anchor at Q1/Q2/Q3/Q4 = 22%/23%/26%/29%; NII, operating profit and assets are ratio/base-growth estimates; not reported."
Axis Bank,Q4 FY2024,2024-03-31,2024,standalone,estimated_from_annual,6655.5,4437.0,2610.0,3.7,14.0,16.0,1366263.37,,"Quarterly PAT distributed from annual anchor at Q1/Q2/Q3/Q4 = 22%/23%/26%/29%; NII, operating profit and assets are ratio/base-growth estimates; not reported."
Kotak Mahindra Bank,Q4 FY2024,2024-03-31,2024,standalone,estimated_from_annual,5707.2,3923.7,2378.0,3.9,18.0,19.0,585640.0,,"Quarterly PAT distributed from annual anchor at Q1/Q2/Q3/Q4 = 22%/23%/26%/29%; NII, operating profit and assets are ratio/base-growth estimates; not reported."
HDFC Bank,Q1 FY2025,2024-06-30,2025,standalone,estimated_from_annual,72521.06,88061.29,16156.8,3.5,17.0,19.5,2114810.02,,"Quarterly PAT distributed from annual anchor at Q1/Q2/Q3/Q4 = 22%/23%/26%/29%; NII, operating profit and assets are ratio/base-growth estimates; not reported."
ICICI Bank,Q1 FY2025,2024-06-30,2025,standalone,estimated_from_annual,23377.37,16104.41,10389.94,4.3,16.0,17.0,2415765.0,,"Quarterly PAT distributed from annual anchor at Q1/Q2/Q3/Q4 = 22%/23%/26%/29%; NII, operating profit and assets are ratio/base-growth estimates; not reported."
SBI,Q1 FY2025,2024-06-30,2025,whole_bank,estimated_from_annual,37435.73,24957.15,15598.22,3.1,11.0,14.5,6154495.82,,"Quarterly PAT distributed from annual anchor at Q1/Q2/Q3/Q4 = 22%/23%/26%/29%; NII, operating profit and assets are ratio/base-growth estimates; not reported."
Axis Bank,Q1 FY2025,2024-06-30,2025,standalone,estimated_from_annual,5890.5,3927.0,2310.0,3.7,14.0,16.0,1516552.34,,"Quarterly PAT distributed from annual anchor at Q1/Q2/Q3/Q4 = 22%/23%/26%/29%; NII, operating profit and assets are ratio/base-growth estimates; not reported."
Kotak Mahindra Bank,Q1 FY2025,2024-06-30,2025,standalone,estimated_from_annual,4752.0,3267.0,1980.0,3.9,18.0,19.0,644204.0,,"Quarterly PAT distributed from annual anchor at Q1/Q2/Q3/Q4 = 22%/23%/26%/29%; NII, operating profit and assets are ratio/base-growth estimates; not reported."
HDFC Bank,Q2 FY2025,2024-09-30,2025,standalone,estimated_from_annual,75817.48,92064.08,16891.2,3.5,17.0,19.5,2114810.02,,"Quarterly PAT distributed from annual anchor at Q1/Q2/Q3/Q4 = 22%/23%/26%/29%; NII, operating profit and assets are ratio/base-growth estimates; not reported."
ICICI Bank,Q2 FY2025,2024-09-30,2025,standalone,estimated_from_annual,24439.97,16836.43,10862.21,4.3,16.0,17.0,2415765.0,,"Quarterly PAT distributed from annual anchor at Q1/Q2/Q3/Q4 = 22%/23%/26%/29%; NII, operating profit and assets are ratio/base-growth estimates; not reported."
SBI,Q2 FY2025,2024-09-30,2025,whole_bank,estimated_from_annual,39137.35,26091.57,16307.23,3.1,11.0,14.5,6154495.82,,"Quarterly PAT distributed from annual anchor at Q1/Q2/Q3/Q4 = 22%/23%/26%/29%; NII, operating profit and assets are ratio/base-growth estimates; not reported."
Axis Bank,Q2 FY2025,2024-09-30,2025,standalone,estimated_from_annual,6158.25,4105.5,2415.0,3.7,14.0,16.0,1516552.34,,"Quarterly PAT distributed from annual anchor at Q1/Q2/Q3/Q4 = 22%/23%/26%/29%; NII, operating profit and assets are ratio/base-growth estimates; not reported."
Kotak Mahindra Bank,Q2 FY2025,2024-09-30,2025,standalone,estimated_from_annual,4968.0,3415.5,2070.0,3.9,18.0,19.0,644204.0,,"Quarterly PAT distributed from annual anchor at Q1/Q2/Q3/Q4 = 22%/23%/26%/29%; NII, operating profit and assets are ratio/base-growth estimates; not reported."
HDFC Bank,Q3 FY2025,2024-12-31,2025,standalone,estimated_from_annual,85706.71,104072.44,19094.4,3.5,17.0,19.5,2114810.02,,"Quarterly PAT distributed from annual anchor at Q1/Q2/Q3/Q4 = 22%/23%/26%/29%; NII, operating profit and assets are ratio/base-growth estimates; not reported."
ICICI Bank,Q3 FY2025,2024-12-31,2025,standalone,estimated_from_annual,27627.8,19032.48,12279.02,4.3,16.0,17.0,2415765.0,,"Quarterly PAT distributed from annual anchor at Q1/Q2/Q3/Q4 = 22%/23%/26%/29%; NII, operating profit and assets are ratio/base-growth estimates; not reported."
SBI,Q3 FY2025,2024-12-31,2025,whole_bank,estimated_from_annual,44242.22,29494.82,18434.26,3.1,11.0,14.5,6154495.82,,"Quarterly PAT distributed from annual anchor at Q1/Q2/Q3/Q4 = 22%/23%/26%/29%; NII, operating profit and assets are ratio/base-growth estimates; not reported."
Axis Bank,Q3 FY2025,2024-12-31,2025,standalone,estimated_from_annual,6961.5,4641.0,2730.0,3.7,14.0,16.0,1516552.34,,"Quarterly PAT distributed from annual anchor at Q1/Q2/Q3/Q4 = 22%/23%/26%/29%; NII, operating profit and assets are ratio/base-growth estimates; not reported."
Kotak Mahindra Bank,Q3 FY2025,2024-12-31,2025,standalone,estimated_from_annual,5616.0,3861.0,2340.0,3.9,18.0,19.0,644204.0,,"Quarterly PAT distributed from annual anchor at Q1/Q2/Q3/Q4 = 22%/23%/26%/29%; NII, operating profit and assets are ratio/base-growth estimates; not reported."
HDFC Bank,Q4 FY2025,2025-03-31,2025,standalone,estimated_from_annual,95595.95,116080.79,21297.6,3.5,17.0,19.5,2114810.02,,"Quarterly PAT distributed from annual anchor at Q1/Q2/Q3/Q4 = 22%/23%/26%/29%; NII, operating profit and assets are ratio/base-growth estimates; not reported."
ICICI Bank,Q4 FY2025,2025-03-31,2025,standalone,estimated_from_annual,30815.62,21228.54,13695.83,4.3,16.0,17.0,2415765.0,,"Quarterly PAT distributed from annual anchor at Q1/Q2/Q3/Q4 = 22%/23%/26%/29%; NII, operating profit and assets are ratio/base-growth estimates; not reported."
SBI,Q4 FY2025,2025-03-31,2025,whole_bank,estimated_from_annual,49347.1,32898.06,20561.29,3.1,11.0,14.5,6154495.82,,"Quarterly PAT distributed from annual anchor at Q1/Q2/Q3/Q4 = 22%/23%/26%/29%; NII, operating profit and assets are ratio/base-growth estimates; not reported."
Axis Bank,Q4 FY2025,2025-03-31,2025,standalone,estimated_from_annual,7764.75,5176.5,3045.0,3.7,14.0,16.0,1516552.34,,"Quarterly PAT distributed from annual anchor at Q1/Q2/Q3/Q4 = 22%/23%/26%/29%; NII, operating profit and assets are ratio/base-growth estimates; not reported."
Kotak Mahindra Bank,Q4 FY2025,2025-03-31,2025,standalone,estimated_from_annual,6264.0,4306.5,2610.0,3.9,18.0,19.0,644204.0,,"Quarterly PAT distributed from annual anchor at Q1/Q2/Q3/Q4 = 22%/23%/26%/29%; NII, operating profit and assets are ratio/base-growth estimates; not reported."
HDFC Bank,Q1 FY2026,2025-06-30,2026,standalone,reported_partial,50050.0,30030.0,18200.0,3.35,17.4,20.0,2368587.22,https://www.hdfc.bank.in/content/dam/hdfcbankpws/in/en/pdf/financial-results/2025-2026/quarter-1/q1fy26-earnings-presentation.pdf,Partial official Q1 FY26 values; remaining populated fields are estimates.
ICICI Bank,Q1 FY2026,2025-06-30,2026,standalone,reported_partial,21635.0,19790.4,12768.0,4.34,16.0,17.0,2657341.5,https://www.icici.bank.in/about-us/news-room/2025/performance-review-quarter-ended-june-30-2025,Partial official Q1 FY26 values; remaining populated fields are estimates.
SBI,Q1 FY2026,2025-06-30,2026,whole_bank,reported_partial,45984.0,30656.0,19160.0,3.1,11.0,14.5,6708400.44,https://sbi.bank.in/documents/17836/53469043/SBI+Press+Release+Q1FY26.pdf/85e94c11-4ba0-58f4-b634-e9e2d7468d7d?t=1754640673989,Partial official Q1 FY26 values; remaining populated fields are estimates.
Axis Bank,Q1 FY2026,2025-06-30,2026,standalone,estimated_from_annual,15096.0,10064.0,5920.0,3.7,14.0,16.0,1683373.1,,"Quarterly PAT distributed from annual anchor at Q1/Q2/Q3/Q4 = 22%/23%/26%/29%; NII, operating profit and assets are ratio/base-growth estimates; not reported."
Kotak Mahindra Bank,Q1 FY2026,2025-06-30,2026,standalone,estimated_from_annual,12240.0,8415.0,5100.0,3.9,18.0,19.0,708624.4,,"Quarterly PAT distributed from annual anchor at Q1/Q2/Q3/Q4 = 22%/23%/26%/29%; NII, operating profit and assets are ratio/base-growth estimates; not reported."
