state_ut,survey_year,sector,average_monthly_per_capita_consumption_expenditure_inr,measure,income_quality_tier,source,notes
Andhra Pradesh,2023-24,Urban,7182,"Average MPCE; consumption expenditure, not household income",C_urban_state_proxy,MoSPI HCES 2023-24 Statement 7,Use only as an urban state/UT consumption proxy; do not label as city household income.
Arunachal Pradesh,2023-24,Urban,9832,"Average MPCE; consumption expenditure, not household income",C_urban_state_proxy,MoSPI HCES 2023-24 Statement 7,Use only as an urban state/UT consumption proxy; do not label as city household income.
Assam,2023-24,Urban,6794,"Average MPCE; consumption expenditure, not household income",C_urban_state_proxy,MoSPI HCES 2023-24 Statement 7,Use only as an urban state/UT consumption proxy; do not label as city household income.
Bihar,2023-24,Urban,5080,"Average MPCE; consumption expenditure, not household income",C_urban_state_proxy,MoSPI HCES 2023-24 Statement 7,Use only as an urban state/UT consumption proxy; do not label as city household income.
Chhattisgarh,2023-24,Urban,4927,"Average MPCE; consumption expenditure, not household income",C_urban_state_proxy,MoSPI HCES 2023-24 Statement 7,Use only as an urban state/UT consumption proxy; do not label as city household income.
Delhi,2023-24,Urban,8534,"Average MPCE; consumption expenditure, not household income",C_urban_state_proxy,MoSPI HCES 2023-24 Statement 7,Use only as an urban state/UT consumption proxy; do not label as city household income.
Goa,2023-24,Urban,9726,"Average MPCE; consumption expenditure, not household income",C_urban_state_proxy,MoSPI HCES 2023-24 Statement 7,Use only as an urban state/UT consumption proxy; do not label as city household income.
Gujarat,2023-24,Urban,7175,"Average MPCE; consumption expenditure, not household income",C_urban_state_proxy,MoSPI HCES 2023-24 Statement 7,Use only as an urban state/UT consumption proxy; do not label as city household income.
Haryana,2023-24,Urban,8428,"Average MPCE; consumption expenditure, not household income",C_urban_state_proxy,MoSPI HCES 2023-24 Statement 7,Use only as an urban state/UT consumption proxy; do not label as city household income.
Himachal Pradesh,2023-24,Urban,9223,"Average MPCE; consumption expenditure, not household income",C_urban_state_proxy,MoSPI HCES 2023-24 Statement 7,Use only as an urban state/UT consumption proxy; do not label as city household income.
Jharkhand,2023-24,Urban,5393,"Average MPCE; consumption expenditure, not household income",C_urban_state_proxy,MoSPI HCES 2023-24 Statement 7,Use only as an urban state/UT consumption proxy; do not label as city household income.
Karnataka,2023-24,Urban,8076,"Average MPCE; consumption expenditure, not household income",C_urban_state_proxy,MoSPI HCES 2023-24 Statement 7,Use only as an urban state/UT consumption proxy; do not label as city household income.
Kerala,2023-24,Urban,7783,"Average MPCE; consumption expenditure, not household income",C_urban_state_proxy,MoSPI HCES 2023-24 Statement 7,Use only as an urban state/UT consumption proxy; do not label as city household income.
Madhya Pradesh,2023-24,Urban,5538,"Average MPCE; consumption expenditure, not household income",C_urban_state_proxy,MoSPI HCES 2023-24 Statement 7,Use only as an urban state/UT consumption proxy; do not label as city household income.
Maharashtra,2023-24,Urban,7363,"Average MPCE; consumption expenditure, not household income",C_urban_state_proxy,MoSPI HCES 2023-24 Statement 7,Use only as an urban state/UT consumption proxy; do not label as city household income.
Manipur,2023-24,Urban,5945,"Average MPCE; consumption expenditure, not household income",C_urban_state_proxy,MoSPI HCES 2023-24 Statement 7,Use only as an urban state/UT consumption proxy; do not label as city household income.
Meghalaya,2023-24,Urban,7839,"Average MPCE; consumption expenditure, not household income",C_urban_state_proxy,MoSPI HCES 2023-24 Statement 7,Use only as an urban state/UT consumption proxy; do not label as city household income.
Mizoram,2023-24,Urban,8709,"Average MPCE; consumption expenditure, not household income",C_urban_state_proxy,MoSPI HCES 2023-24 Statement 7,Use only as an urban state/UT consumption proxy; do not label as city household income.
Nagaland,2023-24,Urban,8022,"Average MPCE; consumption expenditure, not household income",C_urban_state_proxy,MoSPI HCES 2023-24 Statement 7,Use only as an urban state/UT consumption proxy; do not label as city household income.
Odisha,2023-24,Urban,5825,"Average MPCE; consumption expenditure, not household income",C_urban_state_proxy,MoSPI HCES 2023-24 Statement 7,Use only as an urban state/UT consumption proxy; do not label as city household income.
Punjab,2023-24,Urban,7359,"Average MPCE; consumption expenditure, not household income",C_urban_state_proxy,MoSPI HCES 2023-24 Statement 7,Use only as an urban state/UT consumption proxy; do not label as city household income.
Rajasthan,2023-24,Urban,6574,"Average MPCE; consumption expenditure, not household income",C_urban_state_proxy,MoSPI HCES 2023-24 Statement 7,Use only as an urban state/UT consumption proxy; do not label as city household income.
Sikkim,2023-24,Urban,13927,"Average MPCE; consumption expenditure, not household income",C_urban_state_proxy,MoSPI HCES 2023-24 Statement 7,Use only as an urban state/UT consumption proxy; do not label as city household income.
Tamil Nadu,2023-24,Urban,8165,"Average MPCE; consumption expenditure, not household income",C_urban_state_proxy,MoSPI HCES 2023-24 Statement 7,Use only as an urban state/UT consumption proxy; do not label as city household income.
Telangana,2023-24,Urban,8978,"Average MPCE; consumption expenditure, not household income",C_urban_state_proxy,MoSPI HCES 2023-24 Statement 7,Use only as an urban state/UT consumption proxy; do not label as city household income.
Tripura,2023-24,Urban,8034,"Average MPCE; consumption expenditure, not household income",C_urban_state_proxy,MoSPI HCES 2023-24 Statement 7,Use only as an urban state/UT consumption proxy; do not label as city household income.
Uttar Pradesh,2023-24,Urban,5395,"Average MPCE; consumption expenditure, not household income",C_urban_state_proxy,MoSPI HCES 2023-24 Statement 7,Use only as an urban state/UT consumption proxy; do not label as city household income.
Uttarakhand,2023-24,Urban,7486,"Average MPCE; consumption expenditure, not household income",C_urban_state_proxy,MoSPI HCES 2023-24 Statement 7,Use only as an urban state/UT consumption proxy; do not label as city household income.
West Bengal,2023-24,Urban,5775,"Average MPCE; consumption expenditure, not household income",C_urban_state_proxy,MoSPI HCES 2023-24 Statement 7,Use only as an urban state/UT consumption proxy; do not label as city household income.
Andaman & Nicobar Islands,2023-24,Urban,10453,"Average MPCE; consumption expenditure, not household income",C_urban_state_proxy,MoSPI HCES 2023-24 Statement 7,Use only as an urban state/UT consumption proxy; do not label as city household income.
Chandigarh,2023-24,Urban,13425,"Average MPCE; consumption expenditure, not household income",C_urban_state_proxy,MoSPI HCES 2023-24 Statement 7,Use only as an urban state/UT consumption proxy; do not label as city household income.
Dadra & Nagar Haveli and Daman & Diu,2023-24,Urban,6837,"Average MPCE; consumption expenditure, not household income",C_urban_state_proxy,MoSPI HCES 2023-24 Statement 7,Use only as an urban state/UT consumption proxy; do not label as city household income.
Jammu & Kashmir,2023-24,Urban,6327,"Average MPCE; consumption expenditure, not household income",C_urban_state_proxy,MoSPI HCES 2023-24 Statement 7,Use only as an urban state/UT consumption proxy; do not label as city household income.
Ladakh,2023-24,Urban,7533,"Average MPCE; consumption expenditure, not household income",C_urban_state_proxy,MoSPI HCES 2023-24 Statement 7,Use only as an urban state/UT consumption proxy; do not label as city household income.
Lakshadweep,2023-24,Urban,6377,"Average MPCE; consumption expenditure, not household income",C_urban_state_proxy,MoSPI HCES 2023-24 Statement 7,Use only as an urban state/UT consumption proxy; do not label as city household income.
Puducherry,2023-24,Urban,8637,"Average MPCE; consumption expenditure, not household income",C_urban_state_proxy,MoSPI HCES 2023-24 Statement 7,Use only as an urban state/UT consumption proxy; do not label as city household income.
All-India,2023-24,Urban,6996,"Average MPCE; consumption expenditure, not household income",C_urban_state_proxy,MoSPI HCES 2023-24 Statement 7,Use only as an urban state/UT consumption proxy; do not label as city household income.
