quarter_end,quarter_label,phase_1_city_residential_apartment_records,usable_records,usable_records_percent,series,source,notes
2017-06-30,Jun-17,81236,58552,72,HPI@Assessment Prices,NHB RESIDEX Usable Records,"This is data-quality coverage, not city HPI index values."
2017-09-30,Sep-17,73159,58730,80,HPI@Assessment Prices,NHB RESIDEX Usable Records,"This is data-quality coverage, not city HPI index values."
2017-12-31,Dec-17,91439,65873,72,HPI@Assessment Prices,NHB RESIDEX Usable Records,"This is data-quality coverage, not city HPI index values."
2018-03-31,Mar-18,93508,63907,68,HPI@Assessment Prices,NHB RESIDEX Usable Records,"This is data-quality coverage, not city HPI index values."
2018-06-30,Jun-18,88809,69958,79,HPI@Assessment Prices,NHB RESIDEX Usable Records,"This is data-quality coverage, not city HPI index values."
2018-09-30,Sep-18,92996,77094,83,HPI@Assessment Prices,NHB RESIDEX Usable Records,"This is data-quality coverage, not city HPI index values."
2018-12-31,Dec-18,88251,69190,78,HPI@Assessment Prices,NHB RESIDEX Usable Records,"This is data-quality coverage, not city HPI index values."
2019-03-31,Mar-19,81822,66630,81,HPI@Assessment Prices,NHB RESIDEX Usable Records,"This is data-quality coverage, not city HPI index values."
2019-06-30,Jun-19,77804,66010,85,HPI@Assessment Prices,NHB RESIDEX Usable Records,"This is data-quality coverage, not city HPI index values."
2019-09-30,Sep-19,72972,60068,82,HPI@Assessment Prices,NHB RESIDEX Usable Records,"This is data-quality coverage, not city HPI index values."
2019-12-31,Dec-19,79266,65995,83,HPI@Assessment Prices,NHB RESIDEX Usable Records,"This is data-quality coverage, not city HPI index values."
2020-03-31,Mar-20,84949,74181,87,HPI@Assessment Prices,NHB RESIDEX Usable Records,"This is data-quality coverage, not city HPI index values."
2020-06-30,Jun-20,24633,21464,87,HPI@Assessment Prices,NHB RESIDEX Usable Records,"This is data-quality coverage, not city HPI index values."
2020-09-30,Sep-20,60888,53430,88,HPI@Assessment Prices,NHB RESIDEX Usable Records,"This is data-quality coverage, not city HPI index values."
2020-12-31,Dec-20,95190,86551,91,HPI@Assessment Prices,NHB RESIDEX Usable Records,"This is data-quality coverage, not city HPI index values."
2021-03-31,Mar-21,144531,130009,90,HPI@Assessment Prices,NHB RESIDEX Usable Records,"This is data-quality coverage, not city HPI index values."
2021-06-30,Jun-21,66916,61972,93,HPI@Assessment Prices,NHB RESIDEX Usable Records,"This is data-quality coverage, not city HPI index values."
2021-09-30,Sep-21,115314,104122,90,HPI@Assessment Prices,NHB RESIDEX Usable Records,"This is data-quality coverage, not city HPI index values."
2021-12-31,Dec-21,123266,112610,91,HPI@Assessment Prices,NHB RESIDEX Usable Records,"This is data-quality coverage, not city HPI index values."
2022-03-31,Mar-22,149049,134301,90,HPI@Assessment Prices,NHB RESIDEX Usable Records,"This is data-quality coverage, not city HPI index values."
2022-06-30,Jun-22,117245,107481,92,HPI@Assessment Prices,NHB RESIDEX Usable Records,"This is data-quality coverage, not city HPI index values."
2022-09-30,Sep-22,122359,110823,91,HPI@Assessment Prices,NHB RESIDEX Usable Records,"This is data-quality coverage, not city HPI index values."
2022-12-31,Dec-22,120191,109791,91,HPI@Assessment Prices,NHB RESIDEX Usable Records,"This is data-quality coverage, not city HPI index values."
2023-03-31,Mar-23,141610,130750,92,HPI@Assessment Prices,NHB RESIDEX Usable Records,"This is data-quality coverage, not city HPI index values."
2023-06-30,Jun-23,119552,108757,91,HPI@Assessment Prices,NHB RESIDEX Usable Records,"This is data-quality coverage, not city HPI index values."
2023-09-30,Sep-23,141391,129005,91,HPI@Assessment Prices,NHB RESIDEX Usable Records,"This is data-quality coverage, not city HPI index values."
2023-12-31,Dec-23,135779,123332,91,HPI@Assessment Prices,NHB RESIDEX Usable Records,"This is data-quality coverage, not city HPI index values."
2024-03-31,Mar-24,150924,136244,90,HPI@Assessment Prices,NHB RESIDEX Usable Records,"This is data-quality coverage, not city HPI index values."
2024-06-30,Jun-24,116856,106109,91,HPI@Assessment Prices,NHB RESIDEX Usable Records,"This is data-quality coverage, not city HPI index values."
2024-09-30,Sep-24,128159,115126,90,HPI@Assessment Prices,NHB RESIDEX Usable Records,"This is data-quality coverage, not city HPI index values."
2024-12-31,Dec-24,123303,111418,90,HPI@Assessment Prices,NHB RESIDEX Usable Records,"This is data-quality coverage, not city HPI index values."
2025-03-31,Mar-25,133363,121013,91,HPI@Assessment Prices,NHB RESIDEX Usable Records,"This is data-quality coverage, not city HPI index values."
2025-06-30,Jun-25,112545,100170,89,HPI@Assessment Prices,NHB RESIDEX Usable Records,"This is data-quality coverage, not city HPI index values."
2025-09-30,Sep-25,122347,111571,91,HPI@Assessment Prices,NHB RESIDEX Usable Records,"This is data-quality coverage, not city HPI index values."
2025-12-31,Dec-25,126148,115613,92,HPI@Assessment Prices,NHB RESIDEX Usable Records,"This is data-quality coverage, not city HPI index values."
2026-03-31,Mar-26,136885,125383,92,HPI@Assessment Prices,NHB RESIDEX Usable Records,"This is data-quality coverage, not city HPI index values."
2026-06-30,Jun-26,121035,110686,91,HPI@Assessment Prices,NHB RESIDEX Usable Records,"This is data-quality coverage, not city HPI index values."
