city,quarter,composite_price_inr_per_sqft,price_le_60sqm_inr_per_sqft,price_60_110sqm_inr_per_sqft,price_gt_110sqm_inr_per_sqft
Mumbai,Jun-2013,20896,18333.0,19192,33624.0
Mumbai,Sep-2013,21250,18586.0,19769,33640.0
Mumbai,Dec-2013,21608,18802.0,20340,33813.0
Mumbai,Mar-2014,21917,18893.0,20783,34396.0
Mumbai,Jun-2014,22348,19384.0,21168,34776.0
Mumbai,Sep-2014,22983,20103.0,21587,35784.0
Mumbai,Dec-2014,23640,20880.0,21984,36825.0
Mumbai,Mar-2015,24162,21178.0,22547,37916.0
Mumbai,Jun-2015,24396,21142.0,23159,37867.0
Mumbai,Sep-2015,24451,20861.0,23847,37107.0
Mumbai,Dec-2015,24543,20806.0,24253,36726.0
Mumbai,Mar-2016,24793,20864.0,24777,36770.0
Mumbai,Jun-2016,25161,20978.0,25287,37496.0
Mumbai,Sep-2016,25662,21158.0,25829,38846.0
Mumbai,Dec-2016,25830,21026.0,26243,39211.0
Mumbai,Mar-2017,25958,20975.0,26454,39643.0
Mumbai,Jun-2017,26201,21103.0,26670,40312.0
Mumbai,Sep-2017,26367,21300.0,26699,40782.0
Mumbai,Dec-2017,26715,21616.0,26870,41741.0
Mumbai,Mar-2018,27006,21929.0,27068,42236.0
Mumbai,JUN-2018,27385,22238.0,27406,42949.0
Mumbai,SEP-2018,27620,22404.0,27667,43320.0
Mumbai,DEC 2018,27909,22696.0,27877,43824.0
Mumbai,Mar 2019,28101,22899.0,28002,44180.0
Mumbai,Jun 2019,28045,22920.0,27789,44347.0
Mumbai,Sep 2019,27986,22913.0,27535,44693.0
Mumbai,Dec 2019,27659,22718.0,27026,44499.0
Mumbai,Mar 2020,27345,22557.0,26602,44036.0
Mumbai,Jun 2020,26981,22341.0,26254,43183.0
Mumbai,Sep 2020,26697,22184.0,25996,42437.0
Mumbai,Dec 2020,26537,21972.0,25947,42111.0
Mumbai,Mar 2021,26416,21899.0,25854,41758.0
Mumbai,Jun 2021,26320,21837.0,25745,41599.0
Mumbai,Sep 2021,26284,21905.0,25672,41355.0
Mumbai,Dec 2021,26269,22003.0,25644,41038.0
Mumbai,Mar 2022,26411,22029.0,25845,41363.0
Mumbai,Jun 2022,26778,22145.0,26347,42097.0
Mumbai,Sep 2022,27183,22169.0,26861,43338.0
Mumbai,Dec 2022,27545,22252.0,27378,44095.0
Mumbai,Mar 2023,27883,22394.0,27828,44704.0
Mumbai,Jun 2023,28102,22532.0,28090,45045.0
Mumbai,Sep 2023,28492,22866.0,28568,45348.0
Mumbai,Dec 2023,29216,23272.0,29187,47345.0
Mumbai,Mar 2024,29808,23669.0,29709,48737.0
Mumbai,Jun 2024,30387,24111.0,30332,49595.0
Mumbai,Sep 2024,30663,24347.0,30662,49842.0
Pune,Jun-2013,6713,5552.0,6602,10527.0
Pune,Sep-2013,6929,5642.0,6854,10993.0
Pune,Dec-2013,7155,5779.0,7120,11337.0
Pune,Mar-2014,7336,5870.0,7345,11631.0
Pune,Jun-2014,7450,5927.0,7485,11829.0
Pune,Sep-2014,7623,6021.0,7616,12380.0
Pune,Dec-2014,7756,6096.0,7678,12929.0
Pune,Mar-2015,7979,6246.0,7814,13673.0
Pune,Jun-2015,8240,6441.0,8005,14371.0
Pune,Sep-2015,8419,6558.0,8226,14586.0
Pune,Dec-2015,8524,6621.0,8397,14590.0
Pune,Mar-2016,8517,6521.0,8486,14523.0
Pune,Jun-2016,8531,6413.0,8661,14332.0
Pune,Sep-2016,8588,6439.0,8770,14298.0
Pune,Dec-2016,8613,6515.0,8807,14129.0
Pune,Mar-2017,8661,6617.0,8852,14028.0
Pune,Jun-2017,8634,6805.0,8730,13706.0
Pune,Sep-2017,8646,6955.0,8704,13434.0
Pune,Dec-2017,8674,7068.0,8680,13397.0
Pune,Mar-2018,8710,7184.0,8689,13294.0
Pune,JUN-2018,8783,7273.0,8752,13349.0
Pune,SEP-2018,8841,7321.0,8809,13442.0
Pune,DEC 2018,8911,7332.0,8977,13345.0
Pune,Mar 2019,8923,7311.0,9081,13129.0
Pune,Jun 2019,8884,7273.0,9110,12850.0
Pune,Sep 2019,8803,7262.0,9042,12517.0
Pune,Dec 2019,8656,7174.0,8859,12324.0
Pune,Mar 2020,8479,7063.0,8643,12093.0
Pune,Jun 2020,8334,6930.0,8483,11958.0
Pune,Sep 2020,8189,6751.0,8358,11844.0
Pune,Dec 2020,8095,6648.0,8283,11710.0
Pune,Mar 2021,8086,6643.0,8272,11693.0
Pune,Jun 2021,8122,6686.0,8301,11739.0
Pune,Sep 2021,8217,6878.0,8328,11784.0
Pune,Dec 2021,8282,7017.0,8335,11831.0
Pune,Mar 2022,8382,7186.0,8390,11887.0
Pune,Jun 2022,8572,7459.0,8515,12056.0
Pune,Sep 2022,8855,7746.0,8777,12401.0
Pune,Dec 2022,9227,8049.0,9181,12867.0
Pune,Mar 2023,9514,8316.0,9484,13160.0
Pune,Jun 2023,9778,8622.0,9759,13258.0
Pune,Sep 2023,10034,8895.0,10060,13305.0
Pune,Dec 2023,10164,8982.0,10215,13475.0
Pune,Mar 2024,10308,9087.0,10389,13627.0
Pune,Jun 2024,10413,8987.0,10574,14066.0
Pune,Sep 2024,10364,8653.0,10645,14430.0
Hyderabad,Jun-2013,4614,3859.0,4197,4958.0
Hyderabad,Sep-2013,4766,3776.0,4331,5129.0
Hyderabad,Dec-2013,4934,3692.0,4450,5342.0
Hyderabad,Mar-2014,5087,3603.0,4546,5544.0
Hyderabad,Jun-2014,5218,3515.0,4636,5713.0
Hyderabad,Sep-2014,5451,4181.0,4745,6033.0
Hyderabad,Dec-2014,5615,4274.0,4832,6258.0
Hyderabad,Mar-2015,5748,4149.0,4919,6435.0
Hyderabad,Jun-2015,5872,4140.0,5027,6574.0
Hyderabad,Sep-2015,5884,3950.0,5022,6604.0
Hyderabad,Dec-2015,5914,4006.0,5046,6638.0
Hyderabad,Mar-2016,5971,4303.0,5131,6667.0
Hyderabad,Jun-2016,6034,4532.0,5209,6715.0
Hyderabad,Sep-2016,6123,5092.0,5323,6773.0
Hyderabad,Dec-2016,6140,5484.0,5398,6736.0
Hyderabad,Mar-2017,6186,5713.0,5458,6766.0
Hyderabad,Jun-2017,6205,5573.0,5461,6801.0
Hyderabad,Sep-2017,6270,5424.0,5546,6856.0
Hyderabad,Dec-2017,6383,5147.0,5643,6990.0
Hyderabad,Mar-2018,6490,4652.0,5752,7111.0
Hyderabad,JUN-2018,6649,4822.0,5949,7239.0
Hyderabad,SEP-2018,6820,5105.0,6162,7376.0
Hyderabad,DEC 2018,7037,5235.0,6350,7617.0
Hyderabad,Mar 2019,7245,5522.0,6556,7825.0
Hyderabad,Jun 2019,7507,5776.0,6845,8066.0
Hyderabad,Sep 2019,7714,5864.0,7054,8274.0
Hyderabad,Dec 2019,7910,6112.0,7294,8434.0
Hyderabad,Mar 2020,8183,6283.0,7470,8785.0
Hyderabad,Jun 2020,8355,6381.0,7531,9045.0
Hyderabad,Sep 2020,8485,6558.0,7561,9253.0
Hyderabad,Dec 2020,8718,6742.0,7707,9555.0
Hyderabad,Mar 2021,8874,6916.0,7908,9676.0
Hyderabad,Jun 2021,9087,7098.0,8254,9785.0
Hyderabad,Sep 2021,9220,7232.0,8473,9850.0
Hyderabad,Dec 2021,9385,7397.0,8665,9995.0
Hyderabad,Mar 2022,9528,7432.0,8822,10130.0
Hyderabad,Jun 2022,9591,7455.0,8818,10246.0
Hyderabad,Sep 2022,9742,7468.0,8884,10466.0
Hyderabad,Dec 2022,9896,7573.0,8930,10706.0
Hyderabad,Mar 2023,10038,7823.0,9025,10883.0
Hyderabad,Jun 2023,10273,8161.0,9233,11136.0
Hyderabad,Sep 2023,10532,8617.0,9578,11323.0
Hyderabad,Dec 2023,10725,8975.0,9950,11373.0
Hyderabad,Mar 2024,10896,8594.0,10183,11508.0
Hyderabad,Jun 2024,10974,8424.0,10301,11561.0
Hyderabad,Sep 2024,10918,8303.0,10230,11519.0
Nagpur,Jun-2013,3904,3224.0,3808,6132.0
Nagpur,Sep-2013,3997,3298.0,3890,6348.0
Nagpur,Dec-2013,4149,3380.0,4061,6541.0
Nagpur,Mar-2014,4345,3393.0,4305,6865.0
Nagpur,Jun-2014,4544,3371.0,4580,7110.0
Nagpur,Sep-2014,4721,3393.0,4803,7356.0
Nagpur,Dec-2014,4883,3511.0,4984,7505.0
Nagpur,Mar-2015,5022,3540.0,5194,7454.0
Nagpur,Jun-2015,5091,3574.0,5298,7390.0
Nagpur,Sep-2015,5071,3567.0,5273,7368.0
Nagpur,Dec-2015,5076,3489.0,5309,7367.0
Nagpur,Mar-2016,5076,3449.0,5327,7356.0
Nagpur,Jun-2016,5114,3477.0,5381,7313.0
Nagpur,Sep-2016,5160,3534.0,5428,7326.0
Nagpur,Dec-2016,5119,3529.0,5366,7331.0
Nagpur,Mar-2017,5069,3547.0,5277,7369.0
Nagpur,Jun-2017,5022,3670.0,5133,7530.0
Nagpur,Sep-2017,5043,3892.0,5075,7582.0
Nagpur,Dec-2017,5039,4052.0,4991,7693.0
Nagpur,Mar-2018,5121,4272.0,4991,7967.0
Nagpur,JUN-2018,5241,4491.0,5043,8287.0
Nagpur,SEP-2018,5342,4573.0,5069,8906.0
Nagpur,DEC 2018,5508,4750.0,5106,9865.0
Nagpur,Mar 2019,5659,4877.0,5140,10814.0
Nagpur,Jun 2019,5750,4932.0,5160,11456.0
Nagpur,Sep 2019,5753,4994.0,5173,11252.0
Nagpur,Dec 2019,5760,5004.0,5181,11243.0
Nagpur,Mar 2020,5742,5042.0,5177,11003.0
Nagpur,Jun 2020,5729,5053.0,5163,10939.0
Nagpur,Sep 2020,5702,5031.0,5142,10858.0
Nagpur,Dec 2020,5663,5027.0,5137,10517.0
Nagpur,Mar 2021,5628,4999.0,5137,10242.0
Nagpur,Jun 2021,5583,4973.0,5120,9978.0
Nagpur,Sep 2021,5540,4961.0,5147,9419.0
Nagpur,Dec 2021,5488,4951.0,5161,8848.0
Nagpur,Mar 2022,5455,4953.0,5221,8139.0
Nagpur,Jun 2022,5505,4971.0,5354,7739.0
Nagpur,Sep 2022,5587,4962.0,5480,7750.0
Nagpur,Dec 2022,5810,4956.0,5643,8908.0
Nagpur,Mar 2023,5985,4968.0,5822,9439.0
Nagpur,Jun 2023,6131,4964.0,5939,10124.0
Nagpur,Sep 2023,6248,4996.0,6046,10511.0
Nagpur,Dec 2023,6338,5037.0,6143,10673.0
Nagpur,Mar 2024,6387,5092.0,6180,10784.0
Nagpur,Jun 2024,6458,5175.0,6290,10582.0
Nagpur,Sep 2024,6649,5472.0,6418,10915.0
Bengaluru,Jun-2013,5997,4335.0,5213,7620.0
Bengaluru,Sep-2013,6251,4581.0,5389,8017.0
Bengaluru,Dec-2013,6406,4795.0,5502,8246.0
Bengaluru,Mar-2014,6510,4868.0,5589,8387.0
Bengaluru,Jun-2014,6770,5252.0,5891,8558.0
Bengaluru,Sep-2014,7092,6047.0,6269,8728.0
Bengaluru,Dec-2014,7310,6415.0,6538,8838.0
Bengaluru,Mar-2015,7445,6487.0,6699,8931.0
Bengaluru,Jun-2015,7434,6427.0,6682,8936.0
Bengaluru,Sep-2015,7361,6342.0,6635,8815.0
Bengaluru,Dec-2015,7304,6352.0,6529,8843.0
Bengaluru,Mar-2016,7261,6385.0,6440,8879.0
Bengaluru,Jun-2016,7223,6462.0,6343,8941.0
Bengaluru,Sep-2016,7239,6496.0,6272,9116.0
Bengaluru,Dec-2016,7278,6413.0,6310,9169.0
Bengaluru,Mar-2017,7352,6414.0,6366,9284.0
Bengaluru,Jun-2017,7394,6341.0,6389,9373.0
Bengaluru,Sep-2017,7434,6298.0,6424,9431.0
Bengaluru,Dec-2017,7466,6335.0,6437,9497.0
Bengaluru,Mar-2018,7490,6344.0,6462,9519.0
Bengaluru,JUN-2018,7519,6410.0,6507,9516.0
Bengaluru,SEP-2018,7539,6455.0,6533,9523.0
Bengaluru,DEC 2018,7568,6509.0,6577,9519.0
Bengaluru,Mar 2019,7580,6552.0,6616,9479.0
Bengaluru,Jun 2019,7626,6586.0,6676,9502.0
Bengaluru,Sep 2019,7690,6626.0,6739,9569.0
Bengaluru,Dec 2019,7757,6652.0,6835,9585.0
Bengaluru,Mar 2020,7828,6857.0,6921,9616.0
Bengaluru,Jun 2020,7871,7149.0,6991,9584.0
Bengaluru,Sep 2020,7897,7483.0,7055,9512.0
Bengaluru,Dec 2020,7940,7797.0,7083,9558.0
Bengaluru,Mar 2021,7998,7991.0,7128,9627.0
Bengaluru,Jun 2021,8078,8116.0,7178,9757.0
Bengaluru,Sep 2021,8144,8222.0,7215,9875.0
Bengaluru,Dec 2021,8253,8406.0,7323,9978.0
Bengaluru,Mar 2022,8357,8429.0,7443,10060.0
Bengaluru,Jun 2022,8576,8470.0,7679,10263.0
Bengaluru,Sep 2022,8833,8607.0,7940,10525.0
Bengaluru,Dec 2022,9111,8855.0,8153,10927.0
Bengaluru,Mar 2023,9603,9163.0,8513,11684.0
Bengaluru,Jun 2023,9974,9531.0,8787,12235.0
Bengaluru,Sep 2023,10730,10413.0,9580,12910.0
Bengaluru,Dec 2023,11484,10953.0,10463,13444.0
Bengaluru,Mar 2024,12175,11655.0,11321,13820.0
Bengaluru,Jun 2024,13031,12133.0,12162,14740.0
Bengaluru,Sep 2024,13830,12216.0,12707,16080.0
Chennai,Jun-2013,8384,6250.0,7498,11827.0
Chennai,Sep-2013,8565,6373.0,7686,12045.0
Chennai,Dec-2013,8747,6609.0,7812,12281.0
Chennai,Mar-2014,8920,6840.0,7932,12505.0
Chennai,Jun-2014,9109,7140.0,8082,12668.0
Chennai,Sep-2014,9518,7806.0,8391,13046.0
Chennai,Dec-2014,9825,8262.0,8639,13335.0
Chennai,Mar-2015,10094,8613.0,8846,13648.0
Chennai,Jun-2015,10283,8864.0,8880,14070.0
Chennai,Sep-2015,10848,9908.0,9274,14540.0
Chennai,Dec-2015,11315,10842.0,9610,14852.0
Chennai,Mar-2016,11615,11607.0,9784,14989.0
Chennai,Jun-2016,12081,12141.0,10445,15039.0
Chennai,Sep-2016,11943,12241.0,10344,14631.0
Chennai,Dec-2016,11512,11630.0,10076,14054.0
Chennai,Mar-2017,11201,10728.0,10034,13749.0
Chennai,Jun-2017,10842,9834.0,9819,13580.0
Chennai,Sep-2017,10772,9258.0,9966,13542.0
Chennai,Dec-2017,11019,9411.0,10240,13817.0
Chennai,Mar-2018,11063,9370.0,10251,13996.0
Chennai,JUN-2018,11161,9505.0,10264,14218.0
Chennai,SEP-2018,11272,9612.0,10320,14432.0
Chennai,DEC 2018,11316,9656.0,10326,14549.0
Chennai,Mar 2019,11378,9716.0,10397,14593.0
Chennai,Jun 2019,11314,9724.0,10300,14528.0
Chennai,Sep 2019,11224,9750.0,10121,14503.0
Chennai,Dec 2019,11126,9719.0,9960,14465.0
Chennai,Mar 2020,11128,9611.0,9835,14796.0
Chennai,Jun 2020,11142,9519.0,9799,14990.0
Chennai,Sep 2020,11145,9406.0,9772,15148.0
Chennai,Dec 2020,11224,9369.0,9825,15373.0
Chennai,Mar 2021,11240,9398.0,9935,15205.0
Chennai,Jun 2021,11342,9550.0,10069,15206.0
Chennai,Sep 2021,11315,9674.0,10280,14613.0
Chennai,Dec 2021,11026,8813.0,10409,14041.0
Chennai,Mar 2022,10921,8394.0,10559,13732.0
Chennai,Jun 2022,10870,8059.0,10767,13445.0
Chennai,Sep 2022,10993,7799.0,11000,13693.0
Chennai,Dec 2022,11301,7901.0,11293,14203.0
Chennai,Mar 2023,11536,7998.0,11434,14728.0
Chennai,Jun 2023,11672,8046.0,11458,15143.0
Chennai,Sep 2023,11722,8085.0,11483,15249.0
Chennai,Dec 2023,11650,7974.0,11449,15140.0
Chennai,Mar 2024,11568,7803.0,11446,14990.0
Chennai,Jun 2024,11386,7639.0,11310,14706.0
Chennai,Sep 2024,11318,7521.0,11168,14819.0
Kolkata,Jun-2013,7395,4509.0,5061,12679.0
Kolkata,Sep-2013,7443,5049.0,5128,12284.0
Kolkata,Dec-2013,7247,4654.0,5276,11842.0
Kolkata,Mar-2014,7249,4654.0,5512,11564.0
Kolkata,Jun-2014,7327,4936.0,5502,11575.0
Kolkata,Sep-2014,7341,5027.0,5588,11437.0
Kolkata,Dec-2014,7376,5133.0,5623,11410.0
Kolkata,Mar-2015,7461,5002.0,5748,11632.0
Kolkata,Jun-2015,7517,4721.0,6032,11698.0
Kolkata,Sep-2015,7549,4602.0,6186,11714.0
Kolkata,Dec-2015,7599,4637.0,6211,11809.0
Kolkata,Mar-2016,7622,4698.0,6286,11737.0
Kolkata,Jun-2016,7803,5321.0,6471,11534.0
Kolkata,Sep-2016,7466,4395.0,6392,11390.0
Kolkata,Dec-2016,7292,3985.0,6401,11199.0
Kolkata,Mar-2017,7168,3731.0,6453,10973.0
Kolkata,Jun-2017,7154,3726.0,6528,10842.0
Kolkata,Sep-2017,7384,3980.0,6926,10849.0
Kolkata,Dec-2017,7699,4216.0,7468,10959.0
Kolkata,Mar-2018,8075,4568.0,7958,11219.0
Kolkata,JUN-2018,8395,4772.0,8302,11610.0
Kolkata,SEP-2018,8669,4980.0,8479,12055.0
Kolkata,DEC 2018,8860,5231.0,8452,12459.0
Kolkata,Mar 2019,8966,5426.0,8339,12752.0
Kolkata,Jun 2019,9027,5595.0,8269,12879.0
Kolkata,Sep 2019,9009,5594.0,8236,12864.0
Kolkata,Dec 2019,8952,5488.0,8242,12772.0
Kolkata,Mar 2020,8855,5278.0,8203,12702.0
Kolkata,Jun 2020,8747,4991.0,8181,12646.0
Kolkata,Sep 2020,8723,4867.0,8200,12655.0
Kolkata,Dec 2020,8722,4733.0,8265,12688.0
Kolkata,Mar 2021,8718,4615.0,8338,12686.0
Kolkata,Jun 2021,8783,4802.0,8324,12743.0
Kolkata,Sep 2021,8889,5200.0,8286,12773.0
Kolkata,Dec 2021,9128,5992.0,8256,12862.0
Kolkata,Mar 2022,9752,7443.0,8364,13401.0
Kolkata,Jun 2022,10162,7980.0,8623,13885.0
Kolkata,Sep 2022,10631,8535.0,8975,14422.0
Kolkata,Dec 2022,11073,8786.0,9277,15195.0
Kolkata,Mar 2023,11332,8989.0,9458,15598.0
Kolkata,Jun 2023,11601,9186.0,9678,15984.0
Kolkata,Sep 2023,11840,9396.0,9925,16241.0
Kolkata,Dec 2023,12076,9775.0,10110,16415.0
Kolkata,Mar 2024,12177,10005.0,10162,16465.0
Kolkata,Jun 2024,12188,10038.0,10124,16516.0
Kolkata,Sep 2024,12103,9786.0,10010,16610.0
Ahmedabad,Jun-2013,3325,2804.0,3389,4876.0
Ahmedabad,Sep-2013,3383,2865.0,3444,4939.0
Ahmedabad,Dec-2013,3447,2943.0,3514,4933.0
Ahmedabad,Mar-2014,3532,3049.0,3586,4997.0
Ahmedabad,Jun-2014,3585,3099.0,3651,5015.0
Ahmedabad,Sep-2014,3656,3148.0,3713,5189.0
Ahmedabad,Dec-2014,3696,3171.0,3745,5320.0
Ahmedabad,Mar-2015,3749,3184.0,3821,5423.0
Ahmedabad,Jun-2015,3845,3186.0,3929,5799.0
Ahmedabad,Sep-2015,3944,3228.0,4037,6067.0
Ahmedabad,Dec-2015,4089,3281.0,4186,6507.0
Ahmedabad,Mar-2016,4184,3330.0,4278,6770.0
Ahmedabad,Jun-2016,4272,3401.0,4360,6940.0
Ahmedabad,Sep-2016,4361,3444.0,4473,7098.0
Ahmedabad,Dec-2016,4392,3469.0,4528,7061.0
Ahmedabad,Mar-2017,4424,3463.0,4581,7140.0
Ahmedabad,Jun-2017,4443,3439.0,4639,7158.0
Ahmedabad,Sep-2017,4450,3413.0,4667,7199.0
Ahmedabad,Dec-2017,4475,3399.0,4706,7304.0
Ahmedabad,Mar-2018,4503,3411.0,4739,7372.0
Ahmedabad,JUN-2018,4539,3451.0,4756,7461.0
Ahmedabad,SEP-2018,4560,3490.0,4749,7536.0
Ahmedabad,DEC 2018,4602,3543.0,4755,7674.0
Ahmedabad,Mar 2019,4632,3592.0,4764,7715.0
Ahmedabad,Jun 2019,4638,3617.0,4756,7716.0
Ahmedabad,Sep 2019,4637,3630.0,4751,7677.0
Ahmedabad,Dec 2019,4621,3625.0,4753,7549.0
Ahmedabad,Mar 2020,4601,3615.0,4760,7392.0
Ahmedabad,Jun 2020,4587,3616.0,4783,7187.0
Ahmedabad,Sep 2020,4605,3684.0,4806,7020.0
Ahmedabad,Dec 2020,4644,3748.0,4844,6969.0
Ahmedabad,Mar 2021,4688,3824.0,4873,6961.0
Ahmedabad,Jun 2021,4768,3928.0,4911,7118.0
Ahmedabad,Sep 2021,4825,3999.0,4962,7149.0
Ahmedabad,Dec 2021,4886,4045.0,5006,7331.0
Ahmedabad,Mar 2022,4943,4080.0,5060,7477.0
Ahmedabad,Jun 2022,5003,4086.0,5153,7594.0
Ahmedabad,Sep 2022,5136,4185.0,5289,7831.0
Ahmedabad,Dec 2022,5277,4328.0,5434,7946.0
Ahmedabad,Mar 2023,5396,4449.0,5560,8037.0
Ahmedabad,Jun 2023,5482,4539.0,5664,8039.0
Ahmedabad,Sep 2023,5517,4556.0,5723,8050.0
Ahmedabad,Dec 2023,5538,4548.0,5766,8078.0
Ahmedabad,Mar 2024,5642,4656.0,5846,8266.0
Ahmedabad,Jun 2024,5836,4960.0,5931,8496.0
Ahmedabad,Sep 2024,6005,5161.0,6043,8778.0
Nashik,Jun-2013,4587,4417.0,4620,5290.0
Nashik,Sep-2013,4607,4454.0,4624,5292.0
Nashik,Dec-2013,4640,4473.0,4663,5376.0
Nashik,Mar-2014,4722,4539.0,4739,5559.0
Nashik,Jun-2014,4834,4652.0,4842,5708.0
Nashik,Sep-2014,4978,4821.0,4946,5909.0
Nashik,Dec-2014,5106,4867.0,5150,6109.0
Nashik,Mar-2015,5255,4953.0,5346,6354.0
Nashik,Jun-2015,5383,5007.0,5533,6582.0
Nashik,Sep-2015,5450,4975.0,5701,6698.0
Nashik,Dec-2015,5509,5009.0,5791,6747.0
Nashik,Mar-2016,5546,5010.0,5873,6753.0
Nashik,Jun-2016,5564,4967.0,5913,6978.0
Nashik,Sep-2016,5617,4986.0,5988,7106.0
Nashik,Dec-2016,5629,4972.0,5980,7343.0
Nashik,Mar-2017,5538,4913.0,5876,7142.0
Nashik,Jun-2017,5506,4880.0,5858,7055.0
Nashik,Sep-2017,5430,4810.0,5800,6872.0
Nashik,Dec-2017,5408,4803.0,5774,6790.0
Nashik,Mar-2018,5483,4844.0,5887,6859.0
Nashik,JUN-2018,5508,4877.0,5933,6753.0
Nashik,SEP-2018,5538,4919.0,5952,6773.0
Nashik,DEC 2018,5601,4951.0,6076,6712.0
Nashik,Mar 2019,5620,4961.0,6092,6785.0
Nashik,Jun 2019,5604,4947.0,6049,6881.0
Nashik,Sep 2019,5596,4933.0,6020,7006.0
Nashik,Dec 2019,5492,4845.0,5866,7043.0
Nashik,Mar 2020,5426,4789.0,5759,7121.0
Nashik,Jun 2020,5408,4761.0,5719,7248.0
Nashik,Sep 2020,5385,4744.0,5666,7326.0
Nashik,Dec 2020,5379,4770.0,5652,7198.0
Nashik,Mar 2021,5384,4796.0,5666,7056.0
Nashik,Jun 2021,5383,4814.0,5675,6907.0
Nashik,Sep 2021,5487,4937.0,5730,7145.0
Nashik,Dec 2021,5638,5100.0,5820,7510.0
Nashik,Mar 2022,5740,5223.0,5867,7751.0
Nashik,Jun 2022,5845,5356.0,5889,8091.0
Nashik,Sep 2022,5944,5435.0,5959,8427.0
Nashik,Dec 2022,6026,5496.0,6037,8624.0
Nashik,Mar 2023,6097,5521.0,6138,8797.0
Nashik,Jun 2023,6179,5564.0,6271,8841.0
Nashik,Sep 2023,6196,5569.0,6301,8861.0
Nashik,Dec 2023,6211,5561.0,6314,8998.0
Nashik,Mar 2024,6284,5641.0,6357,9166.0
Nashik,Jun 2024,6358,5695.0,6375,9594.0
Nashik,Sep 2024,6459,5768.0,6448,9959.0
Indore,Jun-2013,3145,2253.0,3189,3763.0
Indore,Sep-2013,3131,2220.0,3175,3771.0
Indore,Dec-2013,3145,2219.0,3188,3800.0
Indore,Mar-2014,3167,2218.0,3213,3829.0
Indore,Jun-2014,3189,2256.0,3226,3881.0
Indore,Sep-2014,3237,2336.0,3257,3970.0
Indore,Dec-2014,3290,2421.0,3299,4040.0
Indore,Mar-2015,3306,2497.0,3295,4092.0
Indore,Jun-2015,3342,2578.0,3323,4125.0
Indore,Sep-2015,3371,2630.0,3348,4152.0
Indore,Dec-2015,3375,2659.0,3346,4156.0
Indore,Mar-2016,3390,2691.0,3359,4164.0
Indore,Jun-2016,3381,2697.0,3342,4179.0
Indore,Sep-2016,3395,2688.0,3320,4368.0
Indore,Dec-2016,3428,2692.0,3319,4581.0
Indore,Mar-2017,3451,2673.0,3314,4770.0
Indore,Jun-2017,3511,2665.0,3359,4958.0
Indore,Sep-2017,3623,2748.0,3518,4884.0
Indore,Dec-2017,3711,2823.0,3626,4894.0
Indore,Mar-2018,3804,3085.0,3706,4895.0
Indore,JUN-2018,3851,3143.0,3741,4985.0
Indore,SEP-2018,3905,3129.0,3747,5310.0
Indore,DEC 2018,3957,3134.0,3771,5532.0
Indore,Mar 2019,4027,3061.0,3826,5800.0
Indore,Jun 2019,4137,3121.0,3909,6070.0
Indore,Sep 2019,4222,3276.0,3980,6150.0
Indore,Dec 2019,4344,3517.0,4070,6306.0
Indore,Mar 2020,4445,3733.0,4140,6440.0
Indore,Jun 2020,4502,3879.0,4166,6551.0
Indore,Sep 2020,4511,3959.0,4146,6622.0
Indore,Dec 2020,4530,3990.0,4159,6654.0
Indore,Mar 2021,4551,4022.0,4176,6688.0
Indore,Jun 2021,4582,4029.0,4208,6735.0
Indore,Sep 2021,4388,3419.0,4042,6800.0
Indore,Dec 2021,4195,3043.0,3856,6740.0
Indore,Mar 2022,4043,2803.0,3753,6455.0
Indore,Jun 2022,3956,2675.0,3702,6245.0
Indore,Sep 2022,4096,2926.0,3872,6151.0
Indore,Dec 2022,4332,3288.0,4106,6281.0
Indore,Mar 2023,4569,3851.0,4267,6554.0
Indore,Jun 2023,4815,4754.0,4395,6723.0
Indore,Sep 2023,4928,4833.0,4510,6857.0
Indore,Dec 2023,5170,4955.0,4809,6958.0
Indore,Mar 2024,5320,5112.0,4957,7108.0
Indore,Jun 2024,5642,5285.0,5344,7284.0
Indore,Sep 2024,5710,5601.0,5374,7291.0
Chandigarh (Tricity),Jun-2013,4711,0.0,4562,4814.0
Chandigarh (Tricity),Sep-2013,4814,0.0,4649,4930.0
Chandigarh (Tricity),Dec-2013,4862,0.0,4650,5010.0
Chandigarh (Tricity),Mar-2014,4890,0.0,4637,5067.0
Chandigarh (Tricity),Jun-2014,4878,0.0,4587,5081.0
Chandigarh (Tricity),Sep-2014,4912,0.0,4618,5118.0
Chandigarh (Tricity),Dec-2014,4818,0.0,4481,5054.0
Chandigarh (Tricity),Mar-2015,4749,0.0,4382,5005.0
Chandigarh (Tricity),Jun-2015,4644,4286.0,4346,4918.0
Chandigarh (Tricity),Sep-2015,4638,4975.0,4283,4823.0
Chandigarh (Tricity),Dec-2015,4729,5419.0,4360,4859.0
Chandigarh (Tricity),Mar-2016,4790,5626.0,4432,4885.0
Chandigarh (Tricity),Jun-2016,4824,5723.0,4446,4921.0
Chandigarh (Tricity),Sep-2016,4787,5726.0,4271,4973.0
Chandigarh (Tricity),Dec-2016,5009,6978.0,4306,5134.0
Chandigarh (Tricity),Mar-2017,5084,7169.0,4300,5244.0
Chandigarh (Tricity),Jun-2017,5184,7281.0,4299,5414.0
Chandigarh (Tricity),Sep-2017,5308,7374.0,4363,5583.0
Chandigarh (Tricity),Dec-2017,5313,7482.0,4377,5563.0
Chandigarh (Tricity),Mar-2018,5352,7622.0,4413,5586.0
Chandigarh (Tricity),JUN-2018,5379,7748.0,4518,5540.0
Chandigarh (Tricity),SEP-2018,5402,7786.0,4631,5498.0
Chandigarh (Tricity),DEC 2018,5342,7000.0,4667,5506.0
Chandigarh (Tricity),Mar 2019,5364,6456.0,4820,5541.0
Chandigarh (Tricity),Jun 2019,5361,5875.0,4889,5595.0
Chandigarh (Tricity),Sep 2019,5315,5432.0,4941,5555.0
Chandigarh (Tricity),Dec 2019,5310,5119.0,5028,5542.0
Chandigarh (Tricity),Mar 2020,5258,4723.0,5050,5503.0
Chandigarh (Tricity),Jun 2020,5281,4718.0,5068,5535.0
Chandigarh (Tricity),Sep 2020,5364,4785.0,5124,5640.0
Chandigarh (Tricity),Dec 2020,5467,4890.0,5250,5727.0
Chandigarh (Tricity),Mar 2021,5658,5049.0,5391,5958.0
Chandigarh (Tricity),Jun 2021,5791,5341.0,5602,6007.0
Chandigarh (Tricity),Sep 2021,5966,5980.0,5833,6055.0
Chandigarh (Tricity),Dec 2021,6163,6107.0,5894,6360.0
Chandigarh (Tricity),Mar 2022,6173,6360.0,5974,6277.0
Chandigarh (Tricity),Jun 2022,6246,6504.0,6046,6338.0
Chandigarh (Tricity),Sep 2022,6617,7971.0,6129,6706.0
Chandigarh (Tricity),Dec 2022,6796,8578.0,6227,6864.0
Chandigarh (Tricity),Mar 2023,7156,8930.0,6296,7427.0
Chandigarh (Tricity),Jun 2023,7517,9357.0,6376,7973.0
Chandigarh (Tricity),Sep 2023,7799,9936.0,6568,8262.0
Chandigarh (Tricity),Dec 2023,8027,9828.0,6799,8551.0
Chandigarh (Tricity),Mar 2024,8228,9691.0,7144,8714.0
Chandigarh (Tricity),Jun 2024,8397,9486.0,7403,8890.0
Chandigarh (Tricity),Sep 2024,8489,9085.0,7550,9034.0
Jaipur,Jun-2013,4515,4847.0,3793,4927.0
Jaipur,Sep-2013,4686,5080.0,3952,4965.0
Jaipur,Dec-2013,4792,5176.0,4085,5048.0
Jaipur,Mar-2014,4812,5156.0,4149,5090.0
Jaipur,Jun-2014,4789,5043.0,4203,5163.0
Jaipur,Sep-2014,4784,5008.0,4249,5140.0
Jaipur,Dec-2014,4834,5024.0,4361,5170.0
Jaipur,Mar-2015,4948,5092.0,4506,5347.0
Jaipur,Jun-2015,4917,4819.0,4642,5631.0
Jaipur,Sep-2015,4923,4576.0,4766,6059.0
Jaipur,Dec-2015,4945,4393.0,4881,6431.0
Jaipur,Mar-2016,4972,4249.0,4967,6782.0
Jaipur,Jun-2016,5006,4149.0,5035,7092.0
Jaipur,Sep-2016,5074,4221.0,5020,7294.0
Jaipur,Dec-2016,5044,4154.0,4974,7378.0
Jaipur,Mar-2017,5058,4132.0,4874,7682.0
Jaipur,Jun-2017,5043,4075.0,4777,7911.0
Jaipur,Sep-2017,4981,3936.0,4714,8039.0
Jaipur,Dec-2017,5037,3890.0,4742,8401.0
Jaipur,Mar-2018,5012,3801.0,4804,8384.0
Jaipur,JUN-2018,5025,3727.0,4909,8460.0
Jaipur,SEP-2018,5103,3782.0,5021,8537.0
Jaipur,DEC 2018,5201,3886.0,5108,8637.0
Jaipur,Mar 2019,5277,3963.0,5177,8722.0
Jaipur,Jun 2019,5403,4084.0,5227,8990.0
Jaipur,Sep 2019,5482,4107.0,5286,9243.0
Jaipur,Dec 2019,5518,4061.0,5313,9498.0
Jaipur,Mar 2020,5542,4055.0,5264,9718.0
Jaipur,Jun 2020,5490,4042.0,5194,9604.0
Jaipur,Sep 2020,5351,3963.0,4924,9539.0
Jaipur,Dec 2020,5177,3939.0,4742,9006.0
Jaipur,Mar 2021,5078,3959.0,4654,8589.0
Jaipur,Jun 2021,5062,4026.0,4648,8348.0
Jaipur,Sep 2021,5180,4153.0,4798,8392.0
Jaipur,Dec 2021,5430,4316.0,5026,8900.0
Jaipur,Mar 2022,5719,4487.0,5266,9563.0
Jaipur,Jun 2022,5962,4686.0,5479,9967.0
Jaipur,Sep 2022,6153,4894.0,5680,10098.0
Jaipur,Dec 2022,6198,5038.0,5797,9774.0
Jaipur,Mar 2023,5977,5102.0,5834,8400.0
Jaipur,Jun 2023,5886,5182.0,5848,7708.0
Jaipur,Sep 2023,5942,5493.0,5891,7145.0
Jaipur,Dec 2023,6162,5931.0,5970,7068.0
Jaipur,Mar 2024,6754,6787.0,6227,7574.0
Jaipur,Jun 2024,7264,7345.0,6567,8257.0
Jaipur,Sep 2024,7916,7720.0,6923,10103.0
Surat,Jun-2013,4661,2811.0,4001,7308.0
Surat,Sep-2013,4722,2873.0,4079,7330.0
Surat,Dec-2013,4669,2953.0,4028,7181.0
Surat,Mar-2014,4721,3375.0,4025,7094.0
Surat,Jun-2014,4781,3731.0,4039,7045.0
Surat,Sep-2014,4869,3985.0,4083,7112.0
Surat,Dec-2014,5008,4121.0,4183,7334.0
Surat,Mar-2015,5176,4157.0,4297,7704.0
Surat,Jun-2015,5329,4185.0,4402,8043.0
Surat,Sep-2015,5433,4265.0,4488,8200.0
Surat,Dec-2015,5505,4346.0,4565,8256.0
Surat,Mar-2016,5536,4470.0,4622,8171.0
Surat,Jun-2016,5565,4593.0,4672,8088.0
Surat,Sep-2016,5620,4672.0,4748,8084.0
Surat,Dec-2016,5685,4755.0,4836,8089.0
Surat,Mar-2017,5756,4834.0,4917,8133.0
Surat,Jun-2017,5871,4926.0,5028,8272.0
Surat,Sep-2017,5947,4965.0,5118,8346.0
Surat,Dec-2017,6037,4906.0,5201,8552.0
Surat,Mar-2018,5997,4736.0,5227,8466.0
Surat,JUN-2018,5986,4557.0,5303,8391.0
Surat,SEP-2018,6016,4472.0,5369,8426.0
Surat,DEC 2018,6060,4388.0,5484,8411.0
Surat,Mar 2019,6126,4297.0,5591,8499.0
Surat,Jun 2019,6180,4276.0,5658,8576.0
Surat,Sep 2019,6184,4240.0,5672,8588.0
Surat,Dec 2019,6187,4250.0,5663,8609.0
Surat,Mar 2020,6201,4304.0,5652,8649.0
Surat,Jun 2020,6196,4321.0,5652,8618.0
Surat,Sep 2020,6191,4339.0,5656,8578.0
Surat,Dec 2020,6174,4339.0,5658,8512.0
Surat,Mar 2021,6135,4340.0,5634,8413.0
Surat,Jun 2021,6138,4336.0,5627,8441.0
Surat,Sep 2021,6150,4326.0,5638,8470.0
Surat,Dec 2021,6179,4338.0,5668,8509.0
Surat,Mar 2022,6271,4433.0,5753,8616.0
Surat,Jun 2022,6310,4531.0,5801,8594.0
Surat,Sep 2022,6358,4637.0,5851,8596.0
Surat,Dec 2022,6434,4796.0,5899,8676.0
Surat,Mar 2023,6492,4954.0,5940,8698.0
Surat,Jun 2023,6578,5134.0,5999,8775.0
Surat,Sep 2023,6649,5310.0,6050,8815.0
Surat,Dec 2023,6761,5554.0,6143,8877.0
Surat,Mar 2024,6879,5689.0,6274,8957.0
Surat,Jun 2024,6984,5768.0,6370,9097.0
Surat,Sep 2024,7126,5916.0,6501,9259.0
Vadodara,Jun-2013,3300,2704.0,3450,3775.0
Vadodara,Sep-2013,3311,2692.0,3471,3770.0
Vadodara,Dec-2013,3316,2714.0,3469,3784.0
Vadodara,Mar-2014,3325,2812.0,3448,3781.0
Vadodara,Jun-2014,3355,2918.0,3456,3775.0
Vadodara,Sep-2014,3438,3030.0,3521,3917.0
Vadodara,Dec-2014,3494,3099.0,3564,4049.0
Vadodara,Mar-2015,3554,3134.0,3622,4195.0
Vadodara,Jun-2015,3589,3156.0,3651,4311.0
Vadodara,Sep-2015,3578,3155.0,3641,4264.0
Vadodara,Dec-2015,3580,3180.0,3639,4235.0
Vadodara,Mar-2016,3573,3181.0,3630,4209.0
Vadodara,Jun-2016,3623,3353.0,3637,4269.0
Vadodara,Sep-2016,3623,3363.0,3654,4109.0
Vadodara,Dec-2016,3644,3382.0,3690,4011.0
Vadodara,Mar-2017,3669,3415.0,3724,3948.0
Vadodara,Jun-2017,3605,3235.0,3702,3876.0
Vadodara,Sep-2017,3597,3223.0,3680,3978.0
Vadodara,Dec-2017,3580,3213.0,3641,4114.0
Vadodara,Mar-2018,3511,3139.0,3563,4143.0
Vadodara,JUN-2018,3480,3077.0,3524,4257.0
Vadodara,SEP-2018,3451,3036.0,3473,4435.0
Vadodara,DEC 2018,3484,3126.0,3482,4501.0
Vadodara,Mar 2019,3610,3255.0,3579,4842.0
Vadodara,Jun 2019,3725,3378.0,3681,5045.0
Vadodara,Sep 2019,3805,3455.0,3762,5126.0
Vadodara,Dec 2019,3905,3529.0,3883,5125.0
Vadodara,Mar 2020,3935,3553.0,3930,5047.0
Vadodara,Jun 2020,3948,3556.0,3959,4960.0
Vadodara,Sep 2020,3954,3557.0,3974,4910.0
Vadodara,Dec 2020,3937,3549.0,3954,4880.0
Vadodara,Mar 2021,3928,3561.0,3944,4833.0
Vadodara,Jun 2021,3926,3576.0,3940,4801.0
Vadodara,Sep 2021,3938,3590.0,3955,4781.0
Vadodara,Dec 2021,3986,3629.0,3977,5058.0
Vadodara,Mar 2022,4035,3658.0,4010,5289.0
Vadodara,Jun 2022,4092,3723.0,4046,5482.0
Vadodara,Sep 2022,4145,3798.0,4072,5706.0
Vadodara,Dec 2022,4173,3847.0,4101,5665.0
Vadodara,Mar 2023,4241,3901.0,4176,5710.0
Vadodara,Jun 2023,4352,3928.0,4292,6015.0
Vadodara,Sep 2023,4466,3973.0,4427,6159.0
Vadodara,Dec 2023,4584,4016.0,4560,6365.0
Vadodara,Mar 2024,4708,4079.0,4700,6533.0
Vadodara,Jun 2024,4869,4219.0,4871,6674.0
Vadodara,Sep 2024,5041,4394.0,5051,6771.0
Kochi,Jun-2013,7067,4105.0,5354,7965.0
Kochi,Sep-2013,7131,4233.0,5427,8021.0
Kochi,Dec-2013,7284,4262.0,5534,8201.0
Kochi,Mar-2014,8091,4487.0,5741,9288.0
Kochi,Jun-2014,8699,5609.0,6959,9618.0
Kochi,Sep-2014,8858,5727.0,6827,9894.0
Kochi,Dec-2014,8928,5761.0,6733,10032.0
Kochi,Mar-2015,8573,5712.0,6601,9566.0
Kochi,Jun-2015,8570,5623.0,6318,9679.0
Kochi,Sep-2015,8702,5570.0,6269,9897.0
Kochi,Dec-2015,8743,5527.0,6193,9990.0
Kochi,Mar-2016,8774,5729.0,6386,9945.0
Kochi,Jun-2016,8627,6049.0,6487,9665.0
Kochi,Sep-2016,8573,6266.0,6603,9523.0
Kochi,Dec-2016,8599,6488.0,6826,9457.0
Kochi,Mar-2017,8762,6658.0,7036,9602.0
Kochi,Jun-2017,8954,6862.0,7255,9781.0
Kochi,Sep-2017,8691,6902.0,7109,9450.0
Kochi,Dec-2017,8650,6849.0,6824,9506.0
Kochi,Mar-2018,8891,6604.0,6610,9962.0
Kochi,JUN-2018,8922,6420.0,6444,10087.0
Kochi,SEP-2018,8900,6148.0,6366,10107.0
Kochi,DEC 2018,8875,5898.0,6499,10037.0
Kochi,Mar 2019,8723,5956.0,6594,9771.0
Kochi,Jun 2019,8643,5840.0,6657,9636.0
Kochi,Sep 2019,8634,5769.0,6667,9624.0
Kochi,Dec 2019,8549,5723.0,6674,9500.0
Kochi,Mar 2020,8501,5818.0,6776,9383.0
Kochi,Jun 2020,8476,5970.0,6921,9278.0
Kochi,Sep 2020,8475,6107.0,7082,9202.0
Kochi,Dec 2020,8542,6358.0,7247,9217.0
Kochi,Mar 2021,8576,6258.0,7305,9251.0
Kochi,Jun 2021,8624,6581.0,7324,9289.0
Kochi,Sep 2021,8671,6989.0,7419,9292.0
Kochi,Dec 2021,8746,7362.0,7354,9399.0
Kochi,Mar 2022,8855,7950.0,7495,9460.0
Kochi,Jun 2022,8962,8134.0,7637,9547.0
Kochi,Sep 2022,9062,8395.0,7794,9612.0
Kochi,Dec 2022,9161,8585.0,8130,9611.0
Kochi,Mar 2023,9230,8723.0,8327,9625.0
Kochi,Jun 2023,9214,8847.0,8478,9533.0
Kochi,Sep 2023,9193,8767.0,8584,9466.0
Kochi,Dec 2023,8998,8687.0,8664,9153.0
Kochi,Mar 2024,9052,8627.0,8725,9213.0
Kochi,Jun 2024,9263,8674.0,8970,9423.0
Kochi,Sep 2024,9509,8910.0,9266,9650.0
Kanpur,Jun-2013,3522,0.0,3523,3512.0
Kanpur,Sep-2013,3655,0.0,3657,3636.0
Kanpur,Dec-2013,3753,0.0,3754,3741.0
Kanpur,Mar-2014,3783,0.0,3779,3826.0
Kanpur,Jun-2014,3878,0.0,3862,4022.0
Kanpur,Sep-2014,3876,0.0,3850,4121.0
Kanpur,Dec-2014,3827,0.0,3791,4170.0
Kanpur,Mar-2015,3907,0.0,3833,4608.0
Kanpur,Jun-2015,3920,0.0,3821,4861.0
Kanpur,Sep-2015,4048,0.0,3918,5271.0
Kanpur,Dec-2015,4181,0.0,4024,5665.0
Kanpur,Mar-2016,4235,0.0,4079,5712.0
Kanpur,Jun-2016,4316,0.0,4166,5725.0
Kanpur,Sep-2016,4223,0.0,4087,5501.0
Kanpur,Dec-2016,4215,0.0,4100,5305.0
Kanpur,Mar-2017,4222,0.0,4123,5162.0
Kanpur,Jun-2017,4457,0.0,4390,5091.0
Kanpur,Sep-2017,4563,4026.0,4528,5115.0
Kanpur,Dec-2017,4652,4029.0,4634,5082.0
Kanpur,Mar-2018,4744,4044.0,4743,5044.0
Kanpur,JUN-2018,4745,4053.0,4746,5019.0
Kanpur,SEP-2018,4763,4029.0,4769,5002.0
Kanpur,DEC 2018,4794,3962.0,4798,5094.0
Kanpur,Mar 2019,4850,3872.0,4817,5564.0
Kanpur,Jun 2019,4882,3765.0,4815,5985.0
Kanpur,Sep 2019,4956,3711.0,4856,6411.0
Kanpur,Dec 2019,5001,3749.0,4873,6728.0
Kanpur,Mar 2020,5026,3801.0,4912,6616.0
Kanpur,Jun 2020,5039,3865.0,4935,6508.0
Kanpur,Sep 2020,5018,3961.0,4918,6391.0
Kanpur,Dec 2020,4994,3961.0,4893,6376.0
Kanpur,Mar 2021,5062,0.0,4910,6495.0
Kanpur,Jun 2021,5135,0.0,4976,6633.0
Kanpur,Sep 2021,5263,0.0,5072,7076.0
Kanpur,Dec 2021,5396,0.0,5204,7208.0
Kanpur,Mar 2022,5325,4156.0,5181,7166.0
Kanpur,Jun 2022,5299,4156.0,5157,7117.0
Kanpur,Sep 2022,5297,4156.0,5177,6904.0
Kanpur,Dec 2022,5317,4156.0,5243,6501.0
Kanpur,Mar 2023,5342,4156.0,5316,6075.0
Kanpur,Jun 2023,5394,4156.0,5377,6063.0
Kanpur,Sep 2023,5541,4156.0,5518,6327.0
Kanpur,Dec 2023,6572,4156.0,5626,15512.0
Kanpur,Mar 2024,6820,,5766,16787.0
Kanpur,Jun 2024,7211,,6187,16886.0
Kanpur,Sep 2024,7509,,6511,16944.0
Lucknow,Jun-2013,4578,8325.0,3889,5550.0
Lucknow,Sep-2013,4667,8562.0,3957,5655.0
Lucknow,Dec-2013,4729,8717.0,4004,5737.0
Lucknow,Mar-2014,4785,8597.0,4068,5826.0
Lucknow,Jun-2014,4826,8234.0,4129,5943.0
Lucknow,Sep-2014,4723,8338.0,4031,5748.0
Lucknow,Dec-2014,4699,8362.0,4048,5572.0
Lucknow,Mar-2015,4735,8377.0,4137,5438.0
Lucknow,Jun-2015,4750,8388.0,4201,5292.0
Lucknow,Sep-2015,4805,8389.0,4301,5217.0
Lucknow,Dec-2015,4900,8248.0,4461,5178.0
Lucknow,Mar-2016,4916,8082.0,4525,5100.0
Lucknow,Jun-2016,4917,7948.0,4550,5068.0
Lucknow,Sep-2016,4933,7867.0,4581,5069.0
Lucknow,Dec-2016,4908,8015.0,4527,5081.0
Lucknow,Mar-2017,5120,7914.0,4796,5210.0
Lucknow,Jun-2017,5330,7683.0,5046,5442.0
Lucknow,Sep-2017,5549,7495.0,5326,5601.0
Lucknow,Dec-2017,5684,6652.0,5559,5759.0
Lucknow,Mar-2018,5722,7160.0,5580,5687.0
Lucknow,JUN-2018,5680,7378.0,5538,5551.0
Lucknow,SEP-2018,5651,7168.0,5556,5429.0
Lucknow,DEC 2018,5693,6930.0,5657,5376.0
Lucknow,Mar 2019,5743,6789.0,5744,5369.0
Lucknow,Jun 2019,5761,6806.0,5787,5305.0
Lucknow,Sep 2019,5813,6923.0,5831,5361.0
Lucknow,Dec 2019,5909,7026.0,5897,5549.0
Lucknow,Mar 2020,6078,7429.0,6019,5793.0
Lucknow,Jun 2020,6277,7749.0,6192,6039.0
Lucknow,Sep 2020,6392,8012.0,6277,6202.0
Lucknow,Dec 2020,6478,8025.0,6394,6208.0
Lucknow,Mar 2021,6536,8036.0,6462,6251.0
Lucknow,Jun 2021,6460,7926.0,6331,6369.0
Lucknow,Sep 2021,6423,7767.0,6222,6619.0
Lucknow,Dec 2021,6370,7734.0,5983,7179.0
Lucknow,Mar 2022,6296,7555.0,5431,8735.0
Lucknow,Jun 2022,7431,7430.0,6898,9211.0
Lucknow,Sep 2022,8385,7315.0,8202,9374.0
Lucknow,Dec 2022,9019,7267.0,8998,9711.0
Lucknow,Mar 2023,9255,7996.0,9215,9836.0
Lucknow,Jun 2023,9334,8989.0,9104,10223.0
Lucknow,Sep 2023,9212,6150.0,8823,11594.0
Lucknow,Dec 2023,8951,5393.0,8266,12499.0
Lucknow,Mar 2024,8918,4670.0,8133,13047.0
Lucknow,Jun 2024,8899,4146.0,8053,13407.0
Lucknow,Sep 2024,9863,4001.0,9377,13565.0
Coimbatore,Jun-2013,5200,5073.0,5167,5270.0
Coimbatore,Sep-2013,5312,5135.0,5228,5454.0
Coimbatore,Dec-2013,5435,5281.0,5312,5614.0
Coimbatore,Mar-2014,5520,5308.0,5342,5778.0
Coimbatore,Jun-2014,5651,5459.0,5373,6017.0
Coimbatore,Sep-2014,5796,5666.0,5420,6259.0
Coimbatore,Dec-2014,5964,6172.0,5546,6387.0
Coimbatore,Mar-2015,6004,6691.0,5516,6379.0
Coimbatore,Jun-2015,6073,7058.0,5601,6352.0
Coimbatore,Sep-2015,6099,7226.0,5586,6388.0
Coimbatore,Dec-2015,6137,6839.0,5537,6637.0
Coimbatore,Mar-2016,6374,7672.0,5627,6884.0
Coimbatore,Jun-2016,6541,8399.0,5679,7035.0
Coimbatore,Sep-2016,6427,7043.0,5798,6983.0
Coimbatore,Dec-2016,6658,7516.0,6035,7142.0
Coimbatore,Mar-2017,6712,7508.0,6102,7198.0
Coimbatore,Jun-2017,6743,7370.0,6120,7288.0
Coimbatore,Sep-2017,6873,7588.0,6167,7489.0
Coimbatore,Dec-2017,6887,7399.0,6194,7543.0
Coimbatore,Mar-2018,6964,7257.0,6217,7738.0
Coimbatore,JUN-2018,7043,7031.0,6232,7971.0
Coimbatore,SEP-2018,7146,6865.0,6254,8238.0
Coimbatore,DEC 2018,7169,6565.0,6251,8374.0
Coimbatore,Mar 2019,7177,6320.0,6314,8386.0
Coimbatore,Jun 2019,7243,6358.0,6450,8381.0
Coimbatore,Sep 2019,7288,6364.0,6565,8355.0
Coimbatore,Dec 2019,7273,6499.0,6614,8229.0
Coimbatore,Mar 2020,7315,6495.0,6712,8219.0
Coimbatore,Jun 2020,7311,6429.0,6763,8167.0
Coimbatore,Sep 2020,7323,6405.0,6837,8120.0
Coimbatore,Dec 2020,7396,6377.0,6963,8159.0
Coimbatore,Mar 2021,7350,6399.0,6954,8051.0
Coimbatore,Jun 2021,7200,6251.0,6843,7857.0
Coimbatore,Sep 2021,7145,7137.0,6728,7623.0
Coimbatore,Dec 2021,6957,7393.0,6532,7327.0
Coimbatore,Mar 2022,6791,7396.0,6427,7048.0
Coimbatore,Jun 2022,6720,7521.0,6403,6870.0
Coimbatore,Sep 2022,6842,7394.0,6507,7079.0
Coimbatore,Dec 2022,7262,7374.0,6752,7814.0
Coimbatore,Mar 2023,7646,7434.0,6969,8474.0
Coimbatore,Jun 2023,7993,7488.0,7201,9030.0
Coimbatore,Sep 2023,8226,7526.0,7384,9371.0
Coimbatore,Dec 2023,8343,7496.0,7519,9504.0
Coimbatore,Mar 2024,8490,7513.0,7685,9664.0
Coimbatore,Jun 2024,8617,7527.0,7884,9740.0
Coimbatore,Sep 2024,8684,7537.0,7998,9769.0
Raipur,Jun-2013,0,0.0,0,0.0
Raipur,Sep-2013,0,0.0,0,0.0
Raipur,Dec-2013,0,0.0,0,0.0
Raipur,Mar-2014,0,0.0,0,0.0
Raipur,Jun-2014,0,0.0,0,0.0
Raipur,Sep-2014,0,0.0,0,0.0
Raipur,Dec-2014,0,0.0,0,0.0
Raipur,Mar-2015,0,0.0,0,0.0
Raipur,Jun-2015,0,0.0,0,0.0
Raipur,Sep-2015,0,0.0,0,0.0
Raipur,Dec-2015,0,0.0,0,0.0
Raipur,Mar-2016,0,0.0,0,0.0
Raipur,Jun-2016,0,0.0,0,0.0
Raipur,Sep-2016,0,0.0,0,0.0
Raipur,Dec-2016,0,0.0,0,0.0
Raipur,Mar-2017,0,0.0,0,0.0
Raipur,Jun-2017,0,0.0,0,0.0
Raipur,Sep-2017,0,0.0,0,0.0
Raipur,Dec-2017,0,0.0,0,0.0
Raipur,Mar-2018,0,0.0,0,0.0
Raipur,JUN-2018,3748,3637.0,3498,4101.0
Raipur,SEP-2018,3719,3548.0,3468,4094.0
Raipur,DEC 2018,3709,3460.0,3466,4102.0
Raipur,Mar 2019,3702,3395.0,3468,4106.0
Raipur,Jun 2019,3740,3608.0,3676,4122.0
Raipur,Sep 2019,3819,3555.0,3645,4133.0
Raipur,Dec 2019,3897,3709.0,3762,4134.0
Raipur,Mar 2020,3996,3864.0,3852,4224.0
Raipur,Jun 2020,4094,3961.0,3926,4351.0
Raipur,Sep 2020,4150,3980.0,3928,4488.0
Raipur,Dec 2020,4206,3992.0,3916,4645.0
Raipur,Mar 2021,4196,3999.0,3920,4611.0
Raipur,Jun 2021,4168,4047.0,3928,4510.0
Raipur,Sep 2021,4140,4102.0,3949,4392.0
Raipur,Dec 2021,4096,4134.0,3948,4268.0
Raipur,Mar 2022,4222,4148.0,4002,4523.0
Raipur,Jun 2022,4368,4122.0,4068,4830.0
Raipur,Sep 2022,4505,4089.0,4112,5147.0
Raipur,Dec 2022,4751,4165.0,4149,5715.0
Raipur,Mar 2023,4919,4276.0,4133,6133.0
Raipur,Jun 2023,5045,4419.0,4144,6396.0
Raipur,Sep 2023,5279,4837.0,4390,6549.0
Raipur,Dec 2023,5443,5012.0,4599,6652.0
Raipur,Mar 2024,5589,5205.0,4784,6732.0
Raipur,Jun 2024,5697,5395.0,4864,6845.0
Raipur,Sep 2024,5787,5371.0,4884,7064.0
Patna,Jun-2013,5391,0.0,5338,5974.0
Patna,Sep-2013,5391,0.0,5338,5974.0
Patna,Dec-2013,5398,0.0,5320,6253.0
Patna,Mar-2014,5383,0.0,5306,6219.0
Patna,Jun-2014,5371,0.0,5319,5949.0
Patna,Sep-2014,5391,0.0,5338,5974.0
Patna,Dec-2014,5242,3117.0,5321,5650.0
Patna,Mar-2015,5259,3253.0,5334,5632.0
Patna,Jun-2015,5122,3274.0,5182,5569.0
Patna,Sep-2015,4969,3215.0,5011,5546.0
Patna,Dec-2015,4703,3218.0,4701,5618.0
Patna,Mar-2016,4570,3117.0,4544,5724.0
Patna,Jun-2016,4547,2979.0,4507,5913.0
Patna,Sep-2016,4544,2995.0,4462,6360.0
Patna,Dec-2016,4472,2971.0,4346,6743.0
Patna,Mar-2017,4433,2862.0,4293,6888.0
Patna,Jun-2017,4352,3979.0,4218,6040.0
Patna,Sep-2017,4310,4113.0,4241,5177.0
Patna,Dec-2017,4220,4115.0,4171,4815.0
Patna,Mar-2018,4248,4131.0,4211,4718.0
Patna,JUN-2018,4249,4174.0,4222,4593.0
Patna,SEP-2018,4304,4227.0,4288,4514.0
Patna,DEC 2018,4503,4380.0,4519,4404.0
Patna,Mar 2019,4682,4581.0,4712,4414.0
Patna,Jun 2019,4909,4707.0,4958,4505.0
Patna,Sep 2019,5080,4924.0,5118,4755.0
Patna,Dec 2019,5174,4949.0,5188,5149.0
Patna,Mar 2020,5221,4911.0,5178,5878.0
Patna,Jun 2020,5239,4975.0,5177,6070.0
Patna,Sep 2020,5256,4954.0,5190,6151.0
Patna,Dec 2020,5321,5101.0,5315,5520.0
Patna,Mar 2021,5643,5438.0,5670,5470.0
Patna,Jun 2021,5896,5661.0,5942,5534.0
Patna,Sep 2021,6159,5882.0,6222,5639.0
Patna,Dec 2021,6377,6143.0,6432,5911.0
Patna,Mar 2022,6652,6365.0,6681,6503.0
Patna,Jun 2022,6956,6638.0,6964,7060.0
Patna,Sep 2022,7369,8526.0,7274,7724.0
Patna,Dec 2022,7663,8862.0,7539,8309.0
Patna,Mar 2023,7929,9010.0,7820,8468.0
Patna,Jun 2023,8110,9083.0,8001,8728.0
Patna,Sep 2023,8250,8970.0,8154,8867.0
Patna,Dec 2023,8613,8751.0,8562,9080.0
Patna,Mar 2024,8906,8529.0,8889,9318.0
Patna,Jun 2024,9398,8343.0,9440,9557.0
Patna,Sep 2024,9757,8230.0,9823,9948.0
Bhopal,Jun-2013,3491,3106.0,3393,3806.0
Bhopal,Sep-2013,3491,3106.0,3393,3806.0
Bhopal,Dec-2013,3452,3049.0,3355,3773.0
Bhopal,Mar-2014,3368,2987.0,3310,3595.0
Bhopal,Jun-2014,3409,3041.0,3351,3630.0
Bhopal,Sep-2014,3491,3106.0,3393,3806.0
Bhopal,Dec-2014,3597,3221.0,3466,3989.0
Bhopal,Mar-2015,3686,3318.0,3521,4154.0
Bhopal,Jun-2015,3792,3402.0,3586,4358.0
Bhopal,Sep-2015,3870,3473.0,3648,4474.0
Bhopal,Dec-2015,3926,3466.0,3683,4593.0
Bhopal,Mar-2016,3974,3512.0,3707,4696.0
Bhopal,Jun-2016,3990,3481.0,3726,4718.0
Bhopal,Sep-2016,3975,3452.0,3719,4689.0
Bhopal,Dec-2016,3979,3597.0,3745,4607.0
Bhopal,Mar-2017,3984,3632.0,3788,4518.0
Bhopal,Jun-2017,3972,3718.0,3773,4488.0
Bhopal,Sep-2017,3983,3818.0,3774,4502.0
Bhopal,Dec-2017,3962,3751.0,3733,4539.0
Bhopal,Mar-2018,3942,3766.0,3676,4593.0
Bhopal,JUN-2018,3944,3750.0,3679,4595.0
Bhopal,SEP-2018,3934,3709.0,3686,4558.0
Bhopal,DEC 2018,3950,3716.0,3726,4520.0
Bhopal,Mar 2019,3940,3667.0,3742,4458.0
Bhopal,Jun 2019,3945,3640.0,3756,4452.0
Bhopal,Sep 2019,3949,3631.0,3766,4445.0
Bhopal,Dec 2019,3959,3624.0,3809,4382.0
Bhopal,Mar 2020,3996,3667.0,3872,4359.0
Bhopal,Jun 2020,4019,3705.0,3914,4335.0
Bhopal,Sep 2020,4031,3718.0,3932,4332.0
Bhopal,Dec 2020,4039,3795.0,3913,4385.0
Bhopal,Mar 2021,4049,3877.0,3942,4335.0
Bhopal,Jun 2021,4067,3981.0,3970,4312.0
Bhopal,Sep 2021,4092,4091.0,4006,4287.0
Bhopal,Dec 2021,4107,4143.0,4027,4281.0
Bhopal,Mar 2022,4186,4138.0,4112,4367.0
Bhopal,Jun 2022,4261,4313.0,4167,4465.0
Bhopal,Sep 2022,4556,4457.0,4294,5180.0
Bhopal,Dec 2022,4897,4575.0,4513,5856.0
Bhopal,Mar 2023,5198,4762.0,4728,6379.0
Bhopal,Jun 2023,5504,4919.0,5028,6735.0
Bhopal,Sep 2023,5812,5114.0,5356,7026.0
Bhopal,Dec 2023,6000,4940.0,5518,7358.0
Bhopal,Mar 2024,6166,4985.0,5612,7719.0
Bhopal,Jun 2024,6297,4869.0,5597,8244.0
Bhopal,Sep 2024,6328,4690.0,5514,8587.0
Bhubaneswar,Jun-2013,3850,2572.0,3706,4554.0
Bhubaneswar,Sep-2013,3850,2572.0,3706,4554.0
Bhubaneswar,Dec-2013,3852,2508.0,3706,4580.0
Bhubaneswar,Mar-2014,3798,2445.0,3621,4596.0
Bhubaneswar,Jun-2014,3790,2507.0,3608,4575.0
Bhubaneswar,Sep-2014,3850,2572.0,3706,4554.0
Bhubaneswar,Dec-2014,3999,2673.0,3923,4568.0
Bhubaneswar,Mar-2015,4154,2782.0,4121,4647.0
Bhubaneswar,Jun-2015,4295,2910.0,4304,4700.0
Bhubaneswar,Sep-2015,4375,3065.0,4366,4797.0
Bhubaneswar,Dec-2015,4453,3125.0,4446,4875.0
Bhubaneswar,Mar-2016,4547,3175.0,4577,4904.0
Bhubaneswar,Jun-2016,4680,3123.0,4701,5110.0
Bhubaneswar,Sep-2016,4794,3002.0,4799,5332.0
Bhubaneswar,Dec-2016,4922,2997.0,4927,5500.0
Bhubaneswar,Mar-2017,5017,2981.0,5032,5607.0
Bhubaneswar,Jun-2017,5047,2963.0,5056,5665.0
Bhubaneswar,Sep-2017,5115,2941.0,5143,5720.0
Bhubaneswar,Dec-2017,5198,2891.0,5229,5836.0
Bhubaneswar,Mar-2018,5274,2840.0,5298,5966.0
Bhubaneswar,JUN-2018,5329,2819.0,5395,5952.0
Bhubaneswar,SEP-2018,5425,2790.0,5578,5899.0
Bhubaneswar,DEC 2018,5481,2771.0,5716,5800.0
Bhubaneswar,Mar 2019,5533,2784.0,5818,5754.0
Bhubaneswar,Jun 2019,5619,2791.0,5959,5747.0
Bhubaneswar,Sep 2019,5669,2780.0,6008,5818.0
Bhubaneswar,Dec 2019,5713,2771.0,6052,5876.0
Bhubaneswar,Mar 2020,5720,2734.0,6058,5899.0
Bhubaneswar,Jun 2020,5752,2992.0,6063,5923.0
Bhubaneswar,Sep 2020,5757,3209.0,6025,5955.0
Bhubaneswar,Dec 2020,5676,3996.0,5803,5912.0
Bhubaneswar,Mar 2021,5767,4485.0,5896,5880.0
Bhubaneswar,Jun 2021,5925,4797.0,6094,5905.0
Bhubaneswar,Sep 2021,5914,4779.0,6173,5699.0
Bhubaneswar,Dec 2021,6604,4586.0,6726,6958.0
Bhubaneswar,Mar 2022,7134,4650.0,7368,7386.0
Bhubaneswar,Jun 2022,7615,4562.0,7897,7939.0
Bhubaneswar,Sep 2022,8150,5361.0,8290,8699.0
Bhubaneswar,Dec 2022,8760,5808.0,8781,9618.0
Bhubaneswar,Mar 2023,9197,5975.0,9181,10217.0
Bhubaneswar,Jun 2023,9735,6268.0,9714,10840.0
Bhubaneswar,Sep 2023,10347,6626.0,10181,11845.0
Bhubaneswar,Dec 2023,10995,8798.0,10570,12589.0
Bhubaneswar,Mar 2024,11343,9247.0,10876,13000.0
Bhubaneswar,Jun 2024,11542,9345.0,10943,13514.0
Bhubaneswar,Sep 2024,11476,9360.0,10817,13554.0
Rajkot,Jun-2013,0,0.0,0,0.0
Rajkot,Sep-2013,0,0.0,0,0.0
Rajkot,Dec-2013,0,0.0,0,0.0
Rajkot,Mar-2014,0,0.0,0,0.0
Rajkot,Jun-2014,0,0.0,0,0.0
Rajkot,Sep-2014,0,0.0,0,0.0
Rajkot,Dec-2014,0,0.0,0,0.0
Rajkot,Mar-2015,0,0.0,0,0.0
Rajkot,Jun-2015,0,0.0,0,0.0
Rajkot,Sep-2015,0,0.0,0,0.0
Rajkot,Dec-2015,0,0.0,0,0.0
Rajkot,Mar-2016,0,0.0,0,0.0
Rajkot,Jun-2016,0,0.0,0,0.0
Rajkot,Sep-2016,0,0.0,0,0.0
Rajkot,Dec-2016,0,0.0,0,0.0
Rajkot,Mar-2017,0,0.0,0,0.0
Rajkot,Jun-2017,0,0.0,0,0.0
Rajkot,Sep-2017,0,0.0,0,0.0
Rajkot,Dec-2017,0,0.0,0,0.0
Rajkot,Mar-2018,0,0.0,0,0.0
Rajkot,JUN-2018,5083,4609.0,5059,5573.0
Rajkot,SEP-2018,5130,4575.0,5130,5644.0
Rajkot,DEC 2018,5154,4473.0,5169,5751.0
Rajkot,Mar 2019,5133,4390.0,5154,5774.0
Rajkot,Jun 2019,5162,4352.0,5400,5960.0
Rajkot,Sep 2019,5210,4323.0,5271,5896.0
Rajkot,Dec 2019,5248,4357.0,5308,5939.0
Rajkot,Mar 2020,5263,4224.0,5348,6034.0
Rajkot,Jun 2020,5202,4111.0,5281,6037.0
Rajkot,Sep 2020,5149,4034.0,5227,6007.0
Rajkot,Dec 2020,5109,3913.0,5220,5970.0
Rajkot,Mar 2021,5103,3929.0,5206,5959.0
Rajkot,Jun 2021,5170,3958.0,5273,6061.0
Rajkot,Sep 2021,5208,3973.0,5291,6168.0
Rajkot,Dec 2021,5263,4122.0,5269,6304.0
Rajkot,Mar 2022,5270,4203.0,5214,6378.0
Rajkot,Jun 2022,5205,4204.0,5127,6304.0
Rajkot,Sep 2022,5151,4264.0,5051,6193.0
Rajkot,Dec 2022,5108,4295.0,5011,6075.0
Rajkot,Mar 2023,5070,4327.0,4985,5947.0
Rajkot,Jun 2023,5070,4404.0,4992,5859.0
Rajkot,Sep 2023,5150,4651.0,5052,5826.0
Rajkot,Dec 2023,5184,4672.0,5113,5814.0
Rajkot,Mar 2024,5420,4937.0,5328,6070.0
Rajkot,Jun 2024,5610,5052.0,5512,6344.0
Rajkot,Sep 2024,5713,4938.0,5644,6582.0
Vizag,Jun-2013,0,0.0,0,0.0
Vizag,Sep-2013,0,0.0,0,0.0
Vizag,Dec-2013,0,0.0,0,0.0
Vizag,Mar-2014,0,0.0,0,0.0
Vizag,Jun-2014,0,0.0,0,0.0
Vizag,Sep-2014,0,0.0,0,0.0
Vizag,Dec-2014,0,0.0,0,0.0
Vizag,Mar-2015,0,0.0,0,0.0
Vizag,Jun-2015,0,0.0,0,0.0
Vizag,Sep-2015,0,0.0,0,0.0
Vizag,Dec-2015,0,0.0,0,0.0
Vizag,Mar-2016,0,0.0,0,0.0
Vizag,Jun-2016,0,0.0,0,0.0
Vizag,Sep-2016,0,0.0,0,0.0
Vizag,Dec-2016,0,0.0,0,0.0
Vizag,Mar-2017,0,0.0,0,0.0
Vizag,Jun-2017,0,0.0,0,0.0
Vizag,Sep-2017,0,0.0,0,0.0
Vizag,Dec-2017,0,0.0,0,0.0
Vizag,Mar-2018,0,0.0,0,0.0
Vizag,JUN-2018,5110,0.0,4652,5675.0
Vizag,SEP-2018,5193,0.0,4742,5748.0
Vizag,DEC 2018,5301,5697.0,4806,5910.0
Vizag,Mar 2019,5367,5701.0,4831,6029.0
Vizag,Jun 2019,5436,0.0,4953,6421.0
Vizag,Sep 2019,5520,5701.0,4852,6345.0
Vizag,Dec 2019,5606,4966.0,5011,6340.0
Vizag,Mar 2020,5667,5044.0,5125,6335.0
Vizag,Jun 2020,5692,5065.0,5195,6305.0
Vizag,Sep 2020,5746,5072.0,5319,6274.0
Vizag,Dec 2020,5918,5131.0,5601,6310.0
Vizag,Mar 2021,6047,5123.0,5818,6329.0
Vizag,Jun 2021,6173,5116.0,6016,6366.0
Vizag,Sep 2021,6178,5118.0,6001,6396.0
Vizag,Dec 2021,6141,5064.0,5927,6406.0
Vizag,Mar 2022,6147,5106.0,5898,6454.0
Vizag,Jun 2022,6696,5249.0,5884,7699.0
Vizag,Sep 2022,7302,5409.0,6339,8490.0
Vizag,Dec 2022,7495,5644.0,6805,8345.0
Vizag,Mar 2023,7767,5906.0,7318,8321.0
Vizag,Jun 2023,7972,5930.0,7836,8139.0
Vizag,Sep 2023,8062,5934.0,8037,8093.0
Vizag,Dec 2023,8215,5949.0,8184,8254.0
Vizag,Mar 2024,8312,5976.0,8289,8342.0
Vizag,Jun 2024,8417,6022.0,8394,8444.0
Vizag,Sep 2024,8306,5762.0,7649,9116.0
Dehradun,Jun-2013,0,0.0,0,0.0
Dehradun,Sep-2013,0,0.0,0,0.0
Dehradun,Dec-2013,0,0.0,0,0.0
Dehradun,Mar-2014,0,0.0,0,0.0
Dehradun,Jun-2014,0,0.0,0,0.0
Dehradun,Sep-2014,0,0.0,0,0.0
Dehradun,Dec-2014,0,0.0,0,0.0
Dehradun,Mar-2015,0,0.0,0,0.0
Dehradun,Jun-2015,0,0.0,0,0.0
Dehradun,Sep-2015,0,0.0,0,0.0
Dehradun,Dec-2015,0,0.0,0,0.0
Dehradun,Mar-2016,0,0.0,0,0.0
Dehradun,Jun-2016,0,0.0,0,0.0
Dehradun,Sep-2016,0,0.0,0,0.0
Dehradun,Dec-2016,0,0.0,0,0.0
Dehradun,Mar-2017,0,0.0,0,0.0
Dehradun,Jun-2017,0,0.0,0,0.0
Dehradun,Sep-2017,0,0.0,0,0.0
Dehradun,Dec-2017,0,0.0,0,0.0
Dehradun,Mar-2018,0,0.0,0,0.0
Dehradun,JUN-2018,5565,5904.0,5477,5511.0
Dehradun,SEP-2018,5566,5853.0,5507,5510.0
Dehradun,DEC 2018,5564,5789.0,5527,5514.0
Dehradun,Mar 2019,5536,5705.0,5530,5484.0
Dehradun,Jun 2019,5489,5579.0,5534,5361.0
Dehradun,Sep 2019,5477,5591.0,5529,5406.0
Dehradun,Dec 2019,5485,5587.0,5553,5407.0
Dehradun,Mar 2020,5535,5682.0,5570,5464.0
Dehradun,Jun 2020,5598,5809.0,5593,5533.0
Dehradun,Sep 2020,5626,5882.0,5633,5537.0
Dehradun,Dec 2020,5708,6006.0,5633,5659.0
Dehradun,Mar 2021,5769,6029.0,5697,5731.0
Dehradun,Jun 2021,5850,6072.0,5727,5857.0
Dehradun,Sep 2021,6100,6581.0,5850,6105.0
Dehradun,Dec 2021,6240,7211.0,5970,6098.0
Dehradun,Mar 2022,6350,7447.0,6157,6115.0
Dehradun,Jun 2022,6368,7681.0,6195,6049.0
Dehradun,Sep 2022,6384,7832.0,6529,5814.0
Dehradun,Dec 2022,6446,7845.0,6660,5845.0
Dehradun,Mar 2023,6454,8091.0,6619,5807.0
Dehradun,Jun 2023,6657,8523.0,6860,5911.0
Dehradun,Sep 2023,6792,8345.0,6895,6214.0
Dehradun,Dec 2023,7548,8342.0,7987,7260.0
Dehradun,Mar 2024,9072,10136.0,9192,8643.0
Dehradun,Jun 2024,9974,10598.0,9913,9809.0
Dehradun,Sep 2024,11766,13060.0,10557,12131.0
Ludhiana,Jun-2013,0,0.0,0,0.0
Ludhiana,Sep-2013,0,0.0,0,0.0
Ludhiana,Dec-2013,0,0.0,0,0.0
Ludhiana,Mar-2014,0,0.0,0,0.0
Ludhiana,Jun-2014,0,0.0,0,0.0
Ludhiana,Sep-2014,0,0.0,0,0.0
Ludhiana,Dec-2014,0,0.0,0,0.0
Ludhiana,Mar-2015,0,0.0,0,0.0
Ludhiana,Jun-2015,0,0.0,0,0.0
Ludhiana,Sep-2015,0,0.0,0,0.0
Ludhiana,Dec-2015,0,0.0,0,0.0
Ludhiana,Mar-2016,0,0.0,0,0.0
Ludhiana,Jun-2016,0,0.0,0,0.0
Ludhiana,Sep-2016,0,0.0,0,0.0
Ludhiana,Dec-2016,0,0.0,0,0.0
Ludhiana,Mar-2017,0,0.0,0,0.0
Ludhiana,Jun-2017,0,0.0,0,0.0
Ludhiana,Sep-2017,0,0.0,0,0.0
Ludhiana,Dec-2017,0,0.0,0,0.0
Ludhiana,Mar-2018,0,0.0,0,0.0
Ludhiana,JUN-2018,4837,3934.0,4482,5526.0
Ludhiana,SEP-2018,4832,3934.0,4453,5549.0
Ludhiana,DEC 2018,4869,3934.0,4504,5579.0
Ludhiana,Mar 2019,4874,3934.0,4505,5590.0
Ludhiana,Jun 2019,4912,4647.0,4425,5471.0
Ludhiana,Sep 2019,4877,4612.0,4443,5493.0
Ludhiana,Dec 2019,4792,4623.0,4337,5409.0
Ludhiana,Mar 2020,4748,4646.0,4261,5387.0
Ludhiana,Jun 2020,4693,4647.0,4171,5360.0
Ludhiana,Sep 2020,4665,4644.0,4115,5360.0
Ludhiana,Dec 2020,4696,4677.0,4139,5399.0
Ludhiana,Mar 2021,4759,4618.0,4230,5460.0
Ludhiana,Jun 2021,4881,4570.0,4400,5569.0
Ludhiana,Sep 2021,5014,4701.0,4480,5768.0
Ludhiana,Dec 2021,5142,4826.0,4531,5993.0
Ludhiana,Mar 2022,5247,4973.0,4638,6084.0
Ludhiana,Jun 2022,5365,5235.0,4757,6162.0
Ludhiana,Sep 2022,5426,5398.0,4872,6128.0
Ludhiana,Dec 2022,5482,5499.0,5005,6074.0
Ludhiana,Mar 2023,5609,5695.0,5060,6273.0
Ludhiana,Jun 2023,5776,5834.0,5249,6420.0
Ludhiana,Sep 2023,5925,5926.0,5409,6572.0
Ludhiana,Dec 2023,6106,6043.0,5586,6774.0
Ludhiana,Mar 2024,6246,6027.0,5801,6863.0
Ludhiana,Jun 2024,6066,5837.0,5820,6436.0
Ludhiana,Sep 2024,6952,5756.0,5900,8594.0
Guwahati,Jun-2013,0,0.0,0,0.0
Guwahati,Sep-2013,0,0.0,0,0.0
Guwahati,Dec-2013,0,0.0,0,0.0
Guwahati,Mar-2014,0,0.0,0,0.0
Guwahati,Jun-2014,0,0.0,0,0.0
Guwahati,Sep-2014,0,0.0,0,0.0
Guwahati,Dec-2014,0,0.0,0,0.0
Guwahati,Mar-2015,0,0.0,0,0.0
Guwahati,Jun-2015,0,0.0,0,0.0
Guwahati,Sep-2015,0,0.0,0,0.0
Guwahati,Dec-2015,0,0.0,0,0.0
Guwahati,Mar-2016,0,0.0,0,0.0
Guwahati,Jun-2016,0,0.0,0,0.0
Guwahati,Sep-2016,0,0.0,0,0.0
Guwahati,Dec-2016,0,0.0,0,0.0
Guwahati,Mar-2017,0,0.0,0,0.0
Guwahati,Jun-2017,0,0.0,0,0.0
Guwahati,Sep-2017,0,0.0,0,0.0
Guwahati,Dec-2017,0,0.0,0,0.0
Guwahati,Mar-2018,0,0.0,0,0.0
Guwahati,JUN-2018,4518,3905.0,4448,5394.0
Guwahati,SEP-2018,4624,3951.0,4600,5420.0
Guwahati,DEC 2018,4751,4042.0,4775,5438.0
Guwahati,Mar 2019,4837,4127.0,4885,5454.0
Guwahati,Jun 2019,4913,4178.0,5027,5878.0
Guwahati,Sep 2019,4966,4244.0,4998,5643.0
Guwahati,Dec 2019,5003,4264.0,5021,5740.0
Guwahati,Mar 2020,5037,4341.0,5005,5884.0
Guwahati,Jun 2020,5031,4380.0,4991,5855.0
Guwahati,Sep 2020,5018,4398.0,4957,5874.0
Guwahati,Dec 2020,4999,4410.0,4907,5916.0
Guwahati,Mar 2021,4989,4407.0,4875,5965.0
Guwahati,Jun 2021,5089,4506.0,4984,6041.0
Guwahati,Sep 2021,5210,4605.0,5140,6079.0
Guwahati,Dec 2021,5349,4753.0,5327,6059.0
Guwahati,Mar 2022,5572,4962.0,5564,6254.0
Guwahati,Jun 2022,5785,5139.0,5752,6580.0
Guwahati,Sep 2022,6017,5468.0,5933,6868.0
Guwahati,Dec 2022,6182,5716.0,6076,7010.0
Guwahati,Mar 2023,6296,5915.0,6145,7175.0
Guwahati,Jun 2023,6612,6016.0,6644,7153.0
Guwahati,Sep 2023,6655,5978.0,6733,7142.0
Guwahati,Dec 2023,6767,6066.0,6853,7255.0
Guwahati,Mar 2024,6842,6107.0,6957,7275.0
Guwahati,Jun 2024,6733,6184.0,6740,7301.0
Guwahati,Sep 2024,6872,6323.0,6721,7929.0
Vijayawada,Jun-2013,0,0.0,0,0.0
Vijayawada,Sep-2013,0,0.0,0,0.0
Vijayawada,Dec-2013,0,0.0,0,0.0
Vijayawada,Mar-2014,0,0.0,0,0.0
Vijayawada,Jun-2014,0,0.0,0,0.0
Vijayawada,Sep-2014,0,0.0,0,0.0
Vijayawada,Dec-2014,0,0.0,0,0.0
Vijayawada,Mar-2015,0,0.0,0,0.0
Vijayawada,Jun-2015,0,0.0,0,0.0
Vijayawada,Sep-2015,0,0.0,0,0.0
Vijayawada,Dec-2015,0,0.0,0,0.0
Vijayawada,Mar-2016,0,0.0,0,0.0
Vijayawada,Jun-2016,0,0.0,0,0.0
Vijayawada,Sep-2016,0,0.0,0,0.0
Vijayawada,Dec-2016,0,0.0,0,0.0
Vijayawada,Mar-2017,0,0.0,0,0.0
Vijayawada,Jun-2017,0,0.0,0,0.0
Vijayawada,Sep-2017,0,0.0,0,0.0
Vijayawada,Dec-2017,0,0.0,0,0.0
Vijayawada,Mar-2018,0,0.0,0,0.0
Vijayawada,JUN-2018,6575,0.0,5957,7200.0
Vijayawada,SEP-2018,6658,0.0,5913,7413.0
Vijayawada,DEC 2018,6628,0.0,5892,7372.0
Vijayawada,Mar 2019,6471,0.0,5891,7058.0
Vijayawada,Jun 2019,6425,0.0,6187,6772.0
Vijayawada,Sep 2019,6401,0.0,6023,6784.0
Vijayawada,Dec 2019,6335,5486.0,6020,6654.0
Vijayawada,Mar 2020,6345,5401.0,6018,6676.0
Vijayawada,Jun 2020,6280,5378.0,5943,6621.0
Vijayawada,Sep 2020,6200,5377.0,5859,6544.0
Vijayawada,Dec 2020,6183,5350.0,5861,6508.0
Vijayawada,Mar 2021,6142,5348.0,5831,6456.0
Vijayawada,Jun 2021,6086,5346.0,5791,6384.0
Vijayawada,Sep 2021,6118,5351.0,5907,6331.0
Vijayawada,Dec 2021,6175,5408.0,6046,6306.0
Vijayawada,Mar 2022,6216,5534.0,6168,6264.0
Vijayawada,Jun 2022,6331,5927.0,6239,6424.0
Vijayawada,Sep 2022,6733,6429.0,6354,7117.0
Vijayawada,Dec 2022,7057,6429.0,6599,7520.0
Vijayawada,Mar 2023,7284,6429.0,6844,7729.0
Vijayawada,Jun 2023,7475,6429.0,7131,7824.0
Vijayawada,Sep 2023,7606,6429.0,7361,7854.0
Vijayawada,Dec 2023,7582,,7312,7855.0
Vijayawada,Mar 2024,7572,,7292,7856.0
Vijayawada,Jun 2024,6717,,6913,6519.0
Vijayawada,Sep 2024,6419,,6662,6172.0
Meerut,Jun-2013,0,0.0,0,0.0
Meerut,Sep-2013,0,0.0,0,0.0
Meerut,Dec-2013,0,0.0,0,0.0
Meerut,Mar-2014,0,0.0,0,0.0
Meerut,Jun-2014,0,0.0,0,0.0
Meerut,Sep-2014,0,0.0,0,0.0
Meerut,Dec-2014,0,0.0,0,0.0
Meerut,Mar-2015,0,0.0,0,0.0
Meerut,Jun-2015,0,0.0,0,0.0
Meerut,Sep-2015,0,0.0,0,0.0
Meerut,Dec-2015,0,0.0,0,0.0
Meerut,Mar-2016,0,0.0,0,0.0
Meerut,Jun-2016,0,0.0,0,0.0
Meerut,Sep-2016,0,0.0,0,0.0
Meerut,Dec-2016,0,0.0,0,0.0
Meerut,Mar-2017,0,0.0,0,0.0
Meerut,Jun-2017,0,0.0,0,0.0
Meerut,Sep-2017,0,0.0,0,0.0
Meerut,Dec-2017,0,0.0,0,0.0
Meerut,Mar-2018,0,0.0,0,0.0
Meerut,JUN-2018,4169,4307.0,4153,4169.0
Meerut,SEP-2018,4137,4165.0,4123,4168.0
Meerut,DEC 2018,4092,4043.0,4081,4143.0
Meerut,Mar 2019,4054,3897.0,3998,4276.0
Meerut,Jun 2019,4045,3863.0,3809,4672.0
Meerut,Sep 2019,4024,3848.0,3878,4516.0
Meerut,Dec 2019,4030,3880.0,3848,4619.0
Meerut,Mar 2020,4040,3995.0,3871,4553.0
Meerut,Jun 2020,4065,4108.0,3928,4453.0
Meerut,Sep 2020,4124,4263.0,4023,4376.0
Meerut,Dec 2020,4164,4336.0,4089,4327.0
Meerut,Mar 2021,4214,4402.0,4168,4286.0
Meerut,Jun 2021,4288,4458.0,4258,4319.0
Meerut,Sep 2021,4386,4494.0,4342,4475.0
Meerut,Dec 2021,4373,4529.0,4408,4216.0
Meerut,Mar 2022,4413,4528.0,4447,4275.0
Meerut,Jun 2022,4424,4527.0,4465,4268.0
Meerut,Sep 2022,4388,4534.0,4481,4063.0
Meerut,Dec 2022,4666,4533.0,4493,5224.0
Meerut,Mar 2023,4759,4657.0,4613,5224.0
Meerut,Jun 2023,4919,4771.0,4834,5224.0
Meerut,Sep 2023,5700,4936.0,5397,6862.0
Meerut,Dec 2023,5943,4769.0,5716,7025.0
Meerut,Mar 2024,6057,4528.0,5870,7144.0
Meerut,Jun 2024,6063,4630.0,5834,7239.0
Meerut,Sep 2024,6033,4562.0,5686,7572.0
Faridabad,Jun-2013,4959,0.0,4807,5703.0
Faridabad,Sep-2013,5201,0.0,5002,6170.0
Faridabad,Dec-2013,5351,0.0,5090,6621.0
Faridabad,Mar-2014,5371,0.0,5094,6718.0
Faridabad,Jun-2014,5363,0.0,5070,6790.0
Faridabad,Sep-2014,5327,0.0,5042,6713.0
Faridabad,Dec-2014,5317,0.0,5034,6695.0
Faridabad,Mar-2015,5292,0.0,4971,6853.0
Faridabad,Jun-2015,5401,0.0,5051,7106.0
Faridabad,Sep-2015,5437,0.0,5059,7279.0
Faridabad,Dec-2015,5251,4834.0,5088,7364.0
Faridabad,Mar-2016,5316,4818.0,5184,7534.0
Faridabad,Jun-2016,5295,4803.0,5126,7674.0
Faridabad,Sep-2016,5196,4828.0,4866,7963.0
Faridabad,Dec-2016,5116,4870.0,4638,8221.0
Faridabad,Mar-2017,5027,4906.0,4422,8360.0
Faridabad,Jun-2017,4944,4835.0,4305,8395.0
Faridabad,Sep-2017,4896,4700.0,4323,8302.0
Faridabad,Dec-2017,4764,4472.0,4292,7982.0
Faridabad,Mar-2018,4632,4318.0,4211,7672.0
Faridabad,JUN-2018,4557,4324.0,4148,7286.0
Faridabad,SEP-2018,4495,4338.0,4133,6757.0
Faridabad,DEC 2018,4260,4320.0,4039,5145.0
Faridabad,Mar 2019,4234,4263.0,3990,5331.0
Faridabad,Jun 2019,4198,4238.0,3908,5483.0
Faridabad,Sep 2019,4083,4305.0,3821,4657.0
Faridabad,Dec 2019,4045,4255.0,3803,4560.0
Faridabad,Mar 2020,4018,4206.0,3779,4585.0
Faridabad,Jun 2020,3999,4168.0,3762,4620.0
Faridabad,Sep 2020,3978,4131.0,3738,4666.0
Faridabad,Dec 2020,3934,4086.0,3684,4674.0
Faridabad,Mar 2021,3880,4019.0,3639,4613.0
Faridabad,Jun 2021,3870,3957.0,3614,4839.0
Faridabad,Sep 2021,3758,3899.0,3574,4207.0
Faridabad,Dec 2021,3730,3906.0,3562,3993.0
Faridabad,Mar 2022,3790,3964.0,3592,4203.0
Faridabad,Jun 2022,3874,4054.0,3638,4461.0
Faridabad,Sep 2022,4048,4156.0,3732,5246.0
Faridabad,Dec 2022,4212,4270.0,3828,5899.0
Faridabad,Mar 2023,4402,4513.0,3902,6484.0
Faridabad,Jun 2023,4532,4662.0,4004,6691.0
Faridabad,Sep 2023,4670,4757.0,4103,7152.0
Faridabad,Dec 2023,4871,4797.0,4323,7774.0
Faridabad,Mar 2024,5038,4818.0,4463,8533.0
Faridabad,Jun 2024,5197,4995.0,4546,9006.0
Faridabad,Sep 2024,5337,5060.0,4620,9698.0
Gurugram,Jun-2013,10108,14400.0,8260,9517.0
Gurugram,Sep-2013,9454,10547.0,8599,9693.0
Gurugram,Dec-2013,9469,9888.0,8922,9782.0
Gurugram,Mar-2014,9441,9507.0,9011,9837.0
Gurugram,Jun-2014,9510,9545.0,9067,9939.0
Gurugram,Sep-2014,9628,9719.0,9095,10115.0
Gurugram,Dec-2014,9767,9932.0,9092,10356.0
Gurugram,Mar-2015,9409,8459.0,8951,10418.0
Gurugram,Jun-2015,9053,7267.0,8783,10352.0
Gurugram,Sep-2015,8897,6943.0,8690,10228.0
Gurugram,Dec-2015,8787,6784.0,8650,10075.0
Gurugram,Mar-2016,8702,6554.0,8660,9978.0
Gurugram,Jun-2016,8687,6648.0,8628,9917.0
Gurugram,Sep-2016,8644,6730.0,8558,9830.0
Gurugram,Dec-2016,8578,6659.0,8502,9757.0
Gurugram,Mar-2017,8548,6772.0,8412,9704.0
Gurugram,Jun-2017,8425,6733.0,8073,9753.0
Gurugram,Sep-2017,8347,6628.0,7775,9911.0
Gurugram,Dec-2017,8275,6616.0,7379,10135.0
Gurugram,Mar-2018,8367,6589.0,7258,10513.0
Gurugram,JUN-2018,8513,6557.0,7371,10793.0
Gurugram,SEP-2018,8659,6563.0,7566,10969.0
Gurugram,DEC 2018,8759,6485.0,7865,10970.0
Gurugram,Mar 2019,8570,6034.0,7716,10893.0
Gurugram,Jun 2019,8379,5614.0,7610,10747.0
Gurugram,Sep 2019,8321,5401.0,7633,10695.0
Gurugram,Dec 2019,8338,5126.0,7815,10711.0
Gurugram,Mar 2020,8397,4931.0,8140,10647.0
Gurugram,Jun 2020,8507,4826.0,8521,10605.0
Gurugram,Sep 2020,8620,4762.0,8888,10563.0
Gurugram,Dec 2020,8788,4891.0,9016,10794.0
Gurugram,Mar 2021,8896,5146.0,8825,11122.0
Gurugram,Jun 2021,9048,5676.0,8436,11603.0
Gurugram,Sep 2021,9136,5957.0,7987,12124.0
Gurugram,Dec 2021,9029,5630.0,7597,12431.0
Gurugram,Mar 2022,9101,5261.0,7859,12564.0
Gurugram,Jun 2022,9111,5168.0,8101,12397.0
Gurugram,Sep 2022,9443,5124.0,8559,12818.0
Gurugram,Dec 2022,10297,5059.0,9166,14449.0
Gurugram,Mar 2023,11100,5160.0,10072,15549.0
Gurugram,Jun 2023,11836,5075.0,10916,16650.0
Gurugram,Sep 2023,12191,5127.0,11302,17145.0
Gurugram,Dec 2023,12929,6014.0,11900,17941.0
Gurugram,Mar 2024,14232,6832.0,12601,20132.0
Gurugram,Jun 2024,16375,7791.0,13952,23756.0
Gurugram,Sep 2024,18182,8459.0,15978,25994.0
Gandhinagar,Jun-2013,3597,3723.0,3604,3474.0
Gandhinagar,Sep-2013,3563,3590.0,3575,3505.0
Gandhinagar,Dec-2013,3591,3585.0,3597,3577.0
Gandhinagar,Mar-2014,3630,3583.0,3638,3642.0
Gandhinagar,Jun-2014,3663,3608.0,3661,3713.0
Gandhinagar,Sep-2014,3703,3626.0,3696,3786.0
Gandhinagar,Dec-2014,3780,3863.0,3744,3827.0
Gandhinagar,Mar-2015,3872,4077.0,3824,3856.0
Gandhinagar,Jun-2015,3959,4245.0,3909,3884.0
Gandhinagar,Sep-2015,4059,4385.0,4006,3960.0
Gandhinagar,Dec-2015,4121,4347.0,4095,4020.0
Gandhinagar,Mar-2016,4206,4350.0,4121,4353.0
Gandhinagar,Jun-2016,4274,4367.0,4146,4600.0
Gandhinagar,Sep-2016,4304,4328.0,4151,4763.0
Gandhinagar,Dec-2016,4310,4255.0,4146,4866.0
Gandhinagar,Mar-2017,4291,4150.0,4123,4930.0
Gandhinagar,Jun-2017,4255,3932.0,4106,4981.0
Gandhinagar,Sep-2017,4277,3902.0,4131,5039.0
Gandhinagar,Dec-2017,4294,3767.0,4180,5073.0
Gandhinagar,Mar-2018,4314,3654.0,4240,5080.0
Gandhinagar,JUN-2018,4412,3589.0,4400,5114.0
Gandhinagar,SEP-2018,4491,3598.0,4519,5123.0
Gandhinagar,DEC 2018,4577,3749.0,4614,5129.0
Gandhinagar,Mar 2019,4663,4013.0,4679,5136.0
Gandhinagar,Jun 2019,4783,4352.0,4774,5160.0
Gandhinagar,Sep 2019,4844,4414.0,4844,5192.0
Gandhinagar,Dec 2019,4899,4471.0,4913,5198.0
Gandhinagar,Mar 2020,4981,4531.0,5020,5220.0
Gandhinagar,Jun 2020,5013,4646.0,5039,5224.0
Gandhinagar,Sep 2020,5034,4733.0,5057,5205.0
Gandhinagar,Dec 2020,5077,4847.0,5091,5219.0
Gandhinagar,Mar 2021,5089,4976.0,5078,5214.0
Gandhinagar,Jun 2021,4973,4366.0,5052,5217.0
Gandhinagar,Sep 2021,4980,4124.0,5091,5324.0
Gandhinagar,Dec 2021,4993,3979.0,5114,5436.0
Gandhinagar,Mar 2022,5100,3939.0,5238,5609.0
Gandhinagar,Jun 2022,5235,3950.0,5391,5785.0
Gandhinagar,Sep 2022,5345,4031.0,5504,5905.0
Gandhinagar,Dec 2022,5447,4162.0,5599,6008.0
Gandhinagar,Mar 2023,5524,4294.0,5668,6066.0
Gandhinagar,Jun 2023,5637,4448.0,5779,6153.0
Gandhinagar,Sep 2023,5763,4678.0,5884,6260.0
Gandhinagar,Dec 2023,5658,3513.0,5975,6396.0
Gandhinagar,Mar 2024,5711,3358.0,6088,6427.0
Gandhinagar,Jun 2024,5733,3448.0,6087,6471.0
Gandhinagar,Sep 2024,5941,3519.0,6374,6541.0
Ghaziabad,Jun-2013,4241,3966.0,4241,4698.0
Ghaziabad,Sep-2013,4402,4351.0,4364,4769.0
Ghaziabad,Dec-2013,4557,4732.0,4480,4843.0
Ghaziabad,Mar-2014,4681,4976.0,4572,5001.0
Ghaziabad,Jun-2014,4728,4956.0,4631,5080.0
Ghaziabad,Sep-2014,4730,4841.0,4651,5132.0
Ghaziabad,Dec-2014,4724,4714.0,4666,5171.0
Ghaziabad,Mar-2015,4738,4626.0,4688,5295.0
Ghaziabad,Jun-2015,4751,4644.0,4693,5364.0
Ghaziabad,Sep-2015,4770,4684.0,4707,5385.0
Ghaziabad,Dec-2015,4788,4726.0,4715,5439.0
Ghaziabad,Mar-2016,4807,4830.0,4726,5375.0
Ghaziabad,Jun-2016,4810,4903.0,4714,5377.0
Ghaziabad,Sep-2016,4797,4806.0,4710,5426.0
Ghaziabad,Dec-2016,4791,4780.0,4712,5393.0
Ghaziabad,Mar-2017,4766,4709.0,4691,5422.0
Ghaziabad,Jun-2017,4738,4564.0,4683,5439.0
Ghaziabad,Sep-2017,4750,4526.0,4710,5424.0
Ghaziabad,Dec-2017,4767,4471.0,4735,5502.0
Ghaziabad,Mar-2018,4802,4419.0,4790,5531.0
Ghaziabad,JUN-2018,4866,4434.0,4863,5614.0
Ghaziabad,SEP-2018,4888,4502.0,4859,5746.0
Ghaziabad,DEC 2018,4888,4495.0,4845,5859.0
Ghaziabad,Mar 2019,4881,4487.0,4831,5913.0
Ghaziabad,Jun 2019,4841,4488.0,4781,5876.0
Ghaziabad,Sep 2019,4867,4494.0,4821,5833.0
Ghaziabad,Dec 2019,4926,4548.0,4897,5768.0
Ghaziabad,Mar 2020,4958,4616.0,4931,5730.0
Ghaziabad,Jun 2020,5031,4686.0,5017,5705.0
Ghaziabad,Sep 2020,5063,4678.0,5053,5777.0
Ghaziabad,Dec 2020,5096,4648.0,5060,6115.0
Ghaziabad,Mar 2021,5223,4697.0,5172,6481.0
Ghaziabad,Jun 2021,5369,4847.0,5305,6719.0
Ghaziabad,Sep 2021,5600,5065.0,5550,6858.0
Ghaziabad,Dec 2021,5905,5381.0,5885,6929.0
Ghaziabad,Mar 2022,6230,5739.0,6243,6945.0
Ghaziabad,Jun 2022,6773,6109.0,6802,7661.0
Ghaziabad,Sep 2022,7408,6589.0,7460,8379.0
Ghaziabad,Dec 2022,7706,6864.0,7780,8555.0
Ghaziabad,Mar 2023,7860,6955.0,7944,8734.0
Ghaziabad,Jun 2023,7949,7071.0,8069,8504.0
Ghaziabad,Sep 2023,8231,7189.0,8434,8441.0
Ghaziabad,Dec 2023,8599,7288.0,8796,9299.0
Ghaziabad,Mar 2024,9293,7688.0,9518,10276.0
Ghaziabad,Jun 2024,10150,8061.0,10428,11544.0
Ghaziabad,Sep 2024,10963,7967.0,11377,12844.0
Greater Noida,Jun-2013,4476,5212.0,4345,4430.0
Greater Noida,Sep-2013,4592,5475.0,4436,4531.0
Greater Noida,Dec-2013,4669,5619.0,4499,4609.0
Greater Noida,Mar-2014,4637,5340.0,4499,4662.0
Greater Noida,Jun-2014,4612,5030.0,4520,4688.0
Greater Noida,Sep-2014,4623,4840.0,4566,4716.0
Greater Noida,Dec-2014,4615,4703.0,4587,4680.0
Greater Noida,Mar-2015,4611,4565.0,4613,4651.0
Greater Noida,Jun-2015,4616,4496.0,4635,4640.0
Greater Noida,Sep-2015,4698,4512.0,4746,4622.0
Greater Noida,Dec-2015,4691,4538.0,4727,4655.0
Greater Noida,Mar-2016,4670,4576.0,4684,4690.0
Greater Noida,Jun-2016,4628,4623.0,4616,4707.0
Greater Noida,Sep-2016,4514,4675.0,4442,4755.0
Greater Noida,Dec-2016,4481,4670.0,4399,4753.0
Greater Noida,Mar-2017,4473,4680.0,4379,4796.0
Greater Noida,Jun-2017,4481,4687.0,4385,4812.0
Greater Noida,Sep-2017,4510,4734.0,4412,4836.0
Greater Noida,Dec-2017,4545,4841.0,4429,4895.0
Greater Noida,Mar-2018,4586,4970.0,4461,4894.0
Greater Noida,JUN-2018,4650,5103.0,4517,4932.0
Greater Noida,SEP-2018,4682,5172.0,4549,4922.0
Greater Noida,DEC 2018,4691,5121.0,4568,4938.0
Greater Noida,Mar 2019,4705,5038.0,4597,4969.0
Greater Noida,Jun 2019,4683,4970.0,4574,5007.0
Greater Noida,Sep 2019,4677,4925.0,4567,5048.0
Greater Noida,Dec 2019,4747,5000.0,4635,5122.0
Greater Noida,Mar 2020,4789,5106.0,4663,5172.0
Greater Noida,Jun 2020,4828,5200.0,4695,5193.0
Greater Noida,Sep 2020,4897,5302.0,4749,5312.0
Greater Noida,Dec 2020,4926,5350.0,4769,5374.0
Greater Noida,Mar 2021,5052,5536.0,4882,5512.0
Greater Noida,Jun 2021,5232,5755.0,5053,5701.0
Greater Noida,Sep 2021,5471,6041.0,5310,5783.0
Greater Noida,Dec 2021,5786,6287.0,5658,5982.0
Greater Noida,Mar 2022,6044,6496.0,5934,6184.0
Greater Noida,Jun 2022,6402,6684.0,6228,7110.0
Greater Noida,Sep 2022,6725,6809.0,6486,8024.0
Greater Noida,Dec 2022,6993,6990.0,6723,8577.0
Greater Noida,Mar 2023,7224,7108.0,6939,9014.0
Greater Noida,Jun 2023,7502,7259.0,7161,9759.0
Greater Noida,Sep 2023,7775,7456.0,7405,10282.0
Greater Noida,Dec 2023,8187,7734.0,7765,11152.0
Greater Noida,Mar 2024,8719,8022.0,8264,12142.0
Greater Noida,Jun 2024,9408,8900.0,8869,13120.0
Greater Noida,Sep 2024,10091,9710.0,9509,13911.0
Noida,Jun-2013,7596,9819.0,6599,7723.0
Noida,Sep-2013,7750,9888.0,6784,7884.0
Noida,Dec-2013,7906,10007.0,6940,8060.0
Noida,Mar-2014,8050,10274.0,6962,8313.0
Noida,Jun-2014,8148,10440.0,6940,8549.0
Noida,Sep-2014,8136,9992.0,6991,8708.0
Noida,Dec-2014,8123,9578.0,7053,8829.0
Noida,Mar-2015,8042,9083.0,7113,8790.0
Noida,Jun-2015,8060,9114.0,7194,8706.0
Noida,Sep-2015,8163,9376.0,7295,8716.0
Noida,Dec-2015,8162,9602.0,7259,8629.0
Noida,Mar-2016,8189,9804.0,7264,8581.0
Noida,Jun-2016,8154,9807.0,7236,8513.0
Noida,Sep-2016,8051,9930.0,7065,8372.0
Noida,Dec-2016,8047,9900.0,7061,8385.0
Noida,Mar-2017,7971,9589.0,7033,8380.0
Noida,Jun-2017,7924,9388.0,6993,8415.0
Noida,Sep-2017,7957,9258.0,7028,8548.0
Noida,Dec-2017,7992,9266.0,7047,8624.0
Noida,Mar-2018,8138,9494.0,7158,8771.0
Noida,JUN-2018,8356,9791.0,7329,9010.0
Noida,SEP-2018,8401,9782.0,7428,9007.0
Noida,DEC 2018,8284,9701.0,7254,8954.0
Noida,Mar 2019,8057,9437.0,6983,8813.0
Noida,Jun 2019,7738,8990.0,6697,8526.0
Noida,Sep 2019,7614,8873.0,6526,8468.0
Noida,Dec 2019,7612,8752.0,6576,8461.0
Noida,Mar 2020,7614,8663.0,6617,8460.0
Noida,Jun 2020,7613,8540.0,6631,8511.0
Noida,Sep 2020,7590,8210.0,6666,8589.0
Noida,Dec 2020,7523,7799.0,6674,8619.0
Noida,Mar 2021,7630,7663.0,6867,8746.0
Noida,Jun 2021,7798,7491.0,7169,8923.0
Noida,Sep 2021,8092,7836.0,7472,9173.0
Noida,Dec 2021,8505,8180.0,7908,9595.0
Noida,Mar 2022,9031,8772.0,8370,10175.0
Noida,Jun 2022,9579,9583.0,8791,10751.0
Noida,Sep 2022,10091,10229.0,9247,11266.0
Noida,Dec 2022,10683,10924.0,9747,11932.0
Noida,Mar 2023,10990,11288.0,9907,12424.0
Noida,Jun 2023,11444,11469.0,10126,13393.0
Noida,Sep 2023,11802,11677.0,10087,14435.0
Noida,Dec 2023,12540,12575.0,10507,15549.0
Noida,Mar 2024,13650,13401.0,11507,16996.0
Noida,Jun 2024,14725,14099.0,12465,18478.0
Noida,Sep 2024,15929,14730.0,13525,20246.0
Delhi,Jun-2013,10081,6737.0,8266,16267.0
Delhi,Sep-2013,10064,6674.0,8228,16325.0
Delhi,Dec-2013,9999,6609.0,8181,16223.0
Delhi,Mar-2014,9925,6543.0,8132,16091.0
Delhi,Jun-2014,9852,6477.0,8080,15967.0
Delhi,Sep-2014,9782,6423.0,8029,15849.0
Delhi,Dec-2014,9714,6370.0,7976,15738.0
Delhi,Mar-2015,9658,6322.0,7927,15663.0
Delhi,Jun-2015,9601,6274.0,7876,15585.0
Delhi,Sep-2015,9537,6223.0,7821,15493.0
Delhi,Dec-2015,9471,6168.0,7767,15394.0
Delhi,Mar-2016,9407,6115.0,7715,15298.0
Delhi,Jun-2016,9345,6065.0,7670,15194.0
Delhi,Sep-2016,9294,6019.0,7632,15109.0
Delhi,Dec-2016,9297,5945.0,7744,14939.0
Delhi,Mar-2017,9215,5899.0,7685,14783.0
Delhi,Jun-2017,9210,6077.0,7684,14635.0
Delhi,Sep-2017,9288,6336.0,7820,14457.0
Delhi,Dec-2017,9313,6527.0,7766,14492.0
Delhi,Mar-2018,9505,6826.0,8002,14512.0
Delhi,JUN-2018,9586,6808.0,8182,14492.0
Delhi,SEP-2018,9635,6737.0,8190,14714.0
Delhi,DEC 2018,9556,6658.0,8116,14625.0
Delhi,Mar 2019,9365,6520.0,7954,14335.0
Delhi,Jun 2019,9187,6426.0,7780,14091.0
Delhi,Sep 2019,9000,6284.0,7618,13819.0
Delhi,Dec 2019,8958,6280.0,7545,13816.0
Delhi,Mar 2020,8985,6229.0,7531,13988.0
Delhi,Jun 2020,9016,6255.0,7514,14124.0
Delhi,Sep 2020,9017,6295.0,7499,14132.0
Delhi,Dec 2020,9013,6293.0,7495,14126.0
Delhi,Mar 2021,9068,6358.0,7512,14252.0
Delhi,Jun 2021,9202,6461.0,7620,14462.0
Delhi,Sep 2021,9381,6594.0,7765,14745.0
Delhi,Dec 2021,9608,6764.0,7948,15103.0
Delhi,Mar 2022,9790,6895.0,8098,15389.0
Delhi,Jun 2022,9999,7169.0,8371,15413.0
Delhi,Sep 2022,10510,7537.0,8921,15940.0
Delhi,Dec 2022,10994,7829.0,9412,16546.0
Delhi,Mar 2023,11489,8099.0,9895,17226.0
Delhi,Jun 2023,11922,8023.0,10217,17943.0
Delhi,Sep 2023,12006,7902.0,10283,18208.0
Delhi,Dec 2023,12126,7874.0,10438,18366.0
Delhi,Mar 2024,12264,7900.0,10634,18473.0
Delhi,Jun 2024,12544,8157.0,10888,18822.0
Delhi,Sep 2024,12829,8380.0,11153,19188.0
Kalyan Dombivali,Jun-2013,6237,6027.0,7018,7704.0
Kalyan Dombivali,Sep-2013,6354,6120.0,7226,7930.0
Kalyan Dombivali,Dec-2013,6406,6147.0,7367,8199.0
Kalyan Dombivali,Mar-2014,6511,6262.0,7457,7952.0
Kalyan Dombivali,Jun-2014,6654,6424.0,7537,7784.0
Kalyan Dombivali,Sep-2014,6846,6619.0,7741,7635.0
Kalyan Dombivali,Dec-2014,7133,6892.0,7919,10252.0
Kalyan Dombivali,Mar-2015,7389,7160.0,8106,10771.0
Kalyan Dombivali,Jun-2015,7533,7300.0,8268,10951.0
Kalyan Dombivali,Sep-2015,7657,7441.0,8325,11029.0
Kalyan Dombivali,Dec-2015,7776,7569.0,8412,11075.0
Kalyan Dombivali,Mar-2016,7906,7695.0,8565,11075.0
Kalyan Dombivali,Jun-2016,8004,7795.0,8658,11075.0
Kalyan Dombivali,Sep-2016,8049,7840.0,8709,11077.0
Kalyan Dombivali,Dec-2016,7980,7746.0,8760,10801.0
Kalyan Dombivali,Mar-2017,7921,7666.0,8803,10623.0
Kalyan Dombivali,Jun-2017,7786,7495.0,8822,10411.0
Kalyan Dombivali,Sep-2017,7738,7425.0,8863,10384.0
Kalyan Dombivali,Dec-2017,7811,7491.0,8937,10821.0
Kalyan Dombivali,Mar-2018,7925,7607.0,9026,11236.0
Kalyan Dombivali,JUN-2018,8179,7890.0,9147,11633.0
Kalyan Dombivali,SEP-2018,8409,8143.0,9282,11772.0
Kalyan Dombivali,DEC 2018,8738,8458.0,9728,11397.0
Kalyan Dombivali,Mar 2019,8972,8701.0,9964,11030.0
Kalyan Dombivali,Jun 2019,9002,8712.0,10113,10564.0
Kalyan Dombivali,Sep 2019,9040,8736.0,10231,10311.0
Kalyan Dombivali,Dec 2019,8987,8698.0,10069,10852.0
Kalyan Dombivali,Mar 2020,8916,8648.0,9881,11187.0
Kalyan Dombivali,Jun 2020,8943,8699.0,9780,11548.0
Kalyan Dombivali,Sep 2020,8902,8676.0,9659,11604.0
Kalyan Dombivali,Dec 2020,8902,8693.0,9600,11438.0
Kalyan Dombivali,Mar 2021,8924,8715.0,9639,11236.0
Kalyan Dombivali,Jun 2021,8933,8732.0,9628,11059.0
Kalyan Dombivali,Sep 2021,8935,8768.0,9512,10744.0
Kalyan Dombivali,Dec 2021,8808,8711.0,9257,8187.0
Kalyan Dombivali,Mar 2022,8754,8680.0,9128,7890.0
Kalyan Dombivali,Jun 2022,8828,8736.0,9183,9267.0
Kalyan Dombivali,Sep 2022,8944,8832.0,9363,9711.0
Kalyan Dombivali,Dec 2022,9131,8974.0,9712,10210.0
Kalyan Dombivali,Mar 2023,9330,9129.0,10088,10596.0
Kalyan Dombivali,Jun 2023,9452,9240.0,10265,10528.0
Kalyan Dombivali,Sep 2023,9597,9386.0,10409,10651.0
Kalyan Dombivali,Dec 2023,9743,9541.0,10525,10682.0
Kalyan Dombivali,Mar 2024,9847,9645.0,10629,10766.0
Kalyan Dombivali,Jun 2024,9925,9703.0,10773,11129.0
Kalyan Dombivali,Sep 2024,9954,9725.0,10820,11340.0
Mira Bhayander,Jun-2013,9230,9016.0,9738,10085.0
Mira Bhayander,Sep-2013,9620,9397.0,10147,10577.0
Mira Bhayander,Dec-2013,9882,9713.0,10283,10849.0
Mira Bhayander,Mar-2014,10109,9985.0,10400,10979.0
Mira Bhayander,Jun-2014,10184,10080.0,10427,11289.0
Mira Bhayander,Sep-2014,10233,10140.0,10451,11383.0
Mira Bhayander,Dec-2014,10384,10182.0,10862,11495.0
Mira Bhayander,Mar-2015,10499,10201.0,11206,11535.0
Mira Bhayander,Jun-2015,10640,10327.0,11384,11530.0
Mira Bhayander,Sep-2015,10648,10249.0,11593,11544.0
Mira Bhayander,Dec-2015,10688,10258.0,11708,11577.0
Mira Bhayander,Mar-2016,10646,10230.0,11632,11601.0
Mira Bhayander,Jun-2016,10670,10200.0,11784,11663.0
Mira Bhayander,Sep-2016,10673,10185.0,11829,12157.0
Mira Bhayander,Dec-2016,10616,10133.0,11761,12276.0
Mira Bhayander,Mar-2017,10649,10132.0,11872,12332.0
Mira Bhayander,Jun-2017,10671,10166.0,11866,12356.0
Mira Bhayander,Sep-2017,10747,10312.0,11774,12691.0
Mira Bhayander,Dec-2017,10892,10534.0,11733,13704.0
Mira Bhayander,Mar-2018,11010,10730.0,11666,13637.0
Mira Bhayander,JUN-2018,11185,10987.0,11647,13637.0
Mira Bhayander,SEP-2018,11334,11174.0,11705,13974.0
Mira Bhayander,DEC 2018,11531,11404.0,11823,13974.0
Mira Bhayander,Mar 2019,11775,11686.0,11980,14091.0
Mira Bhayander,Jun 2019,11940,11891.0,12049,14208.0
Mira Bhayander,Sep 2019,12148,12119.0,12208,15042.0
Mira Bhayander,Dec 2019,12271,12245.0,12324,15333.0
Mira Bhayander,Mar 2020,12384,12347.0,12463,15333.0
Mira Bhayander,Jun 2020,12491,12403.0,12689,15333.0
Mira Bhayander,Sep 2020,12515,12384.0,12818,15333.0
Mira Bhayander,Dec 2020,12578,12413.0,12960,15458.0
Mira Bhayander,Mar 2021,12682,12448.0,13231,15583.0
Mira Bhayander,Jun 2021,12773,12498.0,13418,15708.0
Mira Bhayander,Sep 2021,12955,12657.0,13654,15833.0
Mira Bhayander,Dec 2021,13093,12768.0,13857,15833.0
Mira Bhayander,Mar 2022,13205,12810.0,14123,19861.0
Mira Bhayander,Jun 2022,13284,12869.0,14253,19301.0
Mira Bhayander,Sep 2022,13419,12947.0,14523,19374.0
Mira Bhayander,Dec 2022,13551,13101.0,14601,19171.0
Mira Bhayander,Mar 2023,13795,13327.0,14894,18903.0
Mira Bhayander,Jun 2023,14008,13584.0,15001,18946.0
Mira Bhayander,Sep 2023,14181,13803.0,15063,18870.0
Mira Bhayander,Dec 2023,14416,14030.0,15322,18978.0
Mira Bhayander,Mar 2024,14637,14289.0,15449,19269.0
Mira Bhayander,Jun 2024,14863,14510.0,15688,19417.0
Mira Bhayander,Sep 2024,15029,14661.0,15888,19421.0
Navi Mumbai,Jun-2013,11957,9757.0,12715,17276.0
Navi Mumbai,Sep-2013,11858,9754.0,12644,16208.0
Navi Mumbai,Dec-2013,11968,9858.0,12788,15962.0
Navi Mumbai,Mar-2014,12200,10148.0,13038,15606.0
Navi Mumbai,Jun-2014,12746,11241.0,13301,15954.0
Navi Mumbai,Sep-2014,13561,12417.0,13957,16309.0
Navi Mumbai,Dec-2014,14486,13447.0,14861,16795.0
Navi Mumbai,Mar-2015,15183,14156.0,15561,17388.0
Navi Mumbai,Jun-2015,15581,14441.0,16000,18031.0
Navi Mumbai,Sep-2015,15635,14105.0,16233,18487.0
Navi Mumbai,Dec-2015,15362,13614.0,16108,17885.0
Navi Mumbai,Mar-2016,15258,13422.0,16051,17789.0
Navi Mumbai,Jun-2016,15265,13516.0,16024,17631.0
Navi Mumbai,Sep-2016,15263,13611.0,15974,17570.0
Navi Mumbai,Dec-2016,15392,13859.0,15985,18323.0
Navi Mumbai,Mar-2017,15335,13853.0,15879,18517.0
Navi Mumbai,Jun-2017,15106,13155.0,15859,18854.0
Navi Mumbai,Sep-2017,15031,12714.0,15946,19238.0
Navi Mumbai,Dec-2017,14989,12305.0,16090,19369.0
Navi Mumbai,Mar-2018,15084,12124.0,16325,19607.0
Navi Mumbai,JUN-2018,15224,12184.0,16532,19473.0
Navi Mumbai,SEP-2018,15282,12070.0,16708,19239.0
Navi Mumbai,DEC 2018,15524,12360.0,16969,18933.0
Navi Mumbai,Mar 2019,15950,12482.0,17629,18560.0
Navi Mumbai,Jun 2019,16468,13012.0,18179,18598.0
Navi Mumbai,Sep 2019,17075,14001.0,18621,18695.0
Navi Mumbai,Dec 2019,17703,15396.0,18846,19125.0
Navi Mumbai,Mar 2020,18160,16648.0,18826,20090.0
Navi Mumbai,Jun 2020,18380,17388.0,18719,20821.0
Navi Mumbai,Sep 2020,18419,17809.0,18503,21404.0
Navi Mumbai,Dec 2020,18555,17775.0,18658,22422.0
Navi Mumbai,Mar 2021,18839,17603.0,19156,23135.0
Navi Mumbai,Jun 2021,18851,16965.0,19572,22557.0
Navi Mumbai,Sep 2021,19013,16320.0,20210,22315.0
Navi Mumbai,Dec 2021,19233,15864.0,20929,20978.0
Navi Mumbai,Mar 2022,19350,15764.0,21166,21086.0
Navi Mumbai,Jun 2022,19273,15961.0,20822,22417.0
Navi Mumbai,Sep 2022,19053,15905.0,20453,22894.0
Navi Mumbai,Dec 2022,19151,16059.0,20483,23450.0
Navi Mumbai,Mar 2023,19134,16065.0,20446,23503.0
Navi Mumbai,Jun 2023,19417,16374.0,20746,23428.0
Navi Mumbai,Sep 2023,19908,16996.0,21185,23682.0
Navi Mumbai,Dec 2023,20439,17719.0,21632,23960.0
Navi Mumbai,Mar 2024,21069,18409.0,22255,24280.0
Navi Mumbai,Jun 2024,21590,18682.0,22921,24693.0
Navi Mumbai,Sep 2024,22169,18915.0,23682,25357.0
Panvel,Jun-2013,7721,7093.0,8069,10790.0
Panvel,Sep-2013,7828,7215.0,8148,11073.0
Panvel,Dec-2013,7911,7299.0,8208,11416.0
Panvel,Mar-2014,7955,7340.0,8233,11735.0
Panvel,Jun-2014,7965,7329.0,8236,12076.0
Panvel,Sep-2014,8031,7367.0,8305,12428.0
Panvel,Dec-2014,8052,7254.0,8425,12818.0
Panvel,Mar-2015,8143,7229.0,8608,13112.0
Panvel,Jun-2015,8227,7198.0,8793,13329.0
Panvel,Sep-2015,8313,7158.0,8988,13538.0
Panvel,Dec-2015,8654,7527.0,9300,13911.0
Panvel,Mar-2016,9010,7811.0,9727,14252.0
Panvel,Jun-2016,9228,7887.0,10077,14516.0
Panvel,Sep-2016,9415,8062.0,10275,14707.0
Panvel,Dec-2016,9445,8039.0,10348,14821.0
Panvel,Mar-2017,9452,8019.0,10370,14982.0
Panvel,Jun-2017,9636,8305.0,10461,15086.0
Panvel,Sep-2017,9873,8532.0,10707,15358.0
Panvel,Dec-2017,10153,8746.0,11062,15504.0
Panvel,Mar-2018,10296,8818.0,11273,15619.0
Panvel,JUN-2018,10395,8660.0,11606,15866.0
Panvel,SEP-2018,10390,8409.0,11836,15894.0
Panvel,DEC 2018,10349,8211.0,11934,15986.0
Panvel,Mar 2019,10434,8196.0,12114,16093.0
Panvel,Jun 2019,10443,8202.0,12140,15926.0
Panvel,Sep 2019,10442,8196.0,12173,15561.0
Panvel,Dec 2019,10487,8308.0,12190,15161.0
Panvel,Mar 2020,10603,8505.0,12265,14845.0
Panvel,Jun 2020,10725,8677.0,12357,14752.0
Panvel,Sep 2020,10782,8788.0,12370,14717.0
Panvel,Dec 2020,10869,8908.0,12429,14746.0
Panvel,Mar 2021,10852,8889.0,12413,14741.0
Panvel,Jun 2021,10851,8925.0,12374,14781.0
Panvel,Sep 2021,10850,8942.0,12344,14914.0
Panvel,Dec 2021,10789,8941.0,12209,15055.0
Panvel,Mar 2022,10873,9093.0,12221,15226.0
Panvel,Jun 2022,10628,9127.0,11727,14760.0
Panvel,Sep 2022,10512,9162.0,11466,14643.0
Panvel,Dec 2022,10533,9277.0,11396,14683.0
Panvel,Mar 2023,10462,9284.0,11230,14830.0
Panvel,Jun 2023,10532,9331.0,11292,15280.0
Panvel,Sep 2023,10947,9642.0,11800,15775.0
Panvel,Dec 2023,11320,9876.0,12295,16287.0
Panvel,Mar 2024,11779,10112.0,12960,16837.0
Panvel,Jun 2024,12225,10390.0,13578,17138.0
Panvel,Sep 2024,12493,10514.0,13952,17805.0
Thane,Jun-2013,10530,9517.0,11953,15431.0
Thane,Sep-2013,10797,9679.0,12382,16022.0
Thane,Dec-2013,11079,9884.0,12790,16428.0
Thane,Mar-2014,11320,10227.0,12889,16143.0
Thane,Jun-2014,11435,10402.0,12923,15933.0
Thane,Sep-2014,11621,10678.0,12964,15968.0
Thane,Dec-2014,11828,10985.0,13008,15984.0
Thane,Mar-2015,11855,11003.0,12947,17537.0
Thane,Jun-2015,11920,11088.0,12919,18478.0
Thane,Sep-2015,12105,11199.0,13196,19181.0
Thane,Dec-2015,12240,11260.0,13424,19853.0
Thane,Mar-2016,12503,11498.0,13730,20108.0
Thane,Jun-2016,12655,11633.0,13919,20149.0
Thane,Sep-2016,12641,11649.0,13859,20068.0
Thane,Dec-2016,12630,11670.0,13854,19147.0
Thane,Mar-2017,12541,11577.0,13788,18826.0
Thane,Jun-2017,12689,11717.0,13963,18767.0
Thane,Sep-2017,12857,11908.0,14102,18776.0
Thane,Dec-2017,13088,12151.0,14282,19480.0
Thane,Mar-2018,13410,12510.0,14589,19067.0
Thane,JUN-2018,13569,12673.0,14789,18517.0
Thane,SEP-2018,13659,12736.0,14972,17898.0
Thane,DEC 2018,13723,12807.0,15025,17992.0
Thane,Mar 2019,13806,12952.0,15000,18030.0
Thane,Jun 2019,13839,13059.0,14903,18105.0
Thane,Sep 2019,13889,13155.0,14844,18576.0
Thane,Dec 2019,13783,12972.0,14845,18847.0
Thane,Mar 2020,13657,12729.0,14887,19237.0
Thane,Jun 2020,13567,12557.0,14901,19724.0
Thane,Sep 2020,13424,12372.0,14842,19458.0
Thane,Dec 2020,13390,12364.0,14787,19063.0
Thane,Mar 2021,13353,12377.0,14686,18652.0
Thane,Jun 2021,13283,12369.0,14525,18370.0
Thane,Sep 2021,13277,12386.0,14493,18146.0
Thane,Dec 2021,13437,12530.0,14689,18182.0
Thane,Mar 2022,13513,12607.0,14758,18329.0
Thane,Jun 2022,13643,12712.0,14918,18658.0
Thane,Sep 2022,13938,12976.0,15276,18790.0
Thane,Dec 2022,14056,13053.0,15470,18841.0
Thane,Mar 2023,14300,13168.0,15952,18926.0
Thane,Jun 2023,14526,13263.0,16408,19099.0
Thane,Sep 2023,14743,13347.0,16850,19401.0
Thane,Dec 2023,15181,13665.0,17436,20692.0
Thane,Mar 2024,15640,14043.0,18029,21277.0
Thane,Jun 2024,16168,14501.0,18679,21772.0
Thane,Sep 2024,16600,14901.0,19193,21807.0
Vasai Virar,Jun-2013,6224,6236.0,6076,7778.0
Vasai Virar,Sep-2013,6360,6373.0,6202,7833.0
Vasai Virar,Dec-2013,6427,6437.0,6296,8238.0
Vasai Virar,Mar-2014,6476,6472.0,6516,8245.0
Vasai Virar,Jun-2014,6506,6491.0,6675,8276.0
Vasai Virar,Sep-2014,6528,6504.0,6810,8392.0
Vasai Virar,Dec-2014,6608,6576.0,6988,8409.0
Vasai Virar,Mar-2015,6694,6660.0,7101,8541.0
Vasai Virar,Jun-2015,6777,6733.0,7300,8710.0
Vasai Virar,Sep-2015,6803,6751.0,7418,8807.0
Vasai Virar,Dec-2015,6807,6750.0,7497,8956.0
Vasai Virar,Mar-2016,6818,6758.0,7538,9154.0
Vasai Virar,Jun-2016,6839,6779.0,7564,9397.0
Vasai Virar,Sep-2016,6875,6810.0,7647,9982.0
Vasai Virar,Dec-2016,6879,6812.0,7677,8583.0
Vasai Virar,Mar-2017,6864,6794.0,7710,8564.0
Vasai Virar,Jun-2017,6814,6739.0,7714,8427.0
Vasai Virar,Sep-2017,6782,6706.0,7708,8279.0
Vasai Virar,Dec-2017,6773,6695.0,7707,8707.0
Vasai Virar,Mar-2018,6778,6702.0,7689,8561.0
Vasai Virar,JUN-2018,6824,6750.0,7709,8624.0
Vasai Virar,SEP-2018,6855,6778.0,7776,8791.0
Vasai Virar,DEC 2018,6892,6812.0,7852,8645.0
Vasai Virar,Mar 2019,6954,6877.0,7883,8748.0
Vasai Virar,Jun 2019,7008,6943.0,7793,9227.0
Vasai Virar,Sep 2019,7107,7056.0,7719,9729.0
Vasai Virar,Dec 2019,7233,7186.0,7780,10514.0
Vasai Virar,Mar 2020,7244,7226.0,7443,10625.0
Vasai Virar,Jun 2020,7296,7273.0,7557,10750.0
Vasai Virar,Sep 2020,7334,7307.0,7647,10833.0
Vasai Virar,Dec 2020,7342,7315.0,7653,10833.0
Vasai Virar,Mar 2021,7449,7397.0,8069,10833.0
Vasai Virar,Jun 2021,7497,7438.0,8200,10833.0
Vasai Virar,Sep 2021,7513,7453.0,8226,10833.0
Vasai Virar,Dec 2021,7547,7487.0,8273,0.0
Vasai Virar,Mar 2022,7611,7545.0,8418,0.0
Vasai Virar,Jun 2022,7781,7698.0,8766,13846.0
Vasai Virar,Sep 2022,7974,7883.0,9060,13846.0
Vasai Virar,Dec 2022,8170,8067.0,9398,12599.0
Vasai Virar,Mar 2023,8315,8204.0,9643,12242.0
Vasai Virar,Jun 2023,8412,8293.0,9847,11966.0
Vasai Virar,Sep 2023,8536,8406.0,10098,11838.0
Vasai Virar,Dec 2023,8627,8488.0,10292,12172.0
Vasai Virar,Mar 2024,8674,8531.0,10390,12331.0
Vasai Virar,Jun 2024,8766,8626.0,10454,12399.0
Vasai Virar,Sep 2024,8823,8690.0,10414,12356.0
Howrah,Jun-2013,5768,0.0,5765,5807.0
Howrah,Sep-2013,5936,0.0,5935,5951.0
Howrah,Dec-2013,6965,0.0,6998,6607.0
Howrah,Mar-2014,7365,0.0,7407,6895.0
Howrah,Jun-2014,7659,0.0,7692,7295.0
Howrah,Sep-2014,7829,0.0,7853,7560.0
Howrah,Dec-2014,7948,0.0,7959,7833.0
Howrah,Mar-2015,7741,0.0,7703,8169.0
Howrah,Jun-2015,7513,0.0,7442,8303.0
Howrah,Sep-2015,6328,3605.0,7040,8345.0
Howrah,Dec-2015,6083,3617.0,6683,8403.0
Howrah,Mar-2016,6123,5090.0,6276,8172.0
Howrah,Jun-2016,5971,5209.0,6041,7960.0
Howrah,Sep-2016,5956,5304.0,5990,7940.0
Howrah,Dec-2016,5941,5248.0,6007,7723.0
Howrah,Mar-2017,6138,5546.0,6190,7724.0
Howrah,Jun-2017,6164,5566.0,6217,7743.0
Howrah,Sep-2017,6083,5490.0,6136,7648.0
Howrah,Dec-2017,6042,5494.0,6064,7786.0
Howrah,Mar-2018,5924,5318.0,5960,7719.0
Howrah,JUN-2018,5890,5241.0,5946,7631.0
Howrah,SEP-2018,5989,5256.0,6074,7711.0
Howrah,DEC 2018,6046,5292.0,6130,7845.0
Howrah,Mar 2019,6087,5349.0,6158,7984.0
Howrah,Jun 2019,6093,5350.0,6163,8018.0
Howrah,Sep 2019,5983,5242.0,6052,7912.0
Howrah,Dec 2019,5931,5115.0,6053,7552.0
Howrah,Mar 2020,5908,5030.0,6070,7306.0
Howrah,Jun 2020,5864,4893.0,6050,7338.0
Howrah,Sep 2020,5840,4774.0,6058,7299.0
Howrah,Dec 2020,5902,4755.0,6156,7256.0
Howrah,Mar 2021,5922,4743.0,6191,7224.0
Howrah,Jun 2021,6003,4778.0,6290,7280.0
Howrah,Sep 2021,6364,6060.0,6377,7328.0
Howrah,Dec 2021,6476,6408.0,6407,7488.0
Howrah,Mar 2022,6484,6539.0,6357,7682.0
Howrah,Jun 2022,6455,6607.0,6282,7803.0
Howrah,Sep 2022,6781,6804.0,6617,8514.0
Howrah,Dec 2022,7006,6986.0,6840,8914.0
Howrah,Mar 2023,7233,7145.0,7069,9367.0
Howrah,Jun 2023,7385,7267.0,7220,9632.0
Howrah,Sep 2023,7423,7310.0,7241,9844.0
Howrah,Dec 2023,7492,7363.0,7307,10005.0
Howrah,Mar 2024,7552,7324.0,7396,10103.0
Howrah,Jun 2024,7548,7212.0,7420,10170.0
Howrah,Sep 2024,7506,7048.0,7419,10127.0
New Town Kolkata,Jun-2013,4909,4197.0,5091,6027.0
New Town Kolkata,Sep-2013,5043,4273.0,5233,6279.0
New Town Kolkata,Dec-2013,5153,4365.0,5312,6559.0
New Town Kolkata,Mar-2014,5218,4453.0,5330,6745.0
New Town Kolkata,Jun-2014,5311,4564.0,5407,6858.0
New Town Kolkata,Sep-2014,5669,4756.0,6041,6563.0
New Town Kolkata,Dec-2014,5988,4859.0,6664,6260.0
New Town Kolkata,Mar-2015,6053,4744.0,6894,6147.0
New Town Kolkata,Jun-2015,6065,4678.0,6979,6073.0
New Town Kolkata,Sep-2015,6028,4756.0,6790,6329.0
New Town Kolkata,Dec-2015,6009,4801.0,6640,6656.0
New Town Kolkata,Mar-2016,6080,4901.0,6663,6836.0
New Town Kolkata,Jun-2016,5948,4799.0,6450,6949.0
New Town Kolkata,Sep-2016,5501,4268.0,5926,7013.0
New Town Kolkata,Dec-2016,5281,4012.0,5650,7098.0
New Town Kolkata,Mar-2017,5160,3912.0,5475,7134.0
New Town Kolkata,Jun-2017,5141,3830.0,5439,7345.0
New Town Kolkata,Sep-2017,5262,3903.0,5639,7282.0
New Town Kolkata,Dec-2017,5361,3959.0,5806,7232.0
New Town Kolkata,Mar-2018,5464,3996.0,5991,7185.0
New Town Kolkata,JUN-2018,5402,4074.0,5807,7234.0
New Town Kolkata,SEP-2018,5363,4108.0,5618,7592.0
New Town Kolkata,DEC 2018,5360,4179.0,5512,7798.0
New Town Kolkata,Mar 2019,5373,4250.0,5430,8031.0
New Town Kolkata,Jun 2019,5437,4353.0,5518,7898.0
New Town Kolkata,Sep 2019,5568,4483.0,5708,7802.0
New Town Kolkata,Dec 2019,5710,4609.0,5874,7892.0
New Town Kolkata,Mar 2020,5790,4764.0,5915,7936.0
New Town Kolkata,Jun 2020,5832,4864.0,5926,7946.0
New Town Kolkata,Sep 2020,5794,4929.0,5821,7907.0
New Town Kolkata,Dec 2020,5831,4966.0,5826,8071.0
New Town Kolkata,Mar 2021,5841,4878.0,5870,8194.0
New Town Kolkata,Jun 2021,5923,4886.0,5978,8373.0
New Town Kolkata,Sep 2021,6012,4900.0,6083,8586.0
New Town Kolkata,Dec 2021,6042,4978.0,6074,8647.0
New Town Kolkata,Mar 2022,6334,5251.0,6393,8878.0
New Town Kolkata,Jun 2022,6753,5539.0,6917,9224.0
New Town Kolkata,Sep 2022,7376,5991.0,7674,9770.0
New Town Kolkata,Dec 2022,8226,6774.0,8448,11085.0
New Town Kolkata,Mar 2023,8630,7087.0,8880,11614.0
New Town Kolkata,Jun 2023,8996,7375.0,9257,12137.0
New Town Kolkata,Sep 2023,9220,7585.0,9456,12493.0
New Town Kolkata,Dec 2023,9473,7957.0,9630,12748.0
New Town Kolkata,Mar 2024,9536,8088.0,9649,12808.0
New Town Kolkata,Jun 2024,9501,8141.0,9592,12637.0
New Town Kolkata,Sep 2024,9516,8186.0,9670,12327.0
Chakan,Jun-2013,3453,3455.0,3428,3345.0
Chakan,Sep-2013,3593,3598.0,3527,3402.0
Chakan,Dec-2013,3721,3726.0,3655,3447.0
Chakan,Mar-2014,3829,3834.0,3770,3507.0
Chakan,Jun-2014,3920,3924.0,3874,3600.0
Chakan,Sep-2014,3969,3969.0,3962,3709.0
Chakan,Dec-2014,4002,4003.0,3989,3762.0
Chakan,Mar-2015,4043,4047.0,3995,3839.0
Chakan,Jun-2015,4112,4119.0,4018,3977.0
Chakan,Sep-2015,4209,4224.0,4020,4057.0
Chakan,Dec-2015,4288,4304.0,4086,4207.0
Chakan,Mar-2016,4343,4360.0,4123,4320.0
Chakan,Jun-2016,4375,4392.0,4146,4320.0
Chakan,Sep-2016,4405,4420.0,4216,4320.0
Chakan,Dec-2016,4456,4469.0,4288,4344.0
Chakan,Mar-2017,4493,4503.0,4366,4380.0
Chakan,Jun-2017,4520,4527.0,4424,4410.0
Chakan,Sep-2017,4538,4542.0,4485,4440.0
Chakan,Dec-2017,4548,4556.0,4436,4440.0
Chakan,Mar-2018,4521,4531.0,4391,4440.0
Chakan,JUN-2018,4507,4524.0,4307,0.0
Chakan,SEP-2018,4522,4551.0,4165,0.0
Chakan,DEC 2018,4519,4546.0,4154,0.0
Chakan,Mar 2019,4538,4569.0,4136,0.0
Chakan,Jun 2019,4569,4599.0,4176,0.0
Chakan,Sep 2019,4568,4591.0,4273,0.0
Chakan,Dec 2019,4577,4603.0,4242,0.0
Chakan,Mar 2020,4592,4627.0,4142,0.0
Chakan,Jun 2020,4571,4594.0,4264,0.0
Chakan,Sep 2020,4563,4577.0,4377,0.0
Chakan,Dec 2020,4576,4579.0,4534,0.0
Chakan,Mar 2021,4584,4575.0,4695,0.0
Chakan,Jun 2021,4581,4568.0,4758,0.0
Chakan,Sep 2021,4581,4564.0,4799,0.0
Chakan,Dec 2021,4547,4521.0,4881,0.0
Chakan,Mar 2022,4537,4512.0,4870,0.0
Chakan,Jun 2022,4565,4544.0,4833,0.0
Chakan,Sep 2022,4596,4567.0,4975,0.0
Chakan,Dec 2022,4613,4582.0,5011,0.0
Chakan,Mar 2023,4678,4639.0,5195,0.0
Chakan,Jun 2023,4720,4662.0,5488,0.0
Chakan,Sep 2023,4749,4693.0,5485,0.0
Chakan,Dec 2023,4813,4753.0,5599,
Chakan,Mar 2024,4835,4776.0,5613,
Chakan,Jun 2024,4936,4886.0,5596,
Chakan,Sep 2024,5050,5004.0,5658,
Pimpri Chinchwad,Jun-2013,5451,4994.0,6036,7120.0
Pimpri Chinchwad,Sep-2013,5637,5195.0,6194,7449.0
Pimpri Chinchwad,Dec-2013,5744,5275.0,6337,7622.0
Pimpri Chinchwad,Mar-2014,5829,5360.0,6418,7785.0
Pimpri Chinchwad,Jun-2014,5912,5436.0,6512,7823.0
Pimpri Chinchwad,Sep-2014,5999,5516.0,6613,7860.0
Pimpri Chinchwad,Dec-2014,6114,5630.0,6732,7870.0
Pimpri Chinchwad,Mar-2015,6256,5758.0,6905,7839.0
Pimpri Chinchwad,Jun-2015,6371,5851.0,7047,8022.0
Pimpri Chinchwad,Sep-2015,6443,5891.0,7160,8248.0
Pimpri Chinchwad,Dec-2015,6494,5907.0,7251,8516.0
Pimpri Chinchwad,Mar-2016,6527,5910.0,7321,8671.0
Pimpri Chinchwad,Jun-2016,6576,5951.0,7379,8782.0
Pimpri Chinchwad,Sep-2016,6648,6039.0,7432,8749.0
Pimpri Chinchwad,Dec-2016,6668,6084.0,7424,8601.0
Pimpri Chinchwad,Mar-2017,6670,6105.0,7399,8570.0
Pimpri Chinchwad,Jun-2017,6694,6109.0,7449,8673.0
Pimpri Chinchwad,Sep-2017,6720,6113.0,7498,8894.0
Pimpri Chinchwad,Dec-2017,6777,6140.0,7583,9274.0
Pimpri Chinchwad,Mar-2018,6825,6178.0,7642,9400.0
Pimpri Chinchwad,JUN-2018,6840,6239.0,7589,9444.0
Pimpri Chinchwad,SEP-2018,6840,6277.0,7532,9455.0
Pimpri Chinchwad,DEC 2018,6809,6279.0,7455,9404.0
Pimpri Chinchwad,Mar 2019,6776,6290.0,7355,9439.0
Pimpri Chinchwad,Jun 2019,6695,6219.0,7257,9423.0
Pimpri Chinchwad,Sep 2019,6628,6160.0,7174,9402.0
Pimpri Chinchwad,Dec 2019,6511,6027.0,7079,9329.0
Pimpri Chinchwad,Mar 2020,6424,5918.0,7030,9130.0
Pimpri Chinchwad,Jun 2020,6369,5848.0,6997,9061.0
Pimpri Chinchwad,Sep 2020,6312,5771.0,6975,8902.0
Pimpri Chinchwad,Dec 2020,6296,5756.0,6960,8793.0
Pimpri Chinchwad,Mar 2021,6284,5744.0,6950,8759.0
Pimpri Chinchwad,Jun 2021,6305,5776.0,6958,8724.0
Pimpri Chinchwad,Sep 2021,6343,5824.0,6979,8794.0
Pimpri Chinchwad,Dec 2021,6401,5874.0,7048,8924.0
Pimpri Chinchwad,Mar 2022,6446,5901.0,7106,9206.0
Pimpri Chinchwad,Jun 2022,6517,5954.0,7193,9470.0
Pimpri Chinchwad,Sep 2022,6661,6094.0,7334,9809.0
Pimpri Chinchwad,Dec 2022,6840,6252.0,7539,10092.0
Pimpri Chinchwad,Mar 2023,7007,6430.0,7681,10420.0
Pimpri Chinchwad,Jun 2023,7133,6567.0,7798,10396.0
Pimpri Chinchwad,Sep 2023,7247,6647.0,7960,10552.0
Pimpri Chinchwad,Dec 2023,7325,6702.0,8069,10697.0
Pimpri Chinchwad,Mar 2024,7452,6788.0,8248,10972.0
Pimpri Chinchwad,Jun 2024,7578,6868.0,8437,11167.0
Pimpri Chinchwad,Sep 2024,7654,6904.0,8566,11366.0
Ranchi,Jun-2013,0,0.0,0,0.0
Ranchi,Sep-2013,0,0.0,0,0.0
Ranchi,Dec-2013,0,0.0,0,0.0
Ranchi,Mar-2014,0,0.0,0,0.0
Ranchi,Jun-2014,0,0.0,0,0.0
Ranchi,Sep-2014,0,0.0,0,0.0
Ranchi,Dec-2014,0,0.0,0,0.0
Ranchi,Mar-2015,0,0.0,0,0.0
Ranchi,Jun-2015,0,0.0,0,0.0
Ranchi,Sep-2015,0,0.0,0,0.0
Ranchi,Dec-2015,0,0.0,0,0.0
Ranchi,Mar-2016,0,0.0,0,0.0
Ranchi,Jun-2016,0,0.0,0,0.0
Ranchi,Sep-2016,0,0.0,0,0.0
Ranchi,Dec-2016,0,0.0,0,0.0
Ranchi,Mar-2017,0,0.0,0,0.0
Ranchi,Jun-2017,0,0.0,0,0.0
Ranchi,Sep-2017,0,0.0,0,0.0
Ranchi,Dec-2017,0,0.0,0,0.0
Ranchi,Mar-2018,0,0.0,0,0.0
Ranchi,JUN-2018,5712,0.0,5133,6162.0
Ranchi,SEP-2018,5736,4827.0,5092,6236.0
Ranchi,DEC 2018,5699,4827.0,5048,6205.0
Ranchi,Mar 2019,5640,4837.0,4957,6171.0
Ranchi,Jun 2019,5596,4857.0,4864,6216.0
Ranchi,Sep 2019,5545,4847.0,4907,6041.0
Ranchi,Dec 2019,5578,4709.0,4879,6122.0
Ranchi,Mar 2020,5684,4806.0,4962,6245.0
Ranchi,Jun 2020,5738,4862.0,5016,6299.0
Ranchi,Sep 2020,5837,4900.0,5045,6452.0
Ranchi,Dec 2020,5943,5018.0,5131,6574.0
Ranchi,Mar 2021,6054,5011.0,5160,6749.0
Ranchi,Jun 2021,6157,5028.0,5209,6893.0
Ranchi,Sep 2021,6230,5043.0,5274,6972.0
Ranchi,Dec 2021,6240,5054.0,5309,6962.0
Ranchi,Mar 2022,6190,5152.0,5400,6804.0
Ranchi,Jun 2022,6199,5332.0,5531,6719.0
Ranchi,Sep 2022,6171,5520.0,5662,6567.0
Ranchi,Dec 2022,6211,5694.0,5804,6528.0
Ranchi,Mar 2023,6253,5777.0,5860,6559.0
Ranchi,Jun 2023,6349,5932.0,5969,6644.0
Ranchi,Sep 2023,6497,6168.0,6106,6801.0
Ranchi,Dec 2023,6658,6537.0,6266,6963.0
Ranchi,Mar 2024,6983,6991.0,6577,7299.0
Ranchi,Jun 2024,7763,7443.0,6981,8370.0
Ranchi,Sep 2024,8123,7812.0,7324,8744.0
Thiruvananthapuram,Jun-2013,5219,5088.0,4731,5871.0
Thiruvananthapuram,Sep-2013,5375,5132.0,4826,6116.0
Thiruvananthapuram,Dec-2013,5578,5338.0,5042,6302.0
Thiruvananthapuram,Mar-2014,5696,5491.0,5169,6404.0
Thiruvananthapuram,Jun-2014,5866,5660.0,5345,6566.0
Thiruvananthapuram,Sep-2014,5984,5755.0,5455,6697.0
Thiruvananthapuram,Dec-2014,6216,5846.0,5764,6839.0
Thiruvananthapuram,Mar-2015,6311,5977.0,5907,6869.0
Thiruvananthapuram,Jun-2015,6457,6215.0,6104,6941.0
Thiruvananthapuram,Sep-2015,6582,6355.0,6293,6979.0
Thiruvananthapuram,Dec-2015,6724,6714.0,6476,7051.0
Thiruvananthapuram,Mar-2016,6954,7192.0,6659,7321.0
Thiruvananthapuram,Jun-2016,7112,7333.0,6759,7558.0
Thiruvananthapuram,Sep-2016,7272,7333.0,6774,7921.0
Thiruvananthapuram,Dec-2016,7463,0.0,6824,8304.0
Thiruvananthapuram,Mar-2017,7530,0.0,6906,8350.0
Thiruvananthapuram,Jun-2017,7518,0.0,6921,8301.0
Thiruvananthapuram,Sep-2017,7403,0.0,6886,8080.0
Thiruvananthapuram,Dec-2017,7235,8204.0,6764,7773.0
Thiruvananthapuram,Mar-2018,7059,7772.0,6593,7611.0
Thiruvananthapuram,JUN-2018,6964,7016.0,6520,7543.0
Thiruvananthapuram,SEP-2018,6927,6763.0,6488,7517.0
Thiruvananthapuram,DEC 2018,6849,6373.0,6383,7502.0
Thiruvananthapuram,Mar 2019,6853,6040.0,6375,7549.0
Thiruvananthapuram,Jun 2019,6857,5957.0,6368,7576.0
Thiruvananthapuram,Sep 2019,6862,5844.0,6365,7599.0
Thiruvananthapuram,Dec 2019,6975,5871.0,6452,7756.0
Thiruvananthapuram,Mar 2020,7110,5945.0,6591,7889.0
Thiruvananthapuram,Jun 2020,7253,5992.0,6738,8034.0
Thiruvananthapuram,Sep 2020,7400,6062.0,6884,8189.0
Thiruvananthapuram,Dec 2020,7492,6076.0,7016,8235.0
Thiruvananthapuram,Mar 2021,7547,6081.0,7090,8270.0
Thiruvananthapuram,Jun 2021,7596,6096.0,7157,8298.0
Thiruvananthapuram,Sep 2021,7644,6121.0,7219,8330.0
Thiruvananthapuram,Dec 2021,7686,6123.0,7265,8369.0
Thiruvananthapuram,Mar 2022,7770,6101.0,7352,8459.0
Thiruvananthapuram,Jun 2022,7856,6086.0,7448,8540.0
Thiruvananthapuram,Sep 2022,8012,6056.0,7652,8648.0
Thiruvananthapuram,Dec 2022,8196,6019.0,7835,8852.0
Thiruvananthapuram,Mar 2023,8300,6031.0,7906,9008.0
Thiruvananthapuram,Jun 2023,8352,6049.0,7957,9064.0
Thiruvananthapuram,Sep 2023,8344,6145.0,7920,9085.0
Thiruvananthapuram,Dec 2023,8326,6310.0,7907,9045.0
Thiruvananthapuram,Mar 2024,8391,7330.0,7960,9045.0
Thiruvananthapuram,Jun 2024,8550,7961.0,8066,9236.0
Thiruvananthapuram,Sep 2024,8725,8457.0,8209,9424.0
Bhiwadi,Jun-2013,3517,3380.0,3522,3630.0
Bhiwadi,Sep-2013,3618,3412.0,3626,3783.0
Bhiwadi,Dec-2013,3727,3593.0,3726,3895.0
Bhiwadi,Mar-2014,3829,3774.0,3818,4017.0
Bhiwadi,Jun-2014,3849,3770.0,3830,4134.0
Bhiwadi,Sep-2014,3900,3819.0,3880,4209.0
Bhiwadi,Dec-2014,3915,3870.0,3886,4271.0
Bhiwadi,Mar-2015,3918,4006.0,3869,4320.0
Bhiwadi,Jun-2015,3922,4198.0,3847,4360.0
Bhiwadi,Sep-2015,3916,4305.0,3830,4319.0
Bhiwadi,Dec-2015,3897,4437.0,3798,4246.0
Bhiwadi,Mar-2016,3872,4466.0,3771,4176.0
Bhiwadi,Jun-2016,3835,4443.0,3736,4111.0
Bhiwadi,Sep-2016,3794,4399.0,3704,3982.0
Bhiwadi,Dec-2016,3817,4399.0,3733,3969.0
Bhiwadi,Mar-2017,3829,4406.0,3750,3945.0
Bhiwadi,Jun-2017,3875,4441.0,3804,3913.0
Bhiwadi,Sep-2017,3945,4540.0,3871,3978.0
Bhiwadi,Dec-2017,3964,4540.0,3895,3972.0
Bhiwadi,Mar-2018,4047,4498.0,3994,4034.0
Bhiwadi,JUN-2018,4131,4439.0,4101,4061.0
Bhiwadi,SEP-2018,4203,4309.0,4202,4073.0
Bhiwadi,DEC 2018,4191,3417.0,4295,4068.0
Bhiwadi,Mar 2019,4132,3055.0,4276,3971.0
Bhiwadi,Jun 2019,4080,2940.0,4229,3938.0
Bhiwadi,Sep 2019,3976,2917.0,4110,3897.0
Bhiwadi,Dec 2019,3910,2988.0,4024,3870.0
Bhiwadi,Mar 2020,3931,3081.0,4041,3841.0
Bhiwadi,Jun 2020,3948,3172.0,4054,3802.0
Bhiwadi,Sep 2020,3944,3272.0,4043,3752.0
Bhiwadi,Dec 2020,3940,3274.0,4039,3737.0
Bhiwadi,Mar 2021,3905,3272.0,3998,3723.0
Bhiwadi,Jun 2021,3913,3287.0,4006,3724.0
Bhiwadi,Sep 2021,3947,3302.0,4044,3740.0
Bhiwadi,Dec 2021,4020,3324.0,4127,3766.0
Bhiwadi,Mar 2022,4060,3318.0,4176,3785.0
Bhiwadi,Jun 2022,4077,3275.0,4199,3803.0
Bhiwadi,Sep 2022,4086,3193.0,4215,3852.0
Bhiwadi,Dec 2022,4074,3008.0,4213,3950.0
Bhiwadi,Mar 2023,4153,2965.0,4283,4281.0
Bhiwadi,Jun 2023,4151,2955.0,4281,4281.0
Bhiwadi,Sep 2023,5644,2997.0,5959,0.0
Bhiwadi,Dec 2023,5378,3003.0,5662,
Bhiwadi,Mar 2024,5023,3030.0,5261,
Bhiwadi,Jun 2024,4902,3084.0,5119,
Bhiwadi,Sep 2024,4665,3098.0,4852,
Bidhan Nagar (Excluding Rajarhat),Jun-2013,4173,3853.0,4208,4150.0
Bidhan Nagar (Excluding Rajarhat),Sep-2013,4262,4009.0,4315,4132.0
Bidhan Nagar (Excluding Rajarhat),Dec-2013,4651,4176.0,4643,4889.0
Bidhan Nagar (Excluding Rajarhat),Mar-2014,4891,4239.0,4847,5368.0
Bidhan Nagar (Excluding Rajarhat),Jun-2014,5089,4294.0,5021,5735.0
Bidhan Nagar (Excluding Rajarhat),Sep-2014,5243,4340.0,5176,5932.0
Bidhan Nagar (Excluding Rajarhat),Dec-2014,5354,4385.0,5312,5957.0
Bidhan Nagar (Excluding Rajarhat),Mar-2015,5481,4615.0,5444,6019.0
Bidhan Nagar (Excluding Rajarhat),Jun-2015,5585,4890.0,5549,6042.0
Bidhan Nagar (Excluding Rajarhat),Sep-2015,5673,5103.0,5628,6115.0
Bidhan Nagar (Excluding Rajarhat),Dec-2015,5920,5236.0,5881,6388.0
Bidhan Nagar (Excluding Rajarhat),Mar-2016,6116,5252.0,6084,6629.0
Bidhan Nagar (Excluding Rajarhat),Jun-2016,6267,5197.0,6232,6882.0
Bidhan Nagar (Excluding Rajarhat),Sep-2016,6375,5133.0,6345,7038.0
Bidhan Nagar (Excluding Rajarhat),Dec-2016,6316,5070.0,6288,6973.0
Bidhan Nagar (Excluding Rajarhat),Mar-2017,6351,5089.0,6325,7004.0
Bidhan Nagar (Excluding Rajarhat),Jun-2017,6461,5011.0,6286,7866.0
Bidhan Nagar (Excluding Rajarhat),Sep-2017,6694,4917.0,6315,9158.0
Bidhan Nagar (Excluding Rajarhat),Dec-2017,6998,4788.0,6435,10471.0
Bidhan Nagar (Excluding Rajarhat),Mar-2018,7187,4772.0,6514,11245.0
Bidhan Nagar (Excluding Rajarhat),JUN-2018,7402,4926.0,6698,11623.0
Bidhan Nagar (Excluding Rajarhat),SEP-2018,7595,5002.0,6903,11811.0
Bidhan Nagar (Excluding Rajarhat),DEC 2018,7715,5163.0,6958,12211.0
Bidhan Nagar (Excluding Rajarhat),Mar 2019,7841,5245.0,6992,12766.0
Bidhan Nagar (Excluding Rajarhat),Jun 2019,8001,5684.0,7039,13321.0
Bidhan Nagar (Excluding Rajarhat),Sep 2019,8126,6093.0,7068,13758.0
Bidhan Nagar (Excluding Rajarhat),Dec 2019,8283,6430.0,7203,13932.0
Bidhan Nagar (Excluding Rajarhat),Mar 2020,8410,6718.0,7325,14016.0
Bidhan Nagar (Excluding Rajarhat),Jun 2020,8494,6850.0,7398,14127.0
Bidhan Nagar (Excluding Rajarhat),Sep 2020,8529,6922.0,7430,14162.0
Bidhan Nagar (Excluding Rajarhat),Dec 2020,8551,7075.0,7435,14204.0
Bidhan Nagar (Excluding Rajarhat),Mar 2021,8496,7015.0,7330,14372.0
Bidhan Nagar (Excluding Rajarhat),Jun 2021,8466,6835.0,7284,14477.0
Bidhan Nagar (Excluding Rajarhat),Sep 2021,8466,6682.0,7257,14664.0
Bidhan Nagar (Excluding Rajarhat),Dec 2021,8469,6556.0,7211,14942.0
Bidhan Nagar (Excluding Rajarhat),Mar 2022,8519,6561.0,7231,15151.0
Bidhan Nagar (Excluding Rajarhat),Jun 2022,8524,6536.0,7180,15420.0
Bidhan Nagar (Excluding Rajarhat),Sep 2022,8649,6602.0,7200,16042.0
Bidhan Nagar (Excluding Rajarhat),Dec 2022,8678,6685.0,7343,15535.0
Bidhan Nagar (Excluding Rajarhat),Mar 2023,8751,6831.0,7596,14767.0
Bidhan Nagar (Excluding Rajarhat),Jun 2023,8821,7335.0,7928,13469.0
Bidhan Nagar (Excluding Rajarhat),Sep 2023,9007,7651.0,8279,12859.0
Bidhan Nagar (Excluding Rajarhat),Dec 2023,9373,7323.0,8545,13974.0
Bidhan Nagar (Excluding Rajarhat),Mar 2024,9625,7065.0,8778,14526.0
Bidhan Nagar (Excluding Rajarhat),Jun 2024,9786,6676.0,8918,15021.0
Bidhan Nagar (Excluding Rajarhat),Sep 2024,9849,6633.0,8917,15414.0
