year,sector,gross_capital_formation_inr_crore
2023-24,public_nonfinancial_corp,1168040
2022-23,public_nonfinancial_corp,794613
2021-22,public_nonfinancial_corp,644839
2020-21,public_nonfinancial_corp,557144
2019-20,public_nonfinancial_corp,657702
2018-19,public_nonfinancial_corp,688580
2017-18,public_nonfinancial_corp,534552
2016-17,public_nonfinancial_corp,511230
2015-16,public_nonfinancial_corp,530695
2014-15,public_nonfinancial_corp,432124
2013-14,public_nonfinancial_corp,384168
2012-13,public_nonfinancial_corp,365778
2011-12,public_nonfinancial_corp,343340
2023-24,private_nonfinancial_corp,3308275
2022-23,private_nonfinancial_corp,3260798
2021-22,private_nonfinancial_corp,2635259
2020-21,private_nonfinancial_corp,1946235
2019-20,private_nonfinancial_corp,2167136
2018-19,private_nonfinancial_corp,2164264
2017-18,private_nonfinancial_corp,1895150
2016-17,private_nonfinancial_corp,1763895
2015-16,private_nonfinancial_corp,1800493
2014-15,private_nonfinancial_corp,1611294
2013-14,private_nonfinancial_corp,1424681
2012-13,private_nonfinancial_corp,1328882
2011-12,private_nonfinancial_corp,1123768
2023-24,public_financial_corp,18998
2022-23,public_financial_corp,14787
2021-22,public_financial_corp,11270
2020-21,public_financial_corp,13485
2019-20,public_financial_corp,11742
2018-19,public_financial_corp,14131
2017-18,public_financial_corp,13699
2016-17,public_financial_corp,11652
2015-16,public_financial_corp,12362
2014-15,public_financial_corp,11678
2013-14,public_financial_corp,13489
2012-13,public_financial_corp,9857
2011-12,public_financial_corp,8428
2023-24,private_financial_corp,76214
2022-23,private_financial_corp,53224
2021-22,private_financial_corp,46938
2020-21,private_financial_corp,45397
2019-20,private_financial_corp,47815
2018-19,private_financial_corp,34346
2017-18,private_financial_corp,44074
2016-17,private_financial_corp,16694
2015-16,private_financial_corp,57780
2014-15,private_financial_corp,54200
2013-14,private_financial_corp,24202
2012-13,private_financial_corp,26953
2011-12,private_financial_corp,34268
2023-24,general_government,1208753
2022-23,general_government,957615
2021-22,general_government,886876
2020-21,general_government,765746
2019-20,general_government,719055
2018-19,general_government,675871
2017-18,general_government,621480
2016-17,general_government,578711
2015-16,general_government,500639
2014-15,general_government,440668
2013-14,general_government,397273
2012-13,general_government,343013
2011-12,general_government,306590
2023-24,households_incl_npish,3844515
2022-23,households_incl_npish,3614851
2021-22,households_incl_npish,2968302
2020-21,households_incl_npish,2135450
2019-20,households_incl_npish,2252167
2018-19,households_incl_npish,2309463
2017-18,households_incl_npish,1944226
2016-17,households_incl_npish,1594573
2015-16,households_incl_npish,1317599
2014-15,households_incl_npish,1513127
2013-14,households_incl_npish,1416428
2012-13,households_incl_npish,1465013
2011-12,households_incl_npish,1389322
2023-24,gross_capital_formation_total,9624795
2022-23,gross_capital_formation_total,8695888
2021-22,gross_capital_formation_total,7193484
2020-21,gross_capital_formation_total,5463457
2019-20,gross_capital_formation_total,5855617
2018-19,gross_capital_formation_total,5886657
2017-18,gross_capital_formation_total,5053181
2016-17,gross_capital_formation_total,4918077
2015-16,gross_capital_formation_total,4422659
2014-15,gross_capital_formation_total,4179779
2013-14,gross_capital_formation_total,3794135
2012-13,gross_capital_formation_total,3847122
2011-12,gross_capital_formation_total,3403008
