state,link_factor_new_over_old
Andaman & Nicobar Islands,1.3166234298563777
Andhra Pradesh,1.7515247152618478
Arunachal Pradesh,2.216749804655957
Assam,1.8670901843462107
Bihar,1.5129173784080114
Chandigarh,2.0960442199652447
Chhattisgarh,2.0803474047760684
Delhi,1.709264031890391
Goa,1.6799746321229396
Gujarat,1.6010282290977706
Haryana,1.7484878060038862
Himachal Pradesh,1.7958771093252386
Jharkhand,1.5900763304782863
Karnataka,2.182903928141391
Kerala,1.8480697309550205
Madhya Pradesh,1.6000062646984266
Maharashtra,1.600726251387759
Manipur,1.733803556852056
Meghalaya,1.6168377991118887
Mizoram,1.5655871588300314
Nagaland,1.15847463673598
Odisha,2.0531755485162164
Puducherry,1.337075357341385
Punjab,1.8629247434528313
Rajasthan,1.9219048639086436
Sikkim,2.0739964294757676
Tamil Nadu,1.6359007536593968
Telangana,1.983537379462033
Tripura,1.1685840066305053
Uttar Pradesh,1.7591875237601244
Uttarakhand,1.9000597539457438
West Bengal,1.5130501376048875
