state,financial_year,percapita_nsdp_current_prices_inr,transcription_flag
Andhra Pradesh,2024-25,266240.0,
Andhra Pradesh,2023-24,237951.0,
Andhra Pradesh,2022-23,219917.0,
Andhra Pradesh,2021-22,193703.0,
Andhra Pradesh,2020-21,168063.0,
Andhra Pradesh,2019-20,160341.0,
Andhra Pradesh,2018-19,154031.0,
Andhra Pradesh,2017-18,138299.0,
Andhra Pradesh,2016-17,120676.0,
Andhra Pradesh,2015-16,108002.0,
Andhra Pradesh,2014-15,93903.0,
Andhra Pradesh,2013-14,82870.0,
Andhra Pradesh,2012-13,74687.0,
Andhra Pradesh,2011-12,69000.0,
Arunachal Pradesh,2024-25,,
Arunachal Pradesh,2023-24,220209.0,
Arunachal Pradesh,2022-23,199543.0,
Arunachal Pradesh,2021-22,190851.0,
Arunachal Pradesh,2020-21,181537.0,
Arunachal Pradesh,2019-20,182171.0,
Arunachal Pradesh,2018-19,155103.0,
Arunachal Pradesh,2017-18,138836.0,
Arunachal Pradesh,2016-17,124129.0,
Arunachal Pradesh,2015-16,116985.0,
Arunachal Pradesh,2014-15,114789.0,
Arunachal Pradesh,2013-14,94135.0,
Arunachal Pradesh,2012-13,82626.0,
Arunachal Pradesh,2011-12,73540.0,
Assam,2024-25,154222.0,
Assam,2023-24,139783.0,
Assam,2022-23,119192.0,
Assam,2021-22,103371.0,
Assam,2020-21,86947.0,
Assam,2019-20,90123.0,
Assam,2018-19,81034.0,
Assam,2017-18,75151.0,
Assam,2016-17,66330.0,
Assam,2015-16,60817.0,
Assam,2014-15,52895.0,
Assam,2013-14,49734.0,
Assam,2012-13,44599.0,
Assam,2011-12,41142.0,
Bihar,2024-25,,"CHECK: 2024-25 blank in screenshot, but a previously-ingested file (state_gsdp_nsdp_percapita.csv) shows a non-blank nsdp_pc_current_2024_25 value for Bihar (69321) and a different 2023-24 value (62201 vs 60180 transcribed here) -- genuine conflict between two sources, not resolved automatically."
Bihar,2023-24,60180.0,"CHECK: 2024-25 blank in screenshot, but a previously-ingested file (state_gsdp_nsdp_percapita.csv) shows a non-blank nsdp_pc_current_2024_25 value for Bihar (69321) and a different 2023-24 value (62201 vs 60180 transcribed here) -- genuine conflict between two sources, not resolved automatically."
Bihar,2022-23,53401.0,"CHECK: 2024-25 blank in screenshot, but a previously-ingested file (state_gsdp_nsdp_percapita.csv) shows a non-blank nsdp_pc_current_2024_25 value for Bihar (69321) and a different 2023-24 value (62201 vs 60180 transcribed here) -- genuine conflict between two sources, not resolved automatically."
Bihar,2021-22,47296.0,"CHECK: 2024-25 blank in screenshot, but a previously-ingested file (state_gsdp_nsdp_percapita.csv) shows a non-blank nsdp_pc_current_2024_25 value for Bihar (69321) and a different 2023-24 value (62201 vs 60180 transcribed here) -- genuine conflict between two sources, not resolved automatically."
Bihar,2020-21,42128.0,"CHECK: 2024-25 blank in screenshot, but a previously-ingested file (state_gsdp_nsdp_percapita.csv) shows a non-blank nsdp_pc_current_2024_25 value for Bihar (69321) and a different 2023-24 value (62201 vs 60180 transcribed here) -- genuine conflict between two sources, not resolved automatically."
Bihar,2019-20,44175.0,"CHECK: 2024-25 blank in screenshot, but a previously-ingested file (state_gsdp_nsdp_percapita.csv) shows a non-blank nsdp_pc_current_2024_25 value for Bihar (69321) and a different 2023-24 value (62201 vs 60180 transcribed here) -- genuine conflict between two sources, not resolved automatically."
Bihar,2018-19,40715.0,"CHECK: 2024-25 blank in screenshot, but a previously-ingested file (state_gsdp_nsdp_percapita.csv) shows a non-blank nsdp_pc_current_2024_25 value for Bihar (69321) and a different 2023-24 value (62201 vs 60180 transcribed here) -- genuine conflict between two sources, not resolved automatically."
Bihar,2017-18,36850.0,"CHECK: 2024-25 blank in screenshot, but a previously-ingested file (state_gsdp_nsdp_percapita.csv) shows a non-blank nsdp_pc_current_2024_25 value for Bihar (69321) and a different 2023-24 value (62201 vs 60180 transcribed here) -- genuine conflict between two sources, not resolved automatically."
Bihar,2016-17,34045.0,"CHECK: 2024-25 blank in screenshot, but a previously-ingested file (state_gsdp_nsdp_percapita.csv) shows a non-blank nsdp_pc_current_2024_25 value for Bihar (69321) and a different 2023-24 value (62201 vs 60180 transcribed here) -- genuine conflict between two sources, not resolved automatically."
Bihar,2015-16,30404.0,"CHECK: 2024-25 blank in screenshot, but a previously-ingested file (state_gsdp_nsdp_percapita.csv) shows a non-blank nsdp_pc_current_2024_25 value for Bihar (69321) and a different 2023-24 value (62201 vs 60180 transcribed here) -- genuine conflict between two sources, not resolved automatically."
Bihar,2014-15,28671.0,"CHECK: 2024-25 blank in screenshot, but a previously-ingested file (state_gsdp_nsdp_percapita.csv) shows a non-blank nsdp_pc_current_2024_25 value for Bihar (69321) and a different 2023-24 value (62201 vs 60180 transcribed here) -- genuine conflict between two sources, not resolved automatically."
Bihar,2013-14,26948.0,"CHECK: 2024-25 blank in screenshot, but a previously-ingested file (state_gsdp_nsdp_percapita.csv) shows a non-blank nsdp_pc_current_2024_25 value for Bihar (69321) and a different 2023-24 value (62201 vs 60180 transcribed here) -- genuine conflict between two sources, not resolved automatically."
Bihar,2012-13,24487.0,"CHECK: 2024-25 blank in screenshot, but a previously-ingested file (state_gsdp_nsdp_percapita.csv) shows a non-blank nsdp_pc_current_2024_25 value for Bihar (69321) and a different 2023-24 value (62201 vs 60180 transcribed here) -- genuine conflict between two sources, not resolved automatically."
Bihar,2011-12,21750.0,"CHECK: 2024-25 blank in screenshot, but a previously-ingested file (state_gsdp_nsdp_percapita.csv) shows a non-blank nsdp_pc_current_2024_25 value for Bihar (69321) and a different 2023-24 value (62201 vs 60180 transcribed here) -- genuine conflict between two sources, not resolved automatically."
Chhattisgarh,2024-25,162870.0,
Chhattisgarh,2023-24,148922.0,
Chhattisgarh,2022-23,134996.0,
Chhattisgarh,2021-22,123493.0,
Chhattisgarh,2020-21,106117.0,
Chhattisgarh,2019-20,106611.0,
Chhattisgarh,2018-19,102024.0,
Chhattisgarh,2017-18,88793.0,
Chhattisgarh,2016-17,83285.0,
Chhattisgarh,2015-16,72991.0,
Chhattisgarh,2014-15,72936.0,
Chhattisgarh,2013-14,69880.0,
Chhattisgarh,2012-13,60849.0,
Chhattisgarh,2011-12,55177.0,
Goa,2024-25,,
Goa,2023-24,585953.0,
Goa,2022-23,532854.0,
Goa,2021-22,459094.0,
Goa,2020-21,423047.0,
Goa,2019-20,435949.0,
Goa,2018-19,423716.0,
Goa,2017-18,411740.0,
Goa,2016-17,378953.0,
Goa,2015-16,334576.0,
Goa,2014-15,289185.0,
Goa,2013-14,215776.0,
Goa,2012-13,234354.0,
Goa,2011-12,259444.0,
Gujarat,2024-25,,
Gujarat,2023-24,297722.0,
Gujarat,2022-23,272451.0,
Gujarat,2021-22,241584.0,
Gujarat,2020-21,207324.0,
Gujarat,2019-20,212428.0,
Gujarat,2018-19,197457.0,
Gujarat,2017-18,176961.0,
Gujarat,2016-17,156295.0,
Gujarat,2015-16,139254.0,
Gujarat,2014-15,127017.0,
Gujarat,2013-14,113139.0,
Gujarat,2012-13,102826.0,
Gujarat,2011-12,87481.0,
Haryana,2024-25,353182.0,
Haryana,2023-24,319363.0,
Haryana,2022-23,289213.0,
Haryana,2021-22,265163.0,
Haryana,2020-21,225137.0,
Haryana,2019-20,232530.0,
Haryana,2018-19,223022.0,
Haryana,2017-18,208437.0,
Haryana,2016-17,184982.0,
Haryana,2015-16,164963.0,
Haryana,2014-15,147382.0,
Haryana,2013-14,137770.0,
Haryana,2012-13,121269.0,
Haryana,2011-12,106085.0,
Himachal Pradesh,2024-25,257212.0,
Himachal Pradesh,2023-24,234782.0,
Himachal Pradesh,2022-23,214489.0,
Himachal Pradesh,2021-22,193392.0,
Himachal Pradesh,2020-21,173565.0,
Himachal Pradesh,2019-20,186559.0,
Himachal Pradesh,2018-19,174804.0,
Himachal Pradesh,2017-18,165497.0,
Himachal Pradesh,2016-17,150290.0,
Himachal Pradesh,2015-16,135512.0,
Himachal Pradesh,2014-15,123299.0,
Himachal Pradesh,2013-14,114095.0,
Himachal Pradesh,2012-13,99730.0,
Himachal Pradesh,2011-12,87721.0,
Jammu & Kashmir,2024-25,154703.0,
Jammu & Kashmir,2023-24,139880.0,
Jammu & Kashmir,2022-23,126301.0,
Jammu & Kashmir,2021-22,112898.0,
Jammu & Kashmir,2020-21,101645.0,
Jammu & Kashmir,2019-20,101868.0,
Jammu & Kashmir,2018-19,98738.0,
Jammu & Kashmir,2017-18,87710.0,
Jammu & Kashmir,2016-17,78960.0,
Jammu & Kashmir,2015-16,74950.0,
Jammu & Kashmir,2014-15,62327.0,
Jammu & Kashmir,2013-14,61907.0,
Jammu & Kashmir,2012-13,57279.0,
Jammu & Kashmir,2011-12,51775.0,
Jharkhand,2024-25,,
Jharkhand,2023-24,105274.0,
Jharkhand,2022-23,96449.0,
Jharkhand,2021-22,88500.0,
Jharkhand,2020-21,69963.0,
Jharkhand,2019-20,75016.0,
Jharkhand,2018-19,75421.0,
Jharkhand,2017-18,67484.0,
Jharkhand,2016-17,60018.0,
Jharkhand,2015-16,52754.0,
Jharkhand,2014-15,57301.0,
Jharkhand,2013-14,50006.0,
Jharkhand,2012-13,47360.0,
Jharkhand,2011-12,41254.0,
Karnataka,2024-25,380906.0,
Karnataka,2023-24,339813.0,
Karnataka,2022-23,310325.0,
Karnataka,2021-22,268963.0,
Karnataka,2020-21,221683.0,
Karnataka,2019-20,222141.0,
Karnataka,2018-19,205245.0,
Karnataka,2017-18,185840.0,
Karnataka,2016-17,169898.0,
Karnataka,2015-16,148108.0,
Karnataka,2014-15,130024.0,
Karnataka,2013-14,118829.0,
Karnataka,2012-13,102319.0,
Karnataka,2011-12,90263.0,
Kerala,2024-25,,
Kerala,2023-24,279751.0,
Kerala,2022-23,252338.0,
Kerala,2021-22,230280.0,
Kerala,2020-21,194432.0,
Kerala,2019-20,208879.0,
Kerala,2018-19,205437.0,
Kerala,2017-18,183252.0,
Kerala,2016-17,166246.0,
Kerala,2015-16,148133.0,
Kerala,2014-15,135537.0,
Kerala,2013-14,123388.0,
Kerala,2012-13,110314.0,
Kerala,2011-12,97912.0,
Madhya Pradesh,2024-25,152615.0,
Madhya Pradesh,2023-24,139713.0,
Madhya Pradesh,2022-23,127947.0,
Madhya Pradesh,2021-22,117402.0,
Madhya Pradesh,2020-21,101958.0,
Madhya Pradesh,2019-20,101909.0,
Madhya Pradesh,2018-19,92337.0,
Madhya Pradesh,2017-18,81966.0,
Madhya Pradesh,2016-17,74324.0,
Madhya Pradesh,2015-16,62080.0,
Madhya Pradesh,2014-15,55678.0,
Madhya Pradesh,2013-14,51849.0,
Madhya Pradesh,2012-13,44773.0,
Madhya Pradesh,2011-12,38497.0,
Maharashtra,2024-25,309340.0,
Maharashtra,2023-24,278681.0,
Maharashtra,2022-23,252289.0,
Maharashtra,2021-22,219620.0,
Maharashtra,2020-21,182454.0,
Maharashtra,2019-20,189843.0,
Maharashtra,2018-19,182865.0,
Maharashtra,2017-18,172663.0,
Maharashtra,2016-17,163726.0,
Maharashtra,2015-16,146815.0,
Maharashtra,2014-15,132836.0,
Maharashtra,2013-14,125261.0,
Maharashtra,2012-13,112092.0,
Maharashtra,2011-12,99597.0,
Manipur,2024-25,,
Manipur,2023-24,128925.0,
Manipur,2022-23,111730.0,
Manipur,2021-22,98826.0,
Manipur,2020-21,75784.0,
Manipur,2019-20,78574.0,
Manipur,2018-19,73795.0,
Manipur,2017-18,71507.0,
Manipur,2016-17,59345.0,
Manipur,2015-16,55447.0,
Manipur,2014-15,52717.0,
Manipur,2013-14,47798.0,
Manipur,2012-13,41230.0,
Manipur,2011-12,39762.0,
Meghalaya,2024-25,149891.0,
Meghalaya,2023-24,136948.0,
Meghalaya,2022-23,123896.0,
Meghalaya,2021-22,107971.0,
Meghalaya,2020-21,90751.0,
Meghalaya,2019-20,95422.0,
Meghalaya,2018-19,88954.0,
Meghalaya,2017-18,82457.0,
Meghalaya,2016-17,77585.0,
Meghalaya,2015-16,71594.0,
Meghalaya,2014-15,66485.0,
Meghalaya,2013-14,66281.0,
Meghalaya,2012-13,64477.0,
Meghalaya,2011-12,59794.0,
Mizoram,2024-25,,
Mizoram,2023-24,235823.0,
Mizoram,2022-23,215227.0,
Mizoram,2021-22,190965.0,
Mizoram,2020-21,173521.0,
Mizoram,2019-20,195365.0,
Mizoram,2018-19,164708.0,
Mizoram,2017-18,155222.0,
Mizoram,2016-17,127107.0,
Mizoram,2015-16,114055.0,
Mizoram,2014-15,103049.0,
Mizoram,2013-14,77584.0,
Mizoram,2012-13,65013.0,
Mizoram,2011-12,57654.0,
Nagaland,2024-25,,
Nagaland,2023-24,158730.0,
Nagaland,2022-23,140673.0,
Nagaland,2021-22,127225.0,
Nagaland,2020-21,119781.0,
Nagaland,2019-20,122759.0,
Nagaland,2018-19,109198.0,
Nagaland,2017-18,102003.0,
Nagaland,2016-17,91347.0,
Nagaland,2015-16,82466.0,
Nagaland,2014-15,78367.0,
Nagaland,2013-14,71510.0,
Nagaland,2012-13,61225.0,
Nagaland,2011-12,53010.0,
Odisha,2024-25,182548.0,
Odisha,2023-24,165068.0,
Odisha,2022-23,143059.0,
Odisha,2021-22,133768.0,
Odisha,2020-21,103211.0,
Odisha,2019-20,104633.0,
Odisha,2018-19,98005.0,
Odisha,2017-18,87055.0,
Odisha,2016-17,77507.0,
Odisha,2015-16,64835.0,
Odisha,2014-15,63345.0,
Odisha,2013-14,60687.0,
Odisha,2012-13,54762.0,
Odisha,2011-12,48387.0,
Punjab,2024-25,209452.0,
Punjab,2023-24,195031.0,
Punjab,2022-23,182645.0,
Punjab,2021-22,170276.0,
Punjab,2020-21,150620.0,
Punjab,2019-20,154385.0,
Punjab,2018-19,149974.0,
Punjab,2017-18,139835.0,
Punjab,2016-17,128780.0,
Punjab,2015-16,118858.0,
Punjab,2014-15,108970.0,
Punjab,2013-14,103831.0,
Punjab,2012-13,94318.0,
Punjab,2011-12,85577.0,
Rajasthan,2024-25,185053.0,
Rajasthan,2023-24,166647.0,
Rajasthan,2022-23,150020.0,
Rajasthan,2021-22,134143.0,
Rajasthan,2020-21,114925.0,
Rajasthan,2019-20,115534.0,
Rajasthan,2018-19,106604.0,
Rajasthan,2017-18,98698.0,
Rajasthan,2016-17,91924.0,
Rajasthan,2015-16,83426.0,
Rajasthan,2014-15,76429.0,
Rajasthan,2013-14,69480.0,
Rajasthan,2012-13,63658.0,
Rajasthan,2011-12,57192.0,
Sikkim,2024-25,,
Sikkim,2023-24,587743.0,
Sikkim,2022-23,520466.0,
Sikkim,2021-22,466518.0,
Sikkim,2020-21,415045.0,
Sikkim,2019-20,412627.0,
Sikkim,2018-19,375773.0,
Sikkim,2017-18,349163.0,
Sikkim,2016-17,280729.0,
Sikkim,2015-16,245987.0,
Sikkim,2014-15,214148.0,
Sikkim,2013-14,194624.0,
Sikkim,2012-13,174183.0,
Sikkim,2011-12,158667.0,
Tamil Nadu,2024-25,358027.0,
Tamil Nadu,2023-24,315220.0,
Tamil Nadu,2022-23,277802.0,
Tamil Nadu,2021-22,242339.0,
Tamil Nadu,2020-21,209628.0,
Tamil Nadu,2019-20,206165.0,
Tamil Nadu,2018-19,194373.0,
Tamil Nadu,2017-18,175276.0,
Tamil Nadu,2016-17,156595.0,
Tamil Nadu,2015-16,142028.0,
Tamil Nadu,2014-15,129494.0,
Tamil Nadu,2013-14,116960.0,
Tamil Nadu,2012-13,105340.0,
Tamil Nadu,2011-12,93112.0,
Telangana,2024-25,379751.0,
Telangana,2023-24,346457.0,
Telangana,2022-23,314066.0,
Telangana,2021-22,269000.0,
Telangana,2020-21,225734.0,
Telangana,2019-20,231326.0,
Telangana,2018-19,209848.0,
Telangana,2017-18,179358.0,
Telangana,2016-17,159395.0,
Telangana,2015-16,140840.0,
Telangana,2014-15,124104.0,
Telangana,2013-14,112162.0,
Telangana,2012-13,101007.0,
Telangana,2011-12,91121.0,
Tripura,2024-25,,
Tripura,2023-24,176943.0,
Tripura,2022-23,154256.0,
Tripura,2021-22,137032.0,
Tripura,2020-21,118401.0,
Tripura,2019-20,121456.0,
Tripura,2018-19,113016.0,
Tripura,2017-18,100444.0,
Tripura,2016-17,91596.0,
Tripura,2015-16,84267.0,
Tripura,2014-15,69857.0,
Tripura,2013-14,61815.0,
Tripura,2012-13,52574.0,
Tripura,2011-12,47155.0,
Uttar Pradesh,2024-25,,
Uttar Pradesh,2023-24,93422.0,
Uttar Pradesh,2022-23,83057.0,
Uttar Pradesh,2021-22,74055.0,
Uttar Pradesh,2020-21,61598.0,
Uttar Pradesh,2019-20,65660.0,
Uttar Pradesh,2018-19,62350.0,
Uttar Pradesh,2017-18,57944.0,
Uttar Pradesh,2016-17,52671.0,
Uttar Pradesh,2015-16,47118.0,
Uttar Pradesh,2014-15,42267.0,
Uttar Pradesh,2013-14,40124.0,
Uttar Pradesh,2012-13,35812.0,
Uttar Pradesh,2011-12,32002.0,
Uttarakhand,2024-25,274064.0,
Uttarakhand,2023-24,246178.0,
Uttarakhand,2022-23,219850.0,
Uttarakhand,2021-22,194670.0,
Uttarakhand,2020-21,174526.0,
Uttarakhand,2019-20,190558.0,
Uttarakhand,2018-19,186207.0,
Uttarakhand,2017-18,180858.0,
Uttarakhand,2016-17,161752.0,
Uttarakhand,2015-16,147936.0,
Uttarakhand,2014-15,136099.0,
Uttarakhand,2013-14,126356.0,
Uttarakhand,2012-13,113654.0,
Uttarakhand,2011-12,100314.0,
West Bengal,2024-25,163467.0,
West Bengal,2023-24,149515.0,
West Bengal,2022-23,137909.0,
West Bengal,2021-22,122883.0,
West Bengal,2020-21,105108.0,
West Bengal,2019-20,110316.0,
West Bengal,2018-19,103920.0,
West Bengal,2017-18,91401.0,
West Bengal,2016-17,82291.0,
West Bengal,2015-16,75992.0,
West Bengal,2014-15,68876.0,
West Bengal,2013-14,65932.0,
West Bengal,2012-13,58195.0,
West Bengal,2011-12,51543.0,
Andaman & Nicobar Islands,2024-25,,
Andaman & Nicobar Islands,2023-24,275758.0,
Andaman & Nicobar Islands,2022-23,258142.0,
Andaman & Nicobar Islands,2021-22,229570.0,
Andaman & Nicobar Islands,2020-21,205368.0,
Andaman & Nicobar Islands,2019-20,219653.0,
Andaman & Nicobar Islands,2018-19,204254.0,
Andaman & Nicobar Islands,2017-18,178709.0,
Andaman & Nicobar Islands,2016-17,153904.0,
Andaman & Nicobar Islands,2015-16,137064.0,
Andaman & Nicobar Islands,2014-15,126344.0,
Andaman & Nicobar Islands,2013-14,111087.0,
Andaman & Nicobar Islands,2012-13,98777.0,
Andaman & Nicobar Islands,2011-12,89100.0,
Chandigarh,2024-25,,
Chandigarh,2023-24,430119.0,
Chandigarh,2022-23,393384.0,
Chandigarh,2021-22,337406.0,
Chandigarh,2020-21,290417.0,
Chandigarh,2019-20,330703.0,
Chandigarh,2018-19,307812.0,
Chandigarh,2017-18,280512.0,
Chandigarh,2016-17,252236.0,
Chandigarh,2015-16,230009.0,
Chandigarh,2014-15,212594.0,
Chandigarh,2013-14,203356.0,
Chandigarh,2012-13,180457.0,
Chandigarh,2011-12,158967.0,
