state,financial_year,percapita_nsdp_constant_prices_inr_SPLICED,method
Andaman & Nicobar Islands,2004-05,53877.54737315283,old-base (2004-05) x link factor
Andaman & Nicobar Islands,2005-06,54830.78273636885,old-base (2004-05) x link factor
Andaman & Nicobar Islands,2006-07,62568.57863363478,old-base (2004-05) x link factor
Andaman & Nicobar Islands,2007-08,66659.32763019855,old-base (2004-05) x link factor
Andaman & Nicobar Islands,2008-09,74131.1655946335,old-base (2004-05) x link factor
Andaman & Nicobar Islands,2009-10,80855.16145091002,old-base (2004-05) x link factor
Andaman & Nicobar Islands,2010-11,85201.33539286592,old-base (2004-05) x link factor
Andaman & Nicobar Islands,2011-12,89100.0,new-base (2011-12) as published
Andaman & Nicobar Islands,2012-13,92644.0,new-base (2011-12) as published
Andaman & Nicobar Islands,2013-14,98735.0,new-base (2011-12) as published
Andaman & Nicobar Islands,2014-15,106711.0,new-base (2011-12) as published
Andaman & Nicobar Islands,2015-16,114660.0,new-base (2011-12) as published
Andaman & Nicobar Islands,2016-17,129532.0,new-base (2011-12) as published
Andaman & Nicobar Islands,2017-18,145562.0,new-base (2011-12) as published
Andaman & Nicobar Islands,2018-19,154233.0,new-base (2011-12) as published
Andaman & Nicobar Islands,2019-20,161564.0,new-base (2011-12) as published
Andaman & Nicobar Islands,2020-21,146995.0,new-base (2011-12) as published
Andaman & Nicobar Islands,2021-22,163138.0,new-base (2011-12) as published
Andaman & Nicobar Islands,2022-23,,new-base (2011-12) as published
Andhra Pradesh,2004-05,45467.83008348231,old-base (2004-05) x link factor
Andhra Pradesh,2005-06,47604.690236101764,old-base (2004-05) x link factor
Andhra Pradesh,2006-07,52190.18194065728,old-base (2004-05) x link factor
Andhra Pradesh,2007-08,58180.3964668528,old-base (2004-05) x link factor
Andhra Pradesh,2008-09,59084.183219927916,old-base (2004-05) x link factor
Andhra Pradesh,2009-10,62489.14726639695,old-base (2004-05) x link factor
Andhra Pradesh,2010-11,66046.49396309376,old-base (2004-05) x link factor
Andhra Pradesh,2011-12,69000.0,new-base (2011-12) as published
Andhra Pradesh,2012-13,68865.0,new-base (2011-12) as published
Andhra Pradesh,2013-14,72254.0,new-base (2011-12) as published
Andhra Pradesh,2014-15,79174.0,new-base (2011-12) as published
Andhra Pradesh,2015-16,88609.0,new-base (2011-12) as published
Andhra Pradesh,2016-17,94115.0,new-base (2011-12) as published
Andhra Pradesh,2017-18,103177.0,new-base (2011-12) as published
Andhra Pradesh,2018-19,108853.0,new-base (2011-12) as published
Andhra Pradesh,2019-20,110587.0,new-base (2011-12) as published
Andhra Pradesh,2020-21,105880.0,new-base (2011-12) as published
Andhra Pradesh,2021-22,117464.0,new-base (2011-12) as published
Andhra Pradesh,2022-23,123526.0,new-base (2011-12) as published
Arunachal Pradesh,2004-05,59233.77153021183,old-base (2004-05) x link factor
Arunachal Pradesh,2005-06,59564.06725110557,old-base (2004-05) x link factor
Arunachal Pradesh,2006-07,61348.55084385361,old-base (2004-05) x link factor
Arunachal Pradesh,2007-08,67138.70133361497,old-base (2004-05) x link factor
Arunachal Pradesh,2008-09,70998.06274352099,old-base (2004-05) x link factor
Arunachal Pradesh,2009-10,75132.30112920435,old-base (2004-05) x link factor
Arunachal Pradesh,2010-11,76584.272251254,old-base (2004-05) x link factor
Arunachal Pradesh,2011-12,73540.0,new-base (2011-12) as published
Arunachal Pradesh,2012-13,73960.0,new-base (2011-12) as published
Arunachal Pradesh,2013-14,79004.0,new-base (2011-12) as published
Arunachal Pradesh,2014-15,91034.0,new-base (2011-12) as published
Arunachal Pradesh,2015-16,88768.0,new-base (2011-12) as published
Arunachal Pradesh,2016-17,91311.0,new-base (2011-12) as published
Arunachal Pradesh,2017-18,94001.0,new-base (2011-12) as published
Arunachal Pradesh,2018-19,99570.0,new-base (2011-12) as published
Arunachal Pradesh,2019-20,113081.0,new-base (2011-12) as published
Arunachal Pradesh,2020-21,106002.0,new-base (2011-12) as published
Arunachal Pradesh,2021-22,111776.0,new-base (2011-12) as published
Arunachal Pradesh,2022-23,,new-base (2011-12) as published
Assam,2004-05,31333.507473698108,old-base (2004-05) x link factor
Assam,2005-06,31833.88764310289,old-base (2004-05) x link factor
Assam,2006-07,32821.57835062204,old-base (2004-05) x link factor
Assam,2007-08,33773.794344638605,old-base (2004-05) x link factor
Assam,2008-09,35329.080468199,old-base (2004-05) x link factor
Assam,2009-10,38099.842301768775,old-base (2004-05) x link factor
Assam,2010-11,39481.48903818497,old-base (2004-05) x link factor
Assam,2011-12,41142.0,new-base (2011-12) as published
Assam,2012-13,41609.0,new-base (2011-12) as published
Assam,2013-14,43002.0,new-base (2011-12) as published
Assam,2014-15,44809.0,new-base (2011-12) as published
Assam,2015-16,50642.0,new-base (2011-12) as published
Assam,2016-17,53575.0,new-base (2011-12) as published
Assam,2017-18,57835.0,new-base (2011-12) as published
Assam,2018-19,59943.0,new-base (2011-12) as published
Assam,2019-20,61519.0,new-base (2011-12) as published
Assam,2020-21,61304.0,new-base (2011-12) as published
Assam,2021-22,65726.0,new-base (2011-12) as published
Assam,2022-23,69826.0,new-base (2011-12) as published
Bihar,2004-05,11973.228132721002,old-base (2004-05) x link factor
Bihar,2005-06,11480.017067359991,old-base (2004-05) x link factor
Bihar,2006-07,13251.643317475773,old-base (2004-05) x link factor
Bihar,2007-08,13722.160622160663,old-base (2004-05) x link factor
Bihar,2008-09,15578.510245467294,old-base (2004-05) x link factor
Bihar,2009-10,16089.876319369201,old-base (2004-05) x link factor
Bihar,2010-11,18291.171104952857,old-base (2004-05) x link factor
Bihar,2011-12,21750.0,new-base (2011-12) as published
Bihar,2012-13,22201.0,new-base (2011-12) as published
Bihar,2013-14,22776.0,new-base (2011-12) as published
Bihar,2014-15,23223.0,new-base (2011-12) as published
Bihar,2015-16,24064.0,new-base (2011-12) as published
Bihar,2016-17,25455.0,new-base (2011-12) as published
Bihar,2017-18,26719.0,new-base (2011-12) as published
Bihar,2018-19,29092.0,new-base (2011-12) as published
Bihar,2019-20,29798.0,new-base (2011-12) as published
Bihar,2020-21,26820.0,new-base (2011-12) as published
Bihar,2021-22,28679.0,new-base (2011-12) as published
Bihar,2022-23,31280.0,new-base (2011-12) as published
Chandigarh,2004-05,155469.8879274821,old-base (2004-05) x link factor
Chandigarh,2005-06,163841.4885420233,old-base (2004-05) x link factor
Chandigarh,2006-07,178943.48714687288,old-base (2004-05) x link factor
Chandigarh,2007-08,182194.45173203896,old-base (2004-05) x link factor
Chandigarh,2008-09,185076.51253449116,old-base (2004-05) x link factor
Chandigarh,2009-10,183929.97634617018,old-base (2004-05) x link factor
Chandigarh,2010-11,174640.30836328422,old-base (2004-05) x link factor
Chandigarh,2011-12,158967.0,new-base (2011-12) as published
Chandigarh,2012-13,169336.0,new-base (2011-12) as published
Chandigarh,2013-14,180615.0,new-base (2011-12) as published
Chandigarh,2014-15,182867.0,new-base (2011-12) as published
Chandigarh,2015-16,195205.0,new-base (2011-12) as published
Chandigarh,2016-17,208231.0,new-base (2011-12) as published
Chandigarh,2017-18,218201.0,new-base (2011-12) as published
Chandigarh,2018-19,227231.0,new-base (2011-12) as published
Chandigarh,2019-20,239289.0,new-base (2011-12) as published
Chandigarh,2020-21,209368.0,new-base (2011-12) as published
Chandigarh,2021-22,219778.0,new-base (2011-12) as published
Chandigarh,2022-23,,new-base (2011-12) as published
Chhattisgarh,2004-05,38609.16748523905,old-base (2004-05) x link factor
Chhattisgarh,2005-06,38548.83741050055,old-base (2004-05) x link factor
Chhattisgarh,2006-07,44893.89699506755,old-base (2004-05) x link factor
Chhattisgarh,2007-08,47700.285644110474,old-base (2004-05) x link factor
Chhattisgarh,2008-09,49774.39200667221,old-base (2004-05) x link factor
Chhattisgarh,2009-10,50321.523374128315,old-base (2004-05) x link factor
Chhattisgarh,2010-11,54070.309397534795,old-base (2004-05) x link factor
Chhattisgarh,2011-12,55177.0,new-base (2011-12) as published
Chhattisgarh,2012-13,56777.0,new-base (2011-12) as published
Chhattisgarh,2013-14,61409.0,new-base (2011-12) as published
Chhattisgarh,2014-15,61122.0,new-base (2011-12) as published
Chhattisgarh,2015-16,61433.0,new-base (2011-12) as published
Chhattisgarh,2016-17,67139.0,new-base (2011-12) as published
Chhattisgarh,2017-18,68374.0,new-base (2011-12) as published
Chhattisgarh,2018-19,75438.0,new-base (2011-12) as published
Chhattisgarh,2019-20,76749.0,new-base (2011-12) as published
Chhattisgarh,2020-21,73259.0,new-base (2011-12) as published
Chhattisgarh,2021-22,78377.0,new-base (2011-12) as published
Chhattisgarh,2022-23,83511.0,new-base (2011-12) as published
Delhi,2004-05,109182.6585650625,old-base (2004-05) x link factor
Delhi,2005-06,118158.00399651894,old-base (2004-05) x link factor
Delhi,2006-07,130319.41758341907,old-base (2004-05) x link factor
Delhi,2007-08,142284.26580665182,old-base (2004-05) x link factor
Delhi,2008-09,156987.35500897295,old-base (2004-05) x link factor
Delhi,2009-10,166695.97471011037,old-base (2004-05) x link factor
Delhi,2010-11,177112.2297204504,old-base (2004-05) x link factor
Delhi,2011-12,185001.0,new-base (2011-12) as published
Delhi,2012-13,192220.0,new-base (2011-12) as published
Delhi,2013-14,200702.0,new-base (2011-12) as published
Delhi,2014-15,213669.0,new-base (2011-12) as published
Delhi,2015-16,233115.0,new-base (2011-12) as published
Delhi,2016-17,244255.0,new-base (2011-12) as published
Delhi,2017-18,252960.0,new-base (2011-12) as published
Delhi,2018-19,257597.0,new-base (2011-12) as published
Delhi,2019-20,260559.0,new-base (2011-12) as published
Delhi,2020-21,234569.0,new-base (2011-12) as published
Delhi,2021-22,252024.0,new-base (2011-12) as published
Delhi,2022-23,271019.0,new-base (2011-12) as published
Goa,2004-05,129304.28748523841,old-base (2004-05) x link factor
Goa,2005-06,135815.86915934694,old-base (2004-05) x link factor
Goa,2006-07,144909.57184302842,old-base (2004-05) x link factor
Goa,2007-08,146300.5908384262,old-base (2004-05) x link factor
Goa,2008-09,151884.82651560285,old-base (2004-05) x link factor
Goa,2009-10,160135.1819339586,old-base (2004-05) x link factor
Goa,2010-11,185311.28177095298,old-base (2004-05) x link factor
Goa,2011-12,259444.0,new-base (2011-12) as published
Goa,2012-13,220019.0,new-base (2011-12) as published
Goa,2013-14,188358.0,new-base (2011-12) as published
Goa,2014-15,241081.0,new-base (2011-12) as published
Goa,2015-16,278601.0,new-base (2011-12) as published
Goa,2016-17,305875.0,new-base (2011-12) as published
Goa,2017-18,308296.0,new-base (2011-12) as published
Goa,2018-19,308753.0,new-base (2011-12) as published
Goa,2019-20,313973.0,new-base (2011-12) as published
Goa,2020-21,298527.0,new-base (2011-12) as published
Goa,2021-22,310201.0,new-base (2011-12) as published
Goa,2022-23,,new-base (2011-12) as published
Gujarat,2004-05,51266.524923939716,old-base (2004-05) x link factor
Gujarat,2005-06,57800.32112688771,old-base (2004-05) x link factor
Gujarat,2006-07,61748.45673984282,old-base (2004-05) x link factor
Gujarat,2007-08,68040.49768019706,old-base (2004-05) x link factor
Gujarat,2008-09,69940.91818813611,old-base (2004-05) x link factor
Gujarat,2009-10,78719.35596827918,old-base (2004-05) x link factor
Gujarat,2010-11,86156.13209243833,old-base (2004-05) x link factor
Gujarat,2011-12,87481.0,new-base (2011-12) as published
Gujarat,2012-13,96683.0,new-base (2011-12) as published
Gujarat,2013-14,102589.0,new-base (2011-12) as published
Gujarat,2014-15,111370.0,new-base (2011-12) as published
Gujarat,2015-16,120683.0,new-base (2011-12) as published
Gujarat,2016-17,129738.0,new-base (2011-12) as published
Gujarat,2017-18,143604.0,new-base (2011-12) as published
Gujarat,2018-19,154887.0,new-base (2011-12) as published
Gujarat,2019-20,164060.0,new-base (2011-12) as published
Gujarat,2020-21,156285.0,new-base (2011-12) as published
Gujarat,2021-22,170384.0,new-base (2011-12) as published
Gujarat,2022-23,,new-base (2011-12) as published
Haryana,2004-05,66393.57896957957,old-base (2004-05) x link factor
Haryana,2005-06,71035.81409451988,old-base (2004-05) x link factor
Haryana,2006-07,77673.07380611064,old-base (2004-05) x link factor
Haryana,2007-08,82259.35732125882,old-base (2004-05) x link factor
Haryana,2008-09,87039.72298287346,old-base (2004-05) x link factor
Haryana,2009-10,96243.76279367792,old-base (2004-05) x link factor
Haryana,2010-11,101057.34972360662,old-base (2004-05) x link factor
Haryana,2011-12,106085.0,new-base (2011-12) as published
Haryana,2012-13,111780.0,new-base (2011-12) as published
Haryana,2013-14,119791.0,new-base (2011-12) as published
Haryana,2014-15,125032.0,new-base (2011-12) as published
Haryana,2015-16,137833.0,new-base (2011-12) as published
Haryana,2016-17,150259.0,new-base (2011-12) as published
Haryana,2017-18,156200.0,new-base (2011-12) as published
Haryana,2018-19,169604.0,new-base (2011-12) as published
Haryana,2019-20,170616.0,new-base (2011-12) as published
Haryana,2020-21,155756.0,new-base (2011-12) as published
Haryana,2021-22,172657.0,new-base (2011-12) as published
Haryana,2022-23,181961.0,new-base (2011-12) as published
Himachal Pradesh,2004-05,59888.909841778055,old-base (2004-05) x link factor
Himachal Pradesh,2005-06,64303.17577649949,old-base (2004-05) x link factor
Himachal Pradesh,2006-07,68593.52619067748,old-base (2004-05) x link factor
Himachal Pradesh,2007-08,72091.89479964305,old-base (2004-05) x link factor
Himachal Pradesh,2008-09,74827.01563714539,old-base (2004-05) x link factor
Himachal Pradesh,2009-10,78106.28723877328,old-base (2004-05) x link factor
Himachal Pradesh,2010-11,83835.13521752079,old-base (2004-05) x link factor
Himachal Pradesh,2011-12,87721.0,new-base (2011-12) as published
Himachal Pradesh,2012-13,92672.0,new-base (2011-12) as published
Himachal Pradesh,2013-14,98816.0,new-base (2011-12) as published
Himachal Pradesh,2014-15,105241.0,new-base (2011-12) as published
Himachal Pradesh,2015-16,112723.0,new-base (2011-12) as published
Himachal Pradesh,2016-17,122208.0,new-base (2011-12) as published
Himachal Pradesh,2017-18,129303.0,new-base (2011-12) as published
Himachal Pradesh,2018-19,136292.0,new-base (2011-12) as published
Himachal Pradesh,2019-20,140944.0,new-base (2011-12) as published
Himachal Pradesh,2020-21,134111.0,new-base (2011-12) as published
Himachal Pradesh,2021-22,143639.0,new-base (2011-12) as published
Himachal Pradesh,2022-23,152376.0,new-base (2011-12) as published
Jharkhand,2004-05,29432.31287715308,old-base (2004-05) x link factor
Jharkhand,2005-06,27676.868608305052,old-base (2004-05) x link factor
Jharkhand,2006-07,27710.260211245095,old-base (2004-05) x link factor
Jharkhand,2007-08,33385.2426347221,old-base (2004-05) x link factor
Jharkhand,2008-09,31590.046457612116,old-base (2004-05) x link factor
Jharkhand,2009-10,34240.70370051942,old-base (2004-05) x link factor
Jharkhand,2010-11,38686.55712053671,old-base (2004-05) x link factor
Jharkhand,2011-12,41254.0,new-base (2011-12) as published
Jharkhand,2012-13,44176.0,new-base (2011-12) as published
Jharkhand,2013-14,43779.0,new-base (2011-12) as published
Jharkhand,2014-15,48781.0,new-base (2011-12) as published
Jharkhand,2015-16,44524.0,new-base (2011-12) as published
Jharkhand,2016-17,48826.0,new-base (2011-12) as published
Jharkhand,2017-18,52277.0,new-base (2011-12) as published
Jharkhand,2018-19,56133.0,new-base (2011-12) as published
Jharkhand,2019-20,55658.0,new-base (2011-12) as published
Jharkhand,2020-21,51464.0,new-base (2011-12) as published
Jharkhand,2021-22,56559.0,new-base (2011-12) as published
Jharkhand,2022-23,60033.0,new-base (2011-12) as published
Karnataka,2004-05,58680.82339629687,old-base (2004-05) x link factor
Karnataka,2005-06,63948.17057490205,old-base (2004-05) x link factor
Karnataka,2006-07,69780.88987089584,old-base (2004-05) x link factor
Karnataka,2007-08,77654.62433970184,old-base (2004-05) x link factor
Karnataka,2008-09,82267.1003398646,old-base (2004-05) x link factor
Karnataka,2009-10,81409.21909610504,old-base (2004-05) x link factor
Karnataka,2010-11,88842.00697142647,old-base (2004-05) x link factor
Karnataka,2011-12,90263.0,new-base (2011-12) as published
Karnataka,2012-13,94375.0,new-base (2011-12) as published
Karnataka,2013-14,101858.0,new-base (2011-12) as published
Karnataka,2014-15,105697.0,new-base (2011-12) as published
Karnataka,2015-16,116813.0,new-base (2011-12) as published
Karnataka,2016-17,131186.0,new-base (2011-12) as published
Karnataka,2017-18,140745.0,new-base (2011-12) as published
Karnataka,2018-19,149024.0,new-base (2011-12) as published
Karnataka,2019-20,156086.0,new-base (2011-12) as published
Karnataka,2020-21,149030.0,new-base (2011-12) as published
Karnataka,2021-22,164471.0,new-base (2011-12) as published
Karnataka,2022-23,176383.0,new-base (2011-12) as published
Kerala,2004-05,59786.90386612587,old-base (2004-05) x link factor
Kerala,2005-06,65591.69089105558,old-base (2004-05) x link factor
Kerala,2006-07,70435.4816558887,old-base (2004-05) x link factor
Kerala,2007-08,76353.00093440666,old-base (2004-05) x link factor
Kerala,2008-09,80657.15533780091,old-base (2004-05) x link factor
Kerala,2009-10,87524.58245802976,old-base (2004-05) x link factor
Kerala,2010-11,92673.30472847045,old-base (2004-05) x link factor
Kerala,2011-12,97912.0,new-base (2011-12) as published
Kerala,2012-13,103551.0,new-base (2011-12) as published
Kerala,2013-14,107846.0,new-base (2011-12) as published
Kerala,2014-15,112444.0,new-base (2011-12) as published
Kerala,2015-16,120387.0,new-base (2011-12) as published
Kerala,2016-17,129251.0,new-base (2011-12) as published
Kerala,2017-18,137181.0,new-base (2011-12) as published
Kerala,2018-19,147347.0,new-base (2011-12) as published
Kerala,2019-20,147951.0,new-base (2011-12) as published
Kerala,2020-21,132531.0,new-base (2011-12) as published
Kerala,2021-22,148810.0,new-base (2011-12) as published
Kerala,2022-23,,new-base (2011-12) as published
Madhya Pradesh,2004-05,24707.296739473102,old-base (2004-05) x link factor
Madhya Pradesh,2005-06,25483.29977785184,old-base (2004-05) x link factor
Madhya Pradesh,2006-07,27316.906957196235,old-base (2004-05) x link factor
Madhya Pradesh,2007-08,28115.31008328075,old-base (2004-05) x link factor
Madhya Pradesh,2008-09,31139.321923560776,old-base (2004-05) x link factor
Madhya Pradesh,2009-10,33534.53130181432,old-base (2004-05) x link factor
Madhya Pradesh,2010-11,34729.73598154404,old-base (2004-05) x link factor
Madhya Pradesh,2011-12,38497.0,new-base (2011-12) as published
Madhya Pradesh,2012-13,41142.0,new-base (2011-12) as published
Madhya Pradesh,2013-14,42548.0,new-base (2011-12) as published
Madhya Pradesh,2014-15,44027.0,new-base (2011-12) as published
Madhya Pradesh,2015-16,47351.0,new-base (2011-12) as published
Madhya Pradesh,2016-17,52782.0,new-base (2011-12) as published
Madhya Pradesh,2017-18,54824.0,new-base (2011-12) as published
Madhya Pradesh,2018-19,59005.0,new-base (2011-12) as published
Madhya Pradesh,2019-20,60452.0,new-base (2011-12) as published
Madhya Pradesh,2020-21,56320.0,new-base (2011-12) as published
Madhya Pradesh,2021-22,61534.0,new-base (2011-12) as published
Madhya Pradesh,2022-23,65023.0,new-base (2011-12) as published
Maharashtra,2004-05,57749.40097131618,old-base (2004-05) x link factor
Maharashtra,2005-06,65103.13737019154,old-base (2004-05) x link factor
Maharashtra,2006-07,72964.30399075683,old-base (2004-05) x link factor
Maharashtra,2007-08,80257.21279207946,old-base (2004-05) x link factor
Maharashtra,2008-09,80329.2454733919,old-base (2004-05) x link factor
Maharashtra,2009-10,86832.99623278037,old-base (2004-05) x link factor
Maharashtra,2010-11,95382.4751414424,old-base (2004-05) x link factor
Maharashtra,2011-12,99597.0,new-base (2011-12) as published
Maharashtra,2012-13,104008.0,new-base (2011-12) as published
Maharashtra,2013-14,109597.0,new-base (2011-12) as published
Maharashtra,2014-15,115058.0,new-base (2011-12) as published
Maharashtra,2015-16,122889.0,new-base (2011-12) as published
Maharashtra,2016-17,133686.0,new-base (2011-12) as published
Maharashtra,2017-18,137808.0,new-base (2011-12) as published
Maharashtra,2018-19,140782.0,new-base (2011-12) as published
Maharashtra,2019-20,142211.0,new-base (2011-12) as published
Maharashtra,2020-21,127970.0,new-base (2011-12) as published
Maharashtra,2021-22,138490.0,new-base (2011-12) as published
Maharashtra,2022-23,,new-base (2011-12) as published
Manipur,2004-05,32156.854568935083,old-base (2004-05) x link factor
Manipur,2005-06,33533.494593075615,old-base (2004-05) x link factor
Manipur,2006-07,33375.718469402076,old-base (2004-05) x link factor
Manipur,2007-08,34447.20906753665,old-base (2004-05) x link factor
Manipur,2008-09,36168.87599949074,old-base (2004-05) x link factor
Manipur,2009-10,37814.255574943345,old-base (2004-05) x link factor
Manipur,2010-11,35908.805465962934,old-base (2004-05) x link factor
Manipur,2011-12,39762.0,new-base (2011-12) as published
Manipur,2012-13,38954.0,new-base (2011-12) as published
Manipur,2013-14,41441.0,new-base (2011-12) as published
Manipur,2014-15,44101.0,new-base (2011-12) as published
Manipur,2015-16,46389.0,new-base (2011-12) as published
Manipur,2016-17,47151.0,new-base (2011-12) as published
Manipur,2017-18,51211.0,new-base (2011-12) as published
Manipur,2018-19,48106.0,new-base (2011-12) as published
Manipur,2019-20,49267.0,new-base (2011-12) as published
Manipur,2020-21,44449.0,new-base (2011-12) as published
Manipur,2021-22,49602.0,new-base (2011-12) as published
Manipur,2022-23,,new-base (2011-12) as published
Meghalaya,2004-05,37314.99956570328,old-base (2004-05) x link factor
Meghalaya,2005-06,39253.588086838434,old-base (2004-05) x link factor
Meghalaya,2006-07,41182.475581178915,old-base (2004-05) x link factor
Meghalaya,2007-08,41444.403304635045,old-base (2004-05) x link factor
Meghalaya,2008-09,45632.013204334835,old-base (2004-05) x link factor
Meghalaya,2009-10,47383.04854077301,old-base (2004-05) x link factor
Meghalaya,2010-11,50797.80997249732,old-base (2004-05) x link factor
Meghalaya,2011-12,60013.0,new-base (2011-12) as published
Meghalaya,2012-13,59703.0,new-base (2011-12) as published
Meghalaya,2013-14,58681.0,new-base (2011-12) as published
Meghalaya,2014-15,55880.0,new-base (2011-12) as published
Meghalaya,2015-16,56039.0,new-base (2011-12) as published
Meghalaya,2016-17,57752.0,new-base (2011-12) as published
Meghalaya,2017-18,58493.0,new-base (2011-12) as published
Meghalaya,2018-19,60132.0,new-base (2011-12) as published
Meghalaya,2019-20,61755.0,new-base (2011-12) as published
Meghalaya,2020-21,60522.0,new-base (2011-12) as published
Meghalaya,2021-22,63295.0,new-base (2011-12) as published
Meghalaya,2022-23,65114.0,new-base (2011-12) as published
Mizoram,2004-05,38610.51051106623,old-base (2004-05) x link factor
Mizoram,2005-06,40432.85396394439,old-base (2004-05) x link factor
Mizoram,2006-07,41187.466974500465,old-base (2004-05) x link factor
Mizoram,2007-08,44567.5696504145,old-base (2004-05) x link factor
Mizoram,2008-09,49975.10769701343,old-base (2004-05) x link factor
Mizoram,2009-10,54324.30882424326,old-base (2004-05) x link factor
Mizoram,2010-11,62736.20862863702,old-base (2004-05) x link factor
Mizoram,2011-12,57654.0,new-base (2011-12) as published
Mizoram,2012-13,60261.0,new-base (2011-12) as published
Mizoram,2013-14,67594.0,new-base (2011-12) as published
Mizoram,2014-15,85056.0,new-base (2011-12) as published
Mizoram,2015-16,91845.0,new-base (2011-12) as published
Mizoram,2016-17,99089.0,new-base (2011-12) as published
Mizoram,2017-18,117272.0,new-base (2011-12) as published
Mizoram,2018-19,119022.0,new-base (2011-12) as published
Mizoram,2019-20,130741.0,new-base (2011-12) as published
Mizoram,2020-21,116229.0,new-base (2011-12) as published
Mizoram,2021-22,129785.0,new-base (2011-12) as published
Mizoram,2022-23,,new-base (2011-12) as published
Nagaland,2004-05,35265.12641687997,old-base (2004-05) x link factor
Nagaland,2005-06,38313.07318613233,old-base (2004-05) x link factor
Nagaland,2006-07,40632.339408877764,old-base (2004-05) x link factor
Nagaland,2007-08,43230.79801907657,old-base (2004-05) x link factor
Nagaland,2008-09,45228.00829280939,old-base (2004-05) x link factor
Nagaland,2009-10,47022.48550511343,old-base (2004-05) x link factor
Nagaland,2010-11,50963.61621928923,old-base (2004-05) x link factor
Nagaland,2011-12,53010.0,new-base (2011-12) as published
Nagaland,2012-13,55482.0,new-base (2011-12) as published
Nagaland,2013-14,58619.0,new-base (2011-12) as published
Nagaland,2014-15,60372.0,new-base (2011-12) as published
Nagaland,2015-16,60663.0,new-base (2011-12) as published
Nagaland,2016-17,64259.0,new-base (2011-12) as published
Nagaland,2017-18,66813.0,new-base (2011-12) as published
Nagaland,2018-19,70218.0,new-base (2011-12) as published
Nagaland,2019-20,73361.0,new-base (2011-12) as published
Nagaland,2020-21,68272.0,new-base (2011-12) as published
Nagaland,2021-22,70020.0,new-base (2011-12) as published
Nagaland,2022-23,,new-base (2011-12) as published
Odisha,2004-05,36238.54843131122,old-base (2004-05) x link factor
Odisha,2005-06,37355.475929704044,old-base (2004-05) x link factor
Odisha,2006-07,41461.82702673647,old-base (2004-05) x link factor
Odisha,2007-08,44430.71886989092,old-base (2004-05) x link factor
Odisha,2008-09,47147.070120577875,old-base (2004-05) x link factor
Odisha,2009-10,46906.84858140148,old-base (2004-05) x link factor
Odisha,2010-11,49210.51154683668,old-base (2004-05) x link factor
Odisha,2011-12,48387.0,new-base (2011-12) as published
Odisha,2012-13,50769.0,new-base (2011-12) as published
Odisha,2013-14,54209.0,new-base (2011-12) as published
Odisha,2014-15,54361.0,new-base (2011-12) as published
Odisha,2015-16,57806.0,new-base (2011-12) as published
Odisha,2016-17,66416.0,new-base (2011-12) as published
Odisha,2017-18,71032.0,new-base (2011-12) as published
Odisha,2018-19,75421.0,new-base (2011-12) as published
Odisha,2019-20,76462.0,new-base (2011-12) as published
Odisha,2020-21,73357.0,new-base (2011-12) as published
Odisha,2021-22,81178.0,new-base (2011-12) as published
Odisha,2022-23,87361.0,new-base (2011-12) as published
Puducherry,2004-05,64583.41391030358,old-base (2004-05) x link factor
Puducherry,2005-06,80286.0269069208,old-base (2004-05) x link factor
Puducherry,2006-07,81751.46149856696,old-base (2004-05) x link factor
Puducherry,2007-08,86574.29231249733,old-base (2004-05) x link factor
Puducherry,2008-09,92758.26584020125,old-base (2004-05) x link factor
Puducherry,2009-10,107451.38694202573,old-base (2004-05) x link factor
Puducherry,2010-11,112504.19471741881,old-base (2004-05) x link factor
Puducherry,2011-12,119649.0,new-base (2011-12) as published
Puducherry,2012-13,119196.0,new-base (2011-12) as published
Puducherry,2013-14,129127.0,new-base (2011-12) as published
Puducherry,2014-15,117102.0,new-base (2011-12) as published
Puducherry,2015-16,121000.0,new-base (2011-12) as published
Puducherry,2016-17,126532.0,new-base (2011-12) as published
Puducherry,2017-18,134934.0,new-base (2011-12) as published
Puducherry,2018-19,155466.0,new-base (2011-12) as published
Puducherry,2019-20,153166.0,new-base (2011-12) as published
Puducherry,2020-21,135586.0,new-base (2011-12) as published
Puducherry,2021-22,155246.0,new-base (2011-12) as published
Puducherry,2022-23,,new-base (2011-12) as published
Punjab,2004-05,61668.397782519074,old-base (2004-05) x link factor
Punjab,2005-06,63518.28205276774,old-base (2004-05) x link factor
Punjab,2006-07,69090.28996043516,old-base (2004-05) x link factor
Punjab,2007-08,73710.34332419818,old-base (2004-05) x link factor
Punjab,2008-09,76385.50325579644,old-base (2004-05) x link factor
Punjab,2009-10,79790.92968682823,old-base (2004-05) x link factor
Punjab,2010-11,83401.2778396398,old-base (2004-05) x link factor
Punjab,2011-12,85577.0,new-base (2011-12) as published
Punjab,2012-13,88915.0,new-base (2011-12) as published
Punjab,2013-14,93238.0,new-base (2011-12) as published
Punjab,2014-15,95807.0,new-base (2011-12) as published
Punjab,2015-16,100141.0,new-base (2011-12) as published
Punjab,2016-17,105848.0,new-base (2011-12) as published
Punjab,2017-18,110857.0,new-base (2011-12) as published
Punjab,2018-19,115592.0,new-base (2011-12) as published
Punjab,2019-20,118487.0,new-base (2011-12) as published
Punjab,2020-21,113025.0,new-base (2011-12) as published
Punjab,2021-22,118227.0,new-base (2011-12) as published
Punjab,2022-23,123614.0,new-base (2011-12) as published
Rajasthan,2004-05,35680.16379846397,old-base (2004-05) x link factor
Rajasthan,2005-06,37371.44007870358,old-base (2004-05) x link factor
Rajasthan,2006-07,41017.293605538274,old-base (2004-05) x link factor
Rajasthan,2007-08,42131.998426605285,old-base (2004-05) x link factor
Rajasthan,2008-09,44888.01000145028,old-base (2004-05) x link factor
Rajasthan,2009-10,46709.975812435674,old-base (2004-05) x link factor
Rajasthan,2010-11,52856.227567215516,old-base (2004-05) x link factor
Rajasthan,2011-12,57192.0,new-base (2011-12) as published
Rajasthan,2012-13,58441.0,new-base (2011-12) as published
Rajasthan,2013-14,61053.0,new-base (2011-12) as published
Rajasthan,2014-15,64496.0,new-base (2011-12) as published
Rajasthan,2015-16,68565.0,new-base (2011-12) as published
Rajasthan,2016-17,71324.0,new-base (2011-12) as published
Rajasthan,2017-18,73529.0,new-base (2011-12) as published
Rajasthan,2018-19,73975.0,new-base (2011-12) as published
Rajasthan,2019-20,76643.0,new-base (2011-12) as published
Rajasthan,2020-21,73140.0,new-base (2011-12) as published
Rajasthan,2021-22,80545.0,new-base (2011-12) as published
Rajasthan,2022-23,86134.0,new-base (2011-12) as published
Sikkim,2004-05,55354.96470270824,old-base (2004-05) x link factor
Sikkim,2005-06,60162.48842623307,old-base (2004-05) x link factor
Sikkim,2006-07,62827.57383810943,old-base (2004-05) x link factor
Sikkim,2007-08,65791.3147358303,old-base (2004-05) x link factor
Sikkim,2008-09,73407.02962486532,old-base (2004-05) x link factor
Sikkim,2009-10,126045.0590049603,old-base (2004-05) x link factor
Sikkim,2010-11,137165.82785980936,old-base (2004-05) x link factor
Sikkim,2011-12,158667.0,new-base (2011-12) as published
Sikkim,2012-13,160553.0,new-base (2011-12) as published
Sikkim,2013-14,168897.0,new-base (2011-12) as published
Sikkim,2014-15,180675.0,new-base (2011-12) as published
Sikkim,2015-16,195066.0,new-base (2011-12) as published
Sikkim,2016-17,207355.0,new-base (2011-12) as published
Sikkim,2017-18,232483.0,new-base (2011-12) as published
Sikkim,2018-19,240743.0,new-base (2011-12) as published
Sikkim,2019-20,248691.0,new-base (2011-12) as published
Sikkim,2020-21,237212.0,new-base (2011-12) as published
Sikkim,2021-22,246526.0,new-base (2011-12) as published
Sikkim,2022-23,259938.0,new-base (2011-12) as published
Tamil Nadu,2004-05,49178.448456508784,old-base (2004-05) x link factor
Tamil Nadu,2005-06,55826.749119380576,old-base (2004-05) x link factor
Tamil Nadu,2006-07,64071.688917823936,old-base (2004-05) x link factor
Tamil Nadu,2007-08,67585.60373668432,old-base (2004-05) x link factor
Tamil Nadu,2008-09,70659.46125281033,old-base (2004-05) x link factor
Tamil Nadu,2009-10,77531.88031893346,old-base (2004-05) x link factor
Tamil Nadu,2010-11,87532.14162605334,old-base (2004-05) x link factor
Tamil Nadu,2011-12,93112.0,new-base (2011-12) as published
Tamil Nadu,2012-13,97257.0,new-base (2011-12) as published
Tamil Nadu,2013-14,102191.0,new-base (2011-12) as published
Tamil Nadu,2014-15,107117.0,new-base (2011-12) as published
Tamil Nadu,2015-16,115875.0,new-base (2011-12) as published
Tamil Nadu,2016-17,123206.0,new-base (2011-12) as published
Tamil Nadu,2017-18,133029.0,new-base (2011-12) as published
Tamil Nadu,2018-19,141844.0,new-base (2011-12) as published
Tamil Nadu,2019-20,144845.0,new-base (2011-12) as published
Tamil Nadu,2020-21,143482.0,new-base (2011-12) as published
Tamil Nadu,2021-22,154557.0,new-base (2011-12) as published
Tamil Nadu,2022-23,166727.0,new-base (2011-12) as published
Telangana,2004-05,48416.163895288766,old-base (2004-05) x link factor
Telangana,2005-06,55382.34717195942,old-base (2004-05) x link factor
Telangana,2006-07,60620.86939111866,old-base (2004-05) x link factor
Telangana,2007-08,65994.2721520813,old-base (2004-05) x link factor
Telangana,2008-09,74255.70533754067,old-base (2004-05) x link factor
Telangana,2009-10,73753.87038053677,old-base (2004-05) x link factor
Telangana,2010-11,85994.27954919697,old-base (2004-05) x link factor
Telangana,2011-12,91121.0,new-base (2011-12) as published
Telangana,2012-13,92732.0,new-base (2011-12) as published
Telangana,2013-14,96039.0,new-base (2011-12) as published
Telangana,2014-15,101424.0,new-base (2011-12) as published
Telangana,2015-16,112267.0,new-base (2011-12) as published
Telangana,2016-17,121512.0,new-base (2011-12) as published
Telangana,2017-18,131503.0,new-base (2011-12) as published
Telangana,2018-19,146777.0,new-base (2011-12) as published
Telangana,2019-20,153286.0,new-base (2011-12) as published
Telangana,2020-21,140703.0,new-base (2011-12) as published
Telangana,2021-22,158202.0,new-base (2011-12) as published
Telangana,2022-23,169006.0,new-base (2011-12) as published
Tripura,2004-05,28506.438257744547,old-base (2004-05) x link factor
Tripura,2005-06,30018.58596232442,old-base (2004-05) x link factor
Tripura,2006-07,32203.838054723466,old-base (2004-05) x link factor
Tripura,2007-08,33914.64504043053,old-base (2004-05) x link factor
Tripura,2008-09,37056.967434259954,old-base (2004-05) x link factor
Tripura,2009-10,40367.565925044175,old-base (2004-05) x link factor
Tripura,2010-11,42908.067555458896,old-base (2004-05) x link factor
Tripura,2011-12,47155.0,new-base (2011-12) as published
Tripura,2012-13,50501.0,new-base (2011-12) as published
Tripura,2013-14,54645.0,new-base (2011-12) as published
Tripura,2014-15,63992.0,new-base (2011-12) as published
Tripura,2015-16,61612.0,new-base (2011-12) as published
Tripura,2016-17,69860.0,new-base (2011-12) as published
Tripura,2017-18,75020.0,new-base (2011-12) as published
Tripura,2018-19,82313.0,new-base (2011-12) as published
Tripura,2019-20,83985.0,new-base (2011-12) as published
Tripura,2020-21,79123.0,new-base (2011-12) as published
Tripura,2021-22,85210.0,new-base (2011-12) as published
Tripura,2022-23,91853.0,new-base (2011-12) as published
Uttar Pradesh,2004-05,22781.478432693613,old-base (2004-05) x link factor
Uttar Pradesh,2005-06,23652.276256954872,old-base (2004-05) x link factor
Uttar Pradesh,2006-07,25052.589525867934,old-base (2004-05) x link factor
Uttar Pradesh,2007-08,26167.91441593185,old-base (2004-05) x link factor
Uttar Pradesh,2008-09,27642.113560842834,old-base (2004-05) x link factor
Uttar Pradesh,2009-10,28833.08351442844,old-base (2004-05) x link factor
Uttar Pradesh,2010-11,30588.752663141044,old-base (2004-05) x link factor
Uttar Pradesh,2011-12,32002.0,new-base (2011-12) as published
Uttar Pradesh,2012-13,32908.0,new-base (2011-12) as published
Uttar Pradesh,2013-14,34044.0,new-base (2011-12) as published
Uttar Pradesh,2014-15,34583.0,new-base (2011-12) as published
Uttar Pradesh,2015-16,36973.0,new-base (2011-12) as published
Uttar Pradesh,2016-17,40847.0,new-base (2011-12) as published
Uttar Pradesh,2017-18,41771.0,new-base (2011-12) as published
Uttar Pradesh,2018-19,42333.0,new-base (2011-12) as published
Uttar Pradesh,2019-20,43061.0,new-base (2011-12) as published
Uttar Pradesh,2020-21,39735.0,new-base (2011-12) as published
Uttar Pradesh,2021-22,43420.0,new-base (2011-12) as published
Uttar Pradesh,2022-23,47066.0,new-base (2011-12) as published
Uttarakhand,2004-05,46980.87747606246,old-base (2004-05) x link factor
Uttarakhand,2005-06,52785.56002436671,old-base (2004-05) x link factor
Uttarakhand,2006-07,58225.431099913374,old-base (2004-05) x link factor
Uttarakhand,2007-08,67345.71791885294,old-base (2004-05) x link factor
Uttarakhand,2008-09,73382.20775713857,old-base (2004-05) x link factor
Uttarakhand,2009-10,84660.9624565605,old-base (2004-05) x link factor
Uttarakhand,2010-11,92200.39956021722,old-base (2004-05) x link factor
Uttarakhand,2011-12,100314.0,new-base (2011-12) as published
Uttarakhand,2012-13,106359.0,new-base (2011-12) as published
Uttarakhand,2013-14,112900.0,new-base (2011-12) as published
Uttarakhand,2014-15,118979.0,new-base (2011-12) as published
Uttarakhand,2015-16,127249.0,new-base (2011-12) as published
Uttarakhand,2016-17,138784.0,new-base (2011-12) as published
Uttarakhand,2017-18,148011.0,new-base (2011-12) as published
Uttarakhand,2018-19,150179.0,new-base (2011-12) as published
Uttarakhand,2019-20,150820.0,new-base (2011-12) as published
Uttarakhand,2020-21,137987.0,new-base (2011-12) as published
Uttarakhand,2021-22,149015.0,new-base (2011-12) as published
Uttarakhand,2022-23,158245.0,new-base (2011-12) as published
West Bengal,2004-05,34269.0725666131,old-base (2004-05) x link factor
West Bengal,2005-06,36022.69767609716,old-base (2004-05) x link factor
West Bengal,2006-07,38431.473495164144,old-base (2004-05) x link factor
West Bengal,2007-08,40994.580428266825,old-base (2004-05) x link factor
West Bengal,2008-09,42235.28154110283,old-base (2004-05) x link factor
West Bengal,2009-10,45087.381050488046,old-base (2004-05) x link factor
West Bengal,2010-11,47379.65200895945,old-base (2004-05) x link factor
West Bengal,2011-12,51543.0,new-base (2011-12) as published
West Bengal,2012-13,53157.0,new-base (2011-12) as published
West Bengal,2013-14,53815.0,new-base (2011-12) as published
West Bengal,2014-15,54520.0,new-base (2011-12) as published
West Bengal,2015-16,57255.0,new-base (2011-12) as published
West Bengal,2016-17,60618.0,new-base (2011-12) as published
West Bengal,2017-18,64007.0,new-base (2011-12) as published
West Bengal,2018-19,68195.0,new-base (2011-12) as published
West Bengal,2019-20,69559.0,new-base (2011-12) as published
West Bengal,2020-21,63562.0,new-base (2011-12) as published
West Bengal,2021-22,69890.0,new-base (2011-12) as published
West Bengal,2022-23,75561.0,new-base (2011-12) as published
