state,financial_year,base_year,percapita_nsdp_constant_prices_inr,source_sheet
Andaman & Nicobar Islands,2004-05,2004-05,40921.0,T_26(i)
Andhra Pradesh,2004-05,2004-05,25959.0,T_26(i)
Arunachal Pradesh,2004-05,2004-05,26721.0,T_26(i)
Assam,2004-05,2004-05,16782.0,T_26(i)
Bihar,2004-05,2004-05,7914.0,T_26(i)
Chandigarh,2004-05,2004-05,74173.0,T_26(i)
Chhattisgarh,2004-05,2004-05,18559.0,T_26(i)
Delhi,2004-05,2004-05,63877.0,T_26(i)
Goa,2004-05,2004-05,76968.0,T_26(i)
Gujarat,2004-05,2004-05,32021.0,T_26(i)
Haryana,2004-05,2004-05,37972.0,T_26(i)
Himachal Pradesh,2004-05,2004-05,33348.0,T_26(i)
Jammu & Kashmir,2004-05,2004-05,21734.0,T_26(i)
Jharkhand,2004-05,2004-05,18510.0,T_26(i)
Karnataka,2004-05,2004-05,26882.0,T_26(i)
Kerala,2004-05,2004-05,32351.0,T_26(i)
Madhya Pradesh,2004-05,2004-05,15442.0,T_26(i)
Maharashtra,2004-05,2004-05,36077.0,T_26(i)
Manipur,2004-05,2004-05,18547.0,T_26(i)
Meghalaya,2004-05,2004-05,23079.0,T_26(i)
Mizoram,2004-05,2004-05,24662.0,T_26(i)
Nagaland,2004-05,2004-05,30441.0,T_26(i)
Odisha,2004-05,2004-05,17650.0,T_26(i)
Puducherry,2004-05,2004-05,48302.0,T_26(i)
Punjab,2004-05,2004-05,33103.0,T_26(i)
Rajasthan,2004-05,2004-05,18565.0,T_26(i)
Sikkim,2004-05,2004-05,26690.0,T_26(i)
Tamil Nadu,2004-05,2004-05,30062.0,T_26(i)
Telangana,2004-05,2004-05,24409.0,T_26(i)
Tripura,2004-05,2004-05,24394.0,T_26(i)
Uttar Pradesh,2004-05,2004-05,12950.0,T_26(i)
Uttarakhand,2004-05,2004-05,24726.0,T_26(i)
West Bengal,2004-05,2004-05,22649.0,T_26(i)
Andaman & Nicobar Islands,2005-06,2004-05,41645.0,T_26(i)
Andhra Pradesh,2005-06,2004-05,27179.0,T_26(i)
Arunachal Pradesh,2005-06,2004-05,26870.0,T_26(i)
Assam,2005-06,2004-05,17050.0,T_26(i)
Bihar,2005-06,2004-05,7588.0,T_26(i)
Chandigarh,2005-06,2004-05,78167.0,T_26(i)
Chhattisgarh,2005-06,2004-05,18530.0,T_26(i)
Delhi,2005-06,2004-05,69128.0,T_26(i)
Goa,2005-06,2004-05,80844.0,T_26(i)
Gujarat,2005-06,2004-05,36102.0,T_26(i)
Haryana,2005-06,2004-05,40627.0,T_26(i)
Himachal Pradesh,2005-06,2004-05,35806.0,T_26(i)
Jammu & Kashmir,2005-06,2004-05,22406.0,T_26(i)
Jharkhand,2005-06,2004-05,17406.0,T_26(i)
Karnataka,2005-06,2004-05,29295.0,T_26(i)
Kerala,2005-06,2004-05,35492.0,T_26(i)
Madhya Pradesh,2005-06,2004-05,15927.0,T_26(i)
Maharashtra,2005-06,2004-05,40671.0,T_26(i)
Manipur,2005-06,2004-05,19341.0,T_26(i)
Meghalaya,2005-06,2004-05,24278.0,T_26(i)
Mizoram,2005-06,2004-05,25826.0,T_26(i)
Nagaland,2005-06,2004-05,33072.0,T_26(i)
Odisha,2005-06,2004-05,18194.0,T_26(i)
Puducherry,2005-06,2004-05,60046.0,T_26(i)
Punjab,2005-06,2004-05,34096.0,T_26(i)
Rajasthan,2005-06,2004-05,19445.0,T_26(i)
Sikkim,2005-06,2004-05,29008.0,T_26(i)
Tamil Nadu,2005-06,2004-05,34126.0,T_26(i)
Telangana,2005-06,2004-05,27921.0,T_26(i)
Tripura,2005-06,2004-05,25688.0,T_26(i)
Uttar Pradesh,2005-06,2004-05,13445.0,T_26(i)
Uttarakhand,2005-06,2004-05,27781.0,T_26(i)
West Bengal,2005-06,2004-05,23808.0,T_26(i)
Andaman & Nicobar Islands,2006-07,2004-05,47522.0,T_26(i)
Andhra Pradesh,2006-07,2004-05,29797.0,T_26(i)
Arunachal Pradesh,2006-07,2004-05,27675.0,T_26(i)
Assam,2006-07,2004-05,17579.0,T_26(i)
Bihar,2006-07,2004-05,8759.0,T_26(i)
Chandigarh,2006-07,2004-05,85372.0,T_26(i)
Chhattisgarh,2006-07,2004-05,21580.0,T_26(i)
Delhi,2006-07,2004-05,76243.0,T_26(i)
Goa,2006-07,2004-05,86257.0,T_26(i)
Gujarat,2006-07,2004-05,38568.0,T_26(i)
Haryana,2006-07,2004-05,44423.0,T_26(i)
Himachal Pradesh,2006-07,2004-05,38195.0,T_26(i)
Jammu & Kashmir,2006-07,2004-05,23375.0,T_26(i)
Jharkhand,2006-07,2004-05,17427.0,T_26(i)
Karnataka,2006-07,2004-05,31967.0,T_26(i)
Kerala,2006-07,2004-05,38113.0,T_26(i)
Madhya Pradesh,2006-07,2004-05,17073.0,T_26(i)
Maharashtra,2006-07,2004-05,45582.0,T_26(i)
Manipur,2006-07,2004-05,19250.0,T_26(i)
Meghalaya,2006-07,2004-05,25471.0,T_26(i)
Mizoram,2006-07,2004-05,26308.0,T_26(i)
Nagaland,2006-07,2004-05,35074.0,T_26(i)
Odisha,2006-07,2004-05,20194.0,T_26(i)
Puducherry,2006-07,2004-05,61142.0,T_26(i)
Punjab,2006-07,2004-05,37087.0,T_26(i)
Rajasthan,2006-07,2004-05,21342.0,T_26(i)
Sikkim,2006-07,2004-05,30293.0,T_26(i)
Tamil Nadu,2006-07,2004-05,39166.0,T_26(i)
Telangana,2006-07,2004-05,30562.0,T_26(i)
Tripura,2006-07,2004-05,27558.0,T_26(i)
Uttar Pradesh,2006-07,2004-05,14241.0,T_26(i)
Uttarakhand,2006-07,2004-05,30644.0,T_26(i)
West Bengal,2006-07,2004-05,25400.0,T_26(i)
Andaman & Nicobar Islands,2007-08,2004-05,50629.0,T_26(i)
Andhra Pradesh,2007-08,2004-05,33217.0,T_26(i)
Arunachal Pradesh,2007-08,2004-05,30287.0,T_26(i)
Assam,2007-08,2004-05,18089.0,T_26(i)
Bihar,2007-08,2004-05,9070.0,T_26(i)
Chandigarh,2007-08,2004-05,86923.0,T_26(i)
Chhattisgarh,2007-08,2004-05,22929.0,T_26(i)
Delhi,2007-08,2004-05,83243.0,T_26(i)
Goa,2007-08,2004-05,87085.0,T_26(i)
Gujarat,2007-08,2004-05,42498.0,T_26(i)
Haryana,2007-08,2004-05,47046.0,T_26(i)
Himachal Pradesh,2007-08,2004-05,40143.0,T_26(i)
Jammu & Kashmir,2007-08,2004-05,24470.0,T_26(i)
Jharkhand,2007-08,2004-05,20996.0,T_26(i)
Karnataka,2007-08,2004-05,35574.0,T_26(i)
Kerala,2007-08,2004-05,41315.0,T_26(i)
Madhya Pradesh,2007-08,2004-05,17572.0,T_26(i)
Maharashtra,2007-08,2004-05,50138.0,T_26(i)
Manipur,2007-08,2004-05,19868.0,T_26(i)
Meghalaya,2007-08,2004-05,25633.0,T_26(i)
Mizoram,2007-08,2004-05,28467.0,T_26(i)
Nagaland,2007-08,2004-05,37317.0,T_26(i)
Odisha,2007-08,2004-05,21640.0,T_26(i)
Puducherry,2007-08,2004-05,64749.0,T_26(i)
Punjab,2007-08,2004-05,39567.0,T_26(i)
Rajasthan,2007-08,2004-05,21922.0,T_26(i)
Sikkim,2007-08,2004-05,31722.0,T_26(i)
Tamil Nadu,2007-08,2004-05,41314.0,T_26(i)
Telangana,2007-08,2004-05,33271.0,T_26(i)
Tripura,2007-08,2004-05,29022.0,T_26(i)
Uttar Pradesh,2007-08,2004-05,14875.0,T_26(i)
Uttarakhand,2007-08,2004-05,35444.0,T_26(i)
West Bengal,2007-08,2004-05,27094.0,T_26(i)
Andaman & Nicobar Islands,2008-09,2004-05,56304.0,T_26(i)
Andhra Pradesh,2008-09,2004-05,33733.0,T_26(i)
Arunachal Pradesh,2008-09,2004-05,32028.0,T_26(i)
Assam,2008-09,2004-05,18922.0,T_26(i)
Bihar,2008-09,2004-05,10297.0,T_26(i)
Chandigarh,2008-09,2004-05,88298.0,T_26(i)
Chhattisgarh,2008-09,2004-05,23926.0,T_26(i)
Delhi,2008-09,2004-05,91845.0,T_26(i)
Goa,2008-09,2004-05,90409.0,T_26(i)
Gujarat,2008-09,2004-05,43685.0,T_26(i)
Haryana,2008-09,2004-05,49780.0,T_26(i)
Himachal Pradesh,2008-09,2004-05,41666.0,T_26(i)
Jammu & Kashmir,2008-09,2004-05,25641.0,T_26(i)
Jharkhand,2008-09,2004-05,19867.0,T_26(i)
Karnataka,2008-09,2004-05,37687.0,T_26(i)
Kerala,2008-09,2004-05,43644.0,T_26(i)
Madhya Pradesh,2008-09,2004-05,19462.0,T_26(i)
Maharashtra,2008-09,2004-05,50183.0,T_26(i)
Manipur,2008-09,2004-05,20861.0,T_26(i)
Meghalaya,2008-09,2004-05,28223.0,T_26(i)
Mizoram,2008-09,2004-05,31921.0,T_26(i)
Nagaland,2008-09,2004-05,39041.0,T_26(i)
Odisha,2008-09,2004-05,22963.0,T_26(i)
Puducherry,2008-09,2004-05,69374.0,T_26(i)
Punjab,2008-09,2004-05,41003.0,T_26(i)
Rajasthan,2008-09,2004-05,23356.0,T_26(i)
Sikkim,2008-09,2004-05,35394.0,T_26(i)
Tamil Nadu,2008-09,2004-05,43193.0,T_26(i)
Telangana,2008-09,2004-05,37436.0,T_26(i)
Tripura,2008-09,2004-05,31711.0,T_26(i)
Uttar Pradesh,2008-09,2004-05,15713.0,T_26(i)
Uttarakhand,2008-09,2004-05,38621.0,T_26(i)
West Bengal,2008-09,2004-05,27914.0,T_26(i)
Andaman & Nicobar Islands,2009-10,2004-05,61411.0,T_26(ii)
Andhra Pradesh,2009-10,2004-05,35677.0,T_26(ii)
Arunachal Pradesh,2009-10,2004-05,33893.0,T_26(ii)
Assam,2009-10,2004-05,20406.0,T_26(ii)
Bihar,2009-10,2004-05,10635.0,T_26(ii)
Chandigarh,2009-10,2004-05,87751.0,T_26(ii)
Chhattisgarh,2009-10,2004-05,24189.0,T_26(ii)
Delhi,2009-10,2004-05,97525.0,T_26(ii)
Goa,2009-10,2004-05,95320.0,T_26(ii)
Gujarat,2009-10,2004-05,49168.0,T_26(ii)
Haryana,2009-10,2004-05,55044.0,T_26(ii)
Himachal Pradesh,2009-10,2004-05,43492.0,T_26(ii)
Jammu & Kashmir,2009-10,2004-05,26518.0,T_26(ii)
Jharkhand,2009-10,2004-05,21534.0,T_26(ii)
Karnataka,2009-10,2004-05,37294.0,T_26(ii)
Kerala,2009-10,2004-05,47360.0,T_26(ii)
Madhya Pradesh,2009-10,2004-05,20959.0,T_26(ii)
Maharashtra,2009-10,2004-05,54246.0,T_26(ii)
Manipur,2009-10,2004-05,21810.0,T_26(ii)
Meghalaya,2009-10,2004-05,29306.0,T_26(ii)
Mizoram,2009-10,2004-05,34699.0,T_26(ii)
Nagaland,2009-10,2004-05,40590.0,T_26(ii)
Odisha,2009-10,2004-05,22846.0,T_26(ii)
Puducherry,2009-10,2004-05,80363.0,T_26(ii)
Punjab,2009-10,2004-05,42831.0,T_26(ii)
Rajasthan,2009-10,2004-05,24304.0,T_26(ii)
Sikkim,2009-10,2004-05,60774.0,T_26(ii)
Tamil Nadu,2009-10,2004-05,47394.0,T_26(ii)
Telangana,2009-10,2004-05,37183.0,T_26(ii)
Tripura,2009-10,2004-05,34544.0,T_26(ii)
Uttar Pradesh,2009-10,2004-05,16390.0,T_26(ii)
Uttarakhand,2009-10,2004-05,44557.0,T_26(ii)
West Bengal,2009-10,2004-05,29799.0,T_26(ii)
Andaman & Nicobar Islands,2010-11,2004-05,64712.0,T_26(ii)
Andhra Pradesh,2010-11,2004-05,37708.0,T_26(ii)
Arunachal Pradesh,2010-11,2004-05,34548.0,T_26(ii)
Assam,2010-11,2004-05,21146.0,T_26(ii)
Bihar,2010-11,2004-05,12090.0,T_26(ii)
Chandigarh,2010-11,2004-05,83319.0,T_26(ii)
Chhattisgarh,2010-11,2004-05,25991.0,T_26(ii)
Delhi,2010-11,2004-05,103619.0,T_26(ii)
Goa,2010-11,2004-05,110306.0,T_26(ii)
Gujarat,2010-11,2004-05,53813.0,T_26(ii)
Haryana,2010-11,2004-05,57797.0,T_26(ii)
Himachal Pradesh,2010-11,2004-05,46682.0,T_26(ii)
Jammu & Kashmir,2010-11,2004-05,27666.0,T_26(ii)
Jharkhand,2010-11,2004-05,24330.0,T_26(ii)
Karnataka,2010-11,2004-05,40699.0,T_26(ii)
Kerala,2010-11,2004-05,50146.0,T_26(ii)
Madhya Pradesh,2010-11,2004-05,21706.0,T_26(ii)
Maharashtra,2010-11,2004-05,59587.0,T_26(ii)
Manipur,2010-11,2004-05,20711.0,T_26(ii)
Meghalaya,2010-11,2004-05,31418.0,T_26(ii)
Mizoram,2010-11,2004-05,40072.0,T_26(ii)
Nagaland,2010-11,2004-05,43992.0,T_26(ii)
Odisha,2010-11,2004-05,23968.0,T_26(ii)
Puducherry,2010-11,2004-05,84142.0,T_26(ii)
Punjab,2010-11,2004-05,44769.0,T_26(ii)
Rajasthan,2010-11,2004-05,27502.0,T_26(ii)
Sikkim,2010-11,2004-05,66136.0,T_26(ii)
Tamil Nadu,2010-11,2004-05,53507.0,T_26(ii)
Telangana,2010-11,2004-05,43354.0,T_26(ii)
Tripura,2010-11,2004-05,36718.0,T_26(ii)
Uttar Pradesh,2010-11,2004-05,17388.0,T_26(ii)
Uttarakhand,2010-11,2004-05,48525.0,T_26(ii)
West Bengal,2010-11,2004-05,31314.0,T_26(ii)
Andaman & Nicobar Islands,2011-12,2004-05,68356.0,T_26(ii)
Andhra Pradesh,2011-12,2004-05,38556.0,T_26(ii)
Arunachal Pradesh,2011-12,2004-05,35527.0,T_26(ii)
Assam,2011-12,2004-05,21741.0,T_26(ii)
Bihar,2011-12,2004-05,13149.0,T_26(ii)
Chandigarh,2011-12,2004-05,80801.0,T_26(ii)
Chhattisgarh,2011-12,2004-05,27163.0,T_26(ii)
Delhi,2011-12,2004-05,106677.0,T_26(ii)
Goa,2011-12,2004-05,129397.0,T_26(ii)
Gujarat,2011-12,2004-05,56634.0,T_26(ii)
Haryana,2011-12,2004-05,61716.0,T_26(ii)
Himachal Pradesh,2011-12,2004-05,49203.0,T_26(ii)
Jammu & Kashmir,2011-12,2004-05,28790.0,T_26(ii)
Jharkhand,2011-12,2004-05,25265.0,T_26(ii)
Karnataka,2011-12,2004-05,41492.0,T_26(ii)
Kerala,2011-12,2004-05,52808.0,T_26(ii)
Madhya Pradesh,2011-12,2004-05,23272.0,T_26(ii)
Maharashtra,2011-12,2004-05,61276.0,T_26(ii)
Manipur,2011-12,2004-05,22169.0,T_26(ii)
Meghalaya,2011-12,2004-05,34232.0,T_26(ii)
Mizoram,2011-12,2004-05,37921.0,T_26(ii)
Nagaland,2011-12,2004-05,46340.0,T_26(ii)
Odisha,2011-12,2004-05,24542.0,T_26(ii)
Puducherry,2011-12,2004-05,80517.0,T_26(ii)
Punjab,2011-12,2004-05,46325.0,T_26(ii)
Rajasthan,2011-12,2004-05,29612.0,T_26(ii)
Sikkim,2011-12,2004-05,73704.0,T_26(ii)
Tamil Nadu,2011-12,2004-05,57093.0,T_26(ii)
Telangana,2011-12,2004-05,45277.0,T_26(ii)
Tripura,2011-12,2004-05,39608.0,T_26(ii)
Uttar Pradesh,2011-12,2004-05,18014.0,T_26(ii)
Uttarakhand,2011-12,2004-05,52606.0,T_26(ii)
West Bengal,2011-12,2004-05,32164.0,T_26(ii)
Andaman & Nicobar Islands,2012-13,2004-05,71896.0,T_26(ii)
Andhra Pradesh,2012-13,2004-05,39645.0,T_26(ii)
Arunachal Pradesh,2012-13,2004-05,33805.0,T_26(ii)
Assam,2012-13,2004-05,22273.0,T_26(ii)
Bihar,2012-13,2004-05,14356.0,T_26(ii)
Chandigarh,2012-13,2004-05,79153.0,T_26(ii)
Chhattisgarh,2012-13,2004-05,28087.0,T_26(ii)
Delhi,2012-13,2004-05,112441.0,T_26(ii)
Goa,2012-13,2004-05,132220.0,T_26(ii)
Gujarat,2012-13,2004-05,59157.0,T_26(ii)
Haryana,2012-13,2004-05,64052.0,T_26(ii)
Himachal Pradesh,2012-13,2004-05,51730.0,T_26(ii)
Jammu & Kashmir,2012-13,2004-05,30035.0,T_26(ii)
Jharkhand,2012-13,2004-05,27010.0,T_26(ii)
Karnataka,2012-13,2004-05,43266.0,T_26(ii)
Kerala,2012-13,2004-05,55643.0,T_26(ii)
Madhya Pradesh,2012-13,2004-05,24867.0,T_26(ii)
Maharashtra,2012-13,2004-05,65095.0,T_26(ii)
Manipur,2012-13,2004-05,23130.0,T_26(ii)
Meghalaya,2012-13,2004-05,34706.0,T_26(ii)
Mizoram,2012-13,2004-05,39347.0,T_26(ii)
Nagaland,2012-13,2004-05,48111.0,T_26(ii)
Odisha,2012-13,2004-05,25163.0,T_26(ii)
Puducherry,2012-13,2004-05,87470.0,T_26(ii)
Punjab,2012-13,2004-05,47854.0,T_26(ii)
Rajasthan,2012-13,2004-05,30839.0,T_26(ii)
Sikkim,2012-13,2004-05,78427.0,T_26(ii)
Tamil Nadu,2012-13,2004-05,58360.0,T_26(ii)
Telangana,2012-13,2004-05,47100.0,T_26(ii)
Tripura,2012-13,2004-05,43574.0,T_26(ii)
Uttar Pradesh,2012-13,2004-05,18635.0,T_26(ii)
Uttarakhand,2012-13,2004-05,55375.0,T_26(ii)
West Bengal,2012-13,2004-05,34177.0,T_26(ii)
Andaman & Nicobar Islands,2013-14,2004-05,72716.0,T_26(ii)
Andhra Pradesh,2013-14,2004-05,42170.0,T_26(ii)
Arunachal Pradesh,2013-14,2004-05,36019.0,T_26(ii)
Assam,2013-14,2004-05,23392.0,T_26(ii)
Bihar,2013-14,2004-05,15506.0,T_26(ii)
Chandigarh,2013-14,2004-05,82798.0,T_26(ii)
Chhattisgarh,2013-14,2004-05,28373.0,T_26(ii)
Delhi,2013-14,2004-05,118411.0,T_26(ii)
Goa,2013-14,2004-05,137401.0,T_26(ii)
Gujarat,2013-14,2004-05,63168.0,T_26(ii)
Haryana,2013-14,2004-05,67260.0,T_26(ii)
Himachal Pradesh,2013-14,2004-05,54494.0,T_26(ii)
Jammu & Kashmir,2013-14,2004-05,31448.0,T_26(ii)
Jharkhand,2013-14,2004-05,28882.0,T_26(ii)
Karnataka,2013-14,2004-05,46012.0,T_26(ii)
Kerala,2013-14,2004-05,58961.0,T_26(ii)
Madhya Pradesh,2013-14,2004-05,26853.0,T_26(ii)
Maharashtra,2013-14,2004-05,69097.0,T_26(ii)
Manipur,2013-14,2004-05,24042.0,T_26(ii)
Meghalaya,2013-14,2004-05,37154.0,T_26(ii)
Mizoram,2013-14,2004-05,41094.0,T_26(ii)
Nagaland,2013-14,2004-05,49963.0,T_26(ii)
Odisha,2013-14,2004-05,24929.0,T_26(ii)
Puducherry,2013-14,2004-05,94787.0,T_26(ii)
Punjab,2013-14,2004-05,49529.0,T_26(ii)
Rajasthan,2013-14,2004-05,31836.0,T_26(ii)
Sikkim,2013-14,2004-05,83527.0,T_26(ii)
Tamil Nadu,2013-14,2004-05,62361.0,T_26(ii)
Telangana,2013-14,2004-05,48881.0,T_26(ii)
Tripura,2013-14,2004-05,47261.0,T_26(ii)
Uttar Pradesh,2013-14,2004-05,19233.0,T_26(ii)
Uttarakhand,2013-14,2004-05,59161.0,T_26(ii)
West Bengal,2013-14,2004-05,36293.0,T_26(ii)
Andaman & Nicobar Islands,2014-15,2004-05,,T_26(ii)
Andhra Pradesh,2014-15,2004-05,44831.0,T_26(ii)
Arunachal Pradesh,2014-15,2004-05,37683.0,T_26(ii)
Assam,2014-15,2004-05,23968.0,T_26(ii)
Bihar,2014-15,2004-05,16801.0,T_26(ii)
Chandigarh,2014-15,2004-05,,T_26(ii)
Chhattisgarh,2014-15,2004-05,29047.0,T_26(ii)
Delhi,2014-15,2004-05,125809.0,T_26(ii)
Goa,2014-15,2004-05,,T_26(ii)
Gujarat,2014-15,2004-05,,T_26(ii)
Haryana,2014-15,2004-05,71493.0,T_26(ii)
Himachal Pradesh,2014-15,2004-05,,T_26(ii)
Jammu & Kashmir,2014-15,2004-05,30612.0,T_26(ii)
Jharkhand,2014-15,2004-05,30950.0,T_26(ii)
Karnataka,2014-15,2004-05,48907.0,T_26(ii)
Kerala,2014-15,2004-05,,T_26(ii)
Madhya Pradesh,2014-15,2004-05,29218.0,T_26(ii)
Maharashtra,2014-15,2004-05,72200.0,T_26(ii)
Manipur,2014-15,2004-05,,T_26(ii)
Meghalaya,2014-15,2004-05,39503.0,T_26(ii)
Mizoram,2014-15,2004-05,,T_26(ii)
Nagaland,2014-15,2004-05,51888.0,T_26(ii)
Odisha,2014-15,2004-05,26531.0,T_26(ii)
Puducherry,2014-15,2004-05,102965.0,T_26(ii)
Punjab,2014-15,2004-05,51403.0,T_26(ii)
Rajasthan,2014-15,2004-05,33186.0,T_26(ii)
Sikkim,2014-15,2004-05,,T_26(ii)
Tamil Nadu,2014-15,2004-05,66635.0,T_26(ii)
Telangana,2014-15,2004-05,51017.0,T_26(ii)
Tripura,2014-15,2004-05,,T_26(ii)
Uttar Pradesh,2014-15,2004-05,20057.0,T_26(ii)
Uttarakhand,2014-15,2004-05,63820.0,T_26(ii)
West Bengal,2014-15,2004-05,38624.0,T_26(ii)
Andaman & Nicobar Islands,2011-12,2011-12,89100.0,T_26(iii)
Andhra Pradesh,2011-12,2011-12,69000.0,T_26(iii)
Arunachal Pradesh,2011-12,2011-12,73540.0,T_26(iii)
Assam,2011-12,2011-12,41142.0,T_26(iii)
Bihar,2011-12,2011-12,21750.0,T_26(iii)
Chandigarh,2011-12,2011-12,158967.0,T_26(iii)
Chhattisgarh,2011-12,2011-12,55177.0,T_26(iii)
Delhi,2011-12,2011-12,185001.0,T_26(iii)
Goa,2011-12,2011-12,259444.0,T_26(iii)
Gujarat,2011-12,2011-12,87481.0,T_26(iii)
Haryana,2011-12,2011-12,106085.0,T_26(iii)
Himachal Pradesh,2011-12,2011-12,87721.0,T_26(iii)
Jammu & Kashmir*,2011-12,2011-12,51775.0,T_26(iii)
Jammu & Kashmir-U.T.,2011-12,2011-12,,T_26(iii)
Jharkhand,2011-12,2011-12,41254.0,T_26(iii)
Karnataka,2011-12,2011-12,90263.0,T_26(iii)
Kerala,2011-12,2011-12,97912.0,T_26(iii)
Madhya Pradesh,2011-12,2011-12,38497.0,T_26(iii)
Maharashtra,2011-12,2011-12,99597.0,T_26(iii)
Manipur,2011-12,2011-12,39762.0,T_26(iii)
Meghalaya,2011-12,2011-12,60013.0,T_26(iii)
Mizoram,2011-12,2011-12,57654.0,T_26(iii)
Nagaland,2011-12,2011-12,53010.0,T_26(iii)
Odisha,2011-12,2011-12,48387.0,T_26(iii)
Puducherry,2011-12,2011-12,119649.0,T_26(iii)
Punjab,2011-12,2011-12,85577.0,T_26(iii)
Rajasthan,2011-12,2011-12,57192.0,T_26(iii)
Sikkim,2011-12,2011-12,158667.0,T_26(iii)
Tamil Nadu,2011-12,2011-12,93112.0,T_26(iii)
Telangana,2011-12,2011-12,91121.0,T_26(iii)
Tripura,2011-12,2011-12,47155.0,T_26(iii)
Uttar Pradesh,2011-12,2011-12,32002.0,T_26(iii)
Uttarakhand,2011-12,2011-12,100314.0,T_26(iii)
West Bengal,2011-12,2011-12,51543.0,T_26(iii)
Andaman & Nicobar Islands,2012-13,2011-12,92644.0,T_26(iii)
Andhra Pradesh,2012-13,2011-12,68865.0,T_26(iii)
Arunachal Pradesh,2012-13,2011-12,73960.0,T_26(iii)
Assam,2012-13,2011-12,41609.0,T_26(iii)
Bihar,2012-13,2011-12,22201.0,T_26(iii)
Chandigarh,2012-13,2011-12,169336.0,T_26(iii)
Chhattisgarh,2012-13,2011-12,56777.0,T_26(iii)
Delhi,2012-13,2011-12,192220.0,T_26(iii)
Goa,2012-13,2011-12,220019.0,T_26(iii)
Gujarat,2012-13,2011-12,96683.0,T_26(iii)
Haryana,2012-13,2011-12,111780.0,T_26(iii)
Himachal Pradesh,2012-13,2011-12,92672.0,T_26(iii)
Jammu & Kashmir*,2012-13,2011-12,52821.0,T_26(iii)
Jammu & Kashmir-U.T.,2012-13,2011-12,,T_26(iii)
Jharkhand,2012-13,2011-12,44176.0,T_26(iii)
Karnataka,2012-13,2011-12,94375.0,T_26(iii)
Kerala,2012-13,2011-12,103551.0,T_26(iii)
Madhya Pradesh,2012-13,2011-12,41142.0,T_26(iii)
Maharashtra,2012-13,2011-12,104008.0,T_26(iii)
Manipur,2012-13,2011-12,38954.0,T_26(iii)
Meghalaya,2012-13,2011-12,59703.0,T_26(iii)
Mizoram,2012-13,2011-12,60261.0,T_26(iii)
Nagaland,2012-13,2011-12,55482.0,T_26(iii)
Odisha,2012-13,2011-12,50769.0,T_26(iii)
Puducherry,2012-13,2011-12,119196.0,T_26(iii)
Punjab,2012-13,2011-12,88915.0,T_26(iii)
Rajasthan,2012-13,2011-12,58441.0,T_26(iii)
Sikkim,2012-13,2011-12,160553.0,T_26(iii)
Tamil Nadu,2012-13,2011-12,97257.0,T_26(iii)
Telangana,2012-13,2011-12,92732.0,T_26(iii)
Tripura,2012-13,2011-12,50501.0,T_26(iii)
Uttar Pradesh,2012-13,2011-12,32908.0,T_26(iii)
Uttarakhand,2012-13,2011-12,106359.0,T_26(iii)
West Bengal,2012-13,2011-12,53157.0,T_26(iii)
Andaman & Nicobar Islands,2013-14,2011-12,98735.0,T_26(iii)
Andhra Pradesh,2013-14,2011-12,72254.0,T_26(iii)
Arunachal Pradesh,2013-14,2011-12,79004.0,T_26(iii)
Assam,2013-14,2011-12,43002.0,T_26(iii)
Bihar,2013-14,2011-12,22776.0,T_26(iii)
Chandigarh,2013-14,2011-12,180615.0,T_26(iii)
Chhattisgarh,2013-14,2011-12,61409.0,T_26(iii)
Delhi,2013-14,2011-12,200702.0,T_26(iii)
Goa,2013-14,2011-12,188358.0,T_26(iii)
Gujarat,2013-14,2011-12,102589.0,T_26(iii)
Haryana,2013-14,2011-12,119791.0,T_26(iii)
Himachal Pradesh,2013-14,2011-12,98816.0,T_26(iii)
Jammu & Kashmir*,2013-14,2011-12,54783.0,T_26(iii)
Jammu & Kashmir-U.T.,2013-14,2011-12,,T_26(iii)
Jharkhand,2013-14,2011-12,43779.0,T_26(iii)
Karnataka,2013-14,2011-12,101858.0,T_26(iii)
Kerala,2013-14,2011-12,107846.0,T_26(iii)
Madhya Pradesh,2013-14,2011-12,42548.0,T_26(iii)
Maharashtra,2013-14,2011-12,109597.0,T_26(iii)
Manipur,2013-14,2011-12,41441.0,T_26(iii)
Meghalaya,2013-14,2011-12,58681.0,T_26(iii)
Mizoram,2013-14,2011-12,67594.0,T_26(iii)
Nagaland,2013-14,2011-12,58619.0,T_26(iii)
Odisha,2013-14,2011-12,54209.0,T_26(iii)
Puducherry,2013-14,2011-12,129127.0,T_26(iii)
Punjab,2013-14,2011-12,93238.0,T_26(iii)
Rajasthan,2013-14,2011-12,61053.0,T_26(iii)
Sikkim,2013-14,2011-12,168897.0,T_26(iii)
Tamil Nadu,2013-14,2011-12,102191.0,T_26(iii)
Telangana,2013-14,2011-12,96039.0,T_26(iii)
Tripura,2013-14,2011-12,54645.0,T_26(iii)
Uttar Pradesh,2013-14,2011-12,34044.0,T_26(iii)
Uttarakhand,2013-14,2011-12,112900.0,T_26(iii)
West Bengal,2013-14,2011-12,53815.0,T_26(iii)
Andaman & Nicobar Islands,2014-15,2011-12,106711.0,T_26(iii)
Andhra Pradesh,2014-15,2011-12,79174.0,T_26(iii)
Arunachal Pradesh,2014-15,2011-12,91034.0,T_26(iii)
Assam,2014-15,2011-12,44809.0,T_26(iii)
Bihar,2014-15,2011-12,23223.0,T_26(iii)
Chandigarh,2014-15,2011-12,182867.0,T_26(iii)
Chhattisgarh,2014-15,2011-12,61122.0,T_26(iii)
Delhi,2014-15,2011-12,213669.0,T_26(iii)
Goa,2014-15,2011-12,241081.0,T_26(iii)
Gujarat,2014-15,2011-12,111370.0,T_26(iii)
Haryana,2014-15,2011-12,125032.0,T_26(iii)
Himachal Pradesh,2014-15,2011-12,105241.0,T_26(iii)
Jammu & Kashmir*,2014-15,2011-12,51649.0,T_26(iii)
Jammu & Kashmir-U.T.,2014-15,2011-12,,T_26(iii)
Jharkhand,2014-15,2011-12,48781.0,T_26(iii)
Karnataka,2014-15,2011-12,105697.0,T_26(iii)
Kerala,2014-15,2011-12,112444.0,T_26(iii)
Madhya Pradesh,2014-15,2011-12,44027.0,T_26(iii)
Maharashtra,2014-15,2011-12,115058.0,T_26(iii)
Manipur,2014-15,2011-12,44101.0,T_26(iii)
Meghalaya,2014-15,2011-12,55880.0,T_26(iii)
Mizoram,2014-15,2011-12,85056.0,T_26(iii)
Nagaland,2014-15,2011-12,60372.0,T_26(iii)
Odisha,2014-15,2011-12,54361.0,T_26(iii)
Puducherry,2014-15,2011-12,117102.0,T_26(iii)
Punjab,2014-15,2011-12,95807.0,T_26(iii)
Rajasthan,2014-15,2011-12,64496.0,T_26(iii)
Sikkim,2014-15,2011-12,180675.0,T_26(iii)
Tamil Nadu,2014-15,2011-12,107117.0,T_26(iii)
Telangana,2014-15,2011-12,101424.0,T_26(iii)
Tripura,2014-15,2011-12,63992.0,T_26(iii)
Uttar Pradesh,2014-15,2011-12,34583.0,T_26(iii)
Uttarakhand,2014-15,2011-12,118979.0,T_26(iii)
West Bengal,2014-15,2011-12,54520.0,T_26(iii)
Andaman & Nicobar Islands,2015-16,2011-12,114660.0,T_26(iii)
Andhra Pradesh,2015-16,2011-12,88609.0,T_26(iii)
Arunachal Pradesh,2015-16,2011-12,88768.0,T_26(iii)
Assam,2015-16,2011-12,50642.0,T_26(iii)
Bihar,2015-16,2011-12,24064.0,T_26(iii)
Chandigarh,2015-16,2011-12,195205.0,T_26(iii)
Chhattisgarh,2015-16,2011-12,61433.0,T_26(iii)
Delhi,2015-16,2011-12,233115.0,T_26(iii)
Goa,2015-16,2011-12,278601.0,T_26(iii)
Gujarat,2015-16,2011-12,120683.0,T_26(iii)
Haryana,2015-16,2011-12,137833.0,T_26(iii)
Himachal Pradesh,2015-16,2011-12,112723.0,T_26(iii)
Jammu & Kashmir*,2015-16,2011-12,61388.0,T_26(iii)
Jammu & Kashmir-U.T.,2015-16,2011-12,,T_26(iii)
Jharkhand,2015-16,2011-12,44524.0,T_26(iii)
Karnataka,2015-16,2011-12,116813.0,T_26(iii)
Kerala,2015-16,2011-12,120387.0,T_26(iii)
Madhya Pradesh,2015-16,2011-12,47351.0,T_26(iii)
Maharashtra,2015-16,2011-12,122889.0,T_26(iii)
Manipur,2015-16,2011-12,46389.0,T_26(iii)
Meghalaya,2015-16,2011-12,56039.0,T_26(iii)
Mizoram,2015-16,2011-12,91845.0,T_26(iii)
Nagaland,2015-16,2011-12,60663.0,T_26(iii)
Odisha,2015-16,2011-12,57806.0,T_26(iii)
Puducherry,2015-16,2011-12,121000.0,T_26(iii)
Punjab,2015-16,2011-12,100141.0,T_26(iii)
Rajasthan,2015-16,2011-12,68565.0,T_26(iii)
Sikkim,2015-16,2011-12,195066.0,T_26(iii)
Tamil Nadu,2015-16,2011-12,115875.0,T_26(iii)
Telangana,2015-16,2011-12,112267.0,T_26(iii)
Tripura,2015-16,2011-12,61612.0,T_26(iii)
Uttar Pradesh,2015-16,2011-12,36973.0,T_26(iii)
Uttarakhand,2015-16,2011-12,127249.0,T_26(iii)
West Bengal,2015-16,2011-12,57255.0,T_26(iii)
Andaman & Nicobar Islands,2016-17,2011-12,129532.0,T_26(iii)
Andhra Pradesh,2016-17,2011-12,94115.0,T_26(iii)
Arunachal Pradesh,2016-17,2011-12,91311.0,T_26(iii)
Assam,2016-17,2011-12,53575.0,T_26(iii)
Bihar,2016-17,2011-12,25455.0,T_26(iii)
Chandigarh,2016-17,2011-12,208231.0,T_26(iii)
Chhattisgarh,2016-17,2011-12,67139.0,T_26(iii)
Delhi,2016-17,2011-12,244255.0,T_26(iii)
Goa,2016-17,2011-12,305875.0,T_26(iii)
Gujarat,2016-17,2011-12,129738.0,T_26(iii)
Haryana,2016-17,2011-12,150259.0,T_26(iii)
Himachal Pradesh,2016-17,2011-12,122208.0,T_26(iii)
Jammu & Kashmir*,2016-17,2011-12,62398.0,T_26(iii)
Jammu & Kashmir-U.T.,2016-17,2011-12,,T_26(iii)
Jharkhand,2016-17,2011-12,48826.0,T_26(iii)
Karnataka,2016-17,2011-12,131186.0,T_26(iii)
Kerala,2016-17,2011-12,129251.0,T_26(iii)
Madhya Pradesh,2016-17,2011-12,52782.0,T_26(iii)
Maharashtra,2016-17,2011-12,133686.0,T_26(iii)
Manipur,2016-17,2011-12,47151.0,T_26(iii)
Meghalaya,2016-17,2011-12,57752.0,T_26(iii)
Mizoram,2016-17,2011-12,99089.0,T_26(iii)
Nagaland,2016-17,2011-12,64259.0,T_26(iii)
Odisha,2016-17,2011-12,66416.0,T_26(iii)
Puducherry,2016-17,2011-12,126532.0,T_26(iii)
Punjab,2016-17,2011-12,105848.0,T_26(iii)
Rajasthan,2016-17,2011-12,71324.0,T_26(iii)
Sikkim,2016-17,2011-12,207355.0,T_26(iii)
Tamil Nadu,2016-17,2011-12,123206.0,T_26(iii)
Telangana,2016-17,2011-12,121512.0,T_26(iii)
Tripura,2016-17,2011-12,69860.0,T_26(iii)
Uttar Pradesh,2016-17,2011-12,40847.0,T_26(iii)
Uttarakhand,2016-17,2011-12,138784.0,T_26(iii)
West Bengal,2016-17,2011-12,60618.0,T_26(iii)
Andaman & Nicobar Islands,2017-18,2011-12,145562.0,T_26(iv)
Andhra Pradesh,2017-18,2011-12,103177.0,T_26(iv)
Arunachal Pradesh,2017-18,2011-12,94001.0,T_26(iv)
Assam,2017-18,2011-12,57835.0,T_26(iv)
Bihar,2017-18,2011-12,26719.0,T_26(iv)
Chandigarh,2017-18,2011-12,218201.0,T_26(iv)
Chhattisgarh,2017-18,2011-12,68374.0,T_26(iv)
Delhi,2017-18,2011-12,252960.0,T_26(iv)
Goa,2017-18,2011-12,308296.0,T_26(iv)
Gujarat,2017-18,2011-12,143604.0,T_26(iv)
Haryana,2017-18,2011-12,156200.0,T_26(iv)
Himachal Pradesh,2017-18,2011-12,129303.0,T_26(iv)
Jammu & Kashmir*,2017-18,2011-12,65621.0,T_26(iv)
Jammu & Kashmir-U.T.,2017-18,2011-12,,T_26(iv)
Jharkhand,2017-18,2011-12,52277.0,T_26(iv)
Karnataka,2017-18,2011-12,140745.0,T_26(iv)
Kerala,2017-18,2011-12,137181.0,T_26(iv)
Madhya Pradesh,2017-18,2011-12,54824.0,T_26(iv)
Maharashtra,2017-18,2011-12,137808.0,T_26(iv)
Manipur,2017-18,2011-12,51211.0,T_26(iv)
Meghalaya,2017-18,2011-12,58493.0,T_26(iv)
Mizoram,2017-18,2011-12,117272.0,T_26(iv)
Nagaland,2017-18,2011-12,66813.0,T_26(iv)
Odisha,2017-18,2011-12,71032.0,T_26(iv)
Puducherry,2017-18,2011-12,134934.0,T_26(iv)
Punjab,2017-18,2011-12,110857.0,T_26(iv)
Rajasthan,2017-18,2011-12,73529.0,T_26(iv)
Sikkim,2017-18,2011-12,232483.0,T_26(iv)
Tamil Nadu,2017-18,2011-12,133029.0,T_26(iv)
Telangana,2017-18,2011-12,131503.0,T_26(iv)
Tripura,2017-18,2011-12,75020.0,T_26(iv)
Uttar Pradesh,2017-18,2011-12,41771.0,T_26(iv)
Uttarakhand,2017-18,2011-12,148011.0,T_26(iv)
West Bengal,2017-18,2011-12,64007.0,T_26(iv)
-: Not Available. * : Relates to Jammu & Kashmir and Ladakh.,2017-18,2011-12,,T_26(iv)
"Source: National Statistics Office, Ministry of Statistics and Programme Implementation, Government of India.",2017-18,2011-12,,T_26(iv)
Andaman & Nicobar Islands,2018-19,2011-12,154233.0,T_26(iv)
Andhra Pradesh,2018-19,2011-12,108853.0,T_26(iv)
Arunachal Pradesh,2018-19,2011-12,99570.0,T_26(iv)
Assam,2018-19,2011-12,59943.0,T_26(iv)
Bihar,2018-19,2011-12,29092.0,T_26(iv)
Chandigarh,2018-19,2011-12,227231.0,T_26(iv)
Chhattisgarh,2018-19,2011-12,75438.0,T_26(iv)
Delhi,2018-19,2011-12,257597.0,T_26(iv)
Goa,2018-19,2011-12,308753.0,T_26(iv)
Gujarat,2018-19,2011-12,154887.0,T_26(iv)
Haryana,2018-19,2011-12,169604.0,T_26(iv)
Himachal Pradesh,2018-19,2011-12,136292.0,T_26(iv)
Jammu & Kashmir*,2018-19,2011-12,69183.0,T_26(iv)
Jammu & Kashmir-U.T.,2018-19,2011-12,,T_26(iv)
Jharkhand,2018-19,2011-12,56133.0,T_26(iv)
Karnataka,2018-19,2011-12,149024.0,T_26(iv)
Kerala,2018-19,2011-12,147347.0,T_26(iv)
Madhya Pradesh,2018-19,2011-12,59005.0,T_26(iv)
Maharashtra,2018-19,2011-12,140782.0,T_26(iv)
Manipur,2018-19,2011-12,48106.0,T_26(iv)
Meghalaya,2018-19,2011-12,60132.0,T_26(iv)
Mizoram,2018-19,2011-12,119022.0,T_26(iv)
Nagaland,2018-19,2011-12,70218.0,T_26(iv)
Odisha,2018-19,2011-12,75421.0,T_26(iv)
Puducherry,2018-19,2011-12,155466.0,T_26(iv)
Punjab,2018-19,2011-12,115592.0,T_26(iv)
Rajasthan,2018-19,2011-12,73975.0,T_26(iv)
Sikkim,2018-19,2011-12,240743.0,T_26(iv)
Tamil Nadu,2018-19,2011-12,141844.0,T_26(iv)
Telangana,2018-19,2011-12,146777.0,T_26(iv)
Tripura,2018-19,2011-12,82313.0,T_26(iv)
Uttar Pradesh,2018-19,2011-12,42333.0,T_26(iv)
Uttarakhand,2018-19,2011-12,150179.0,T_26(iv)
West Bengal,2018-19,2011-12,68195.0,T_26(iv)
-: Not Available. * : Relates to Jammu & Kashmir and Ladakh.,2018-19,2011-12,,T_26(iv)
"Source: National Statistics Office, Ministry of Statistics and Programme Implementation, Government of India.",2018-19,2011-12,,T_26(iv)
Andaman & Nicobar Islands,2019-20,2011-12,161564.0,T_26(iv)
Andhra Pradesh,2019-20,2011-12,110587.0,T_26(iv)
Arunachal Pradesh,2019-20,2011-12,113081.0,T_26(iv)
Assam,2019-20,2011-12,61519.0,T_26(iv)
Bihar,2019-20,2011-12,29798.0,T_26(iv)
Chandigarh,2019-20,2011-12,239289.0,T_26(iv)
Chhattisgarh,2019-20,2011-12,76749.0,T_26(iv)
Delhi,2019-20,2011-12,260559.0,T_26(iv)
Goa,2019-20,2011-12,313973.0,T_26(iv)
Gujarat,2019-20,2011-12,164060.0,T_26(iv)
Haryana,2019-20,2011-12,170616.0,T_26(iv)
Himachal Pradesh,2019-20,2011-12,140944.0,T_26(iv)
Jammu & Kashmir*,2019-20,2011-12,,T_26(iv)
Jammu & Kashmir-U.T.,2019-20,2011-12,68437.0,T_26(iv)
Jharkhand,2019-20,2011-12,55658.0,T_26(iv)
Karnataka,2019-20,2011-12,156086.0,T_26(iv)
Kerala,2019-20,2011-12,147951.0,T_26(iv)
Madhya Pradesh,2019-20,2011-12,60452.0,T_26(iv)
Maharashtra,2019-20,2011-12,142211.0,T_26(iv)
Manipur,2019-20,2011-12,49267.0,T_26(iv)
Meghalaya,2019-20,2011-12,61755.0,T_26(iv)
Mizoram,2019-20,2011-12,130741.0,T_26(iv)
Nagaland,2019-20,2011-12,73361.0,T_26(iv)
Odisha,2019-20,2011-12,76462.0,T_26(iv)
Puducherry,2019-20,2011-12,153166.0,T_26(iv)
Punjab,2019-20,2011-12,118487.0,T_26(iv)
Rajasthan,2019-20,2011-12,76643.0,T_26(iv)
Sikkim,2019-20,2011-12,248691.0,T_26(iv)
Tamil Nadu,2019-20,2011-12,144845.0,T_26(iv)
Telangana,2019-20,2011-12,153286.0,T_26(iv)
Tripura,2019-20,2011-12,83985.0,T_26(iv)
Uttar Pradesh,2019-20,2011-12,43061.0,T_26(iv)
Uttarakhand,2019-20,2011-12,150820.0,T_26(iv)
West Bengal,2019-20,2011-12,69559.0,T_26(iv)
-: Not Available. * : Relates to Jammu & Kashmir and Ladakh.,2019-20,2011-12,,T_26(iv)
"Source: National Statistics Office, Ministry of Statistics and Programme Implementation, Government of India.",2019-20,2011-12,,T_26(iv)
Andaman & Nicobar Islands,2020-21,2011-12,146995.0,T_26(iv)
Andhra Pradesh,2020-21,2011-12,105880.0,T_26(iv)
Arunachal Pradesh,2020-21,2011-12,106002.0,T_26(iv)
Assam,2020-21,2011-12,61304.0,T_26(iv)
Bihar,2020-21,2011-12,26820.0,T_26(iv)
Chandigarh,2020-21,2011-12,209368.0,T_26(iv)
Chhattisgarh,2020-21,2011-12,73259.0,T_26(iv)
Delhi,2020-21,2011-12,234569.0,T_26(iv)
Goa,2020-21,2011-12,298527.0,T_26(iv)
Gujarat,2020-21,2011-12,156285.0,T_26(iv)
Haryana,2020-21,2011-12,155756.0,T_26(iv)
Himachal Pradesh,2020-21,2011-12,134111.0,T_26(iv)
Jammu & Kashmir*,2020-21,2011-12,,T_26(iv)
Jammu & Kashmir-U.T.,2020-21,2011-12,65444.0,T_26(iv)
Jharkhand,2020-21,2011-12,51464.0,T_26(iv)
Karnataka,2020-21,2011-12,149030.0,T_26(iv)
Kerala,2020-21,2011-12,132531.0,T_26(iv)
Madhya Pradesh,2020-21,2011-12,56320.0,T_26(iv)
Maharashtra,2020-21,2011-12,127970.0,T_26(iv)
Manipur,2020-21,2011-12,44449.0,T_26(iv)
Meghalaya,2020-21,2011-12,60522.0,T_26(iv)
Mizoram,2020-21,2011-12,116229.0,T_26(iv)
Nagaland,2020-21,2011-12,68272.0,T_26(iv)
Odisha,2020-21,2011-12,73357.0,T_26(iv)
Puducherry,2020-21,2011-12,135586.0,T_26(iv)
Punjab,2020-21,2011-12,113025.0,T_26(iv)
Rajasthan,2020-21,2011-12,73140.0,T_26(iv)
Sikkim,2020-21,2011-12,237212.0,T_26(iv)
Tamil Nadu,2020-21,2011-12,143482.0,T_26(iv)
Telangana,2020-21,2011-12,140703.0,T_26(iv)
Tripura,2020-21,2011-12,79123.0,T_26(iv)
Uttar Pradesh,2020-21,2011-12,39735.0,T_26(iv)
Uttarakhand,2020-21,2011-12,137987.0,T_26(iv)
West Bengal,2020-21,2011-12,63562.0,T_26(iv)
-: Not Available. * : Relates to Jammu & Kashmir and Ladakh.,2020-21,2011-12,,T_26(iv)
"Source: National Statistics Office, Ministry of Statistics and Programme Implementation, Government of India.",2020-21,2011-12,,T_26(iv)
Andaman & Nicobar Islands,2021-22,2011-12,163138.0,T_26(iv)
Andhra Pradesh,2021-22,2011-12,117464.0,T_26(iv)
Arunachal Pradesh,2021-22,2011-12,111776.0,T_26(iv)
Assam,2021-22,2011-12,65726.0,T_26(iv)
Bihar,2021-22,2011-12,28679.0,T_26(iv)
Chandigarh,2021-22,2011-12,219778.0,T_26(iv)
Chhattisgarh,2021-22,2011-12,78377.0,T_26(iv)
Delhi,2021-22,2011-12,252024.0,T_26(iv)
Goa,2021-22,2011-12,310201.0,T_26(iv)
Gujarat,2021-22,2011-12,170384.0,T_26(iv)
Haryana,2021-22,2011-12,172657.0,T_26(iv)
Himachal Pradesh,2021-22,2011-12,143639.0,T_26(iv)
Jammu & Kashmir*,2021-22,2011-12,,T_26(iv)
Jammu & Kashmir-U.T.,2021-22,2011-12,72574.0,T_26(iv)
Jharkhand,2021-22,2011-12,56559.0,T_26(iv)
Karnataka,2021-22,2011-12,164471.0,T_26(iv)
Kerala,2021-22,2011-12,148810.0,T_26(iv)
Madhya Pradesh,2021-22,2011-12,61534.0,T_26(iv)
Maharashtra,2021-22,2011-12,138490.0,T_26(iv)
Manipur,2021-22,2011-12,49602.0,T_26(iv)
Meghalaya,2021-22,2011-12,63295.0,T_26(iv)
Mizoram,2021-22,2011-12,129785.0,T_26(iv)
Nagaland,2021-22,2011-12,70020.0,T_26(iv)
Odisha,2021-22,2011-12,81178.0,T_26(iv)
Puducherry,2021-22,2011-12,155246.0,T_26(iv)
Punjab,2021-22,2011-12,118227.0,T_26(iv)
Rajasthan,2021-22,2011-12,80545.0,T_26(iv)
Sikkim,2021-22,2011-12,246526.0,T_26(iv)
Tamil Nadu,2021-22,2011-12,154557.0,T_26(iv)
Telangana,2021-22,2011-12,158202.0,T_26(iv)
Tripura,2021-22,2011-12,85210.0,T_26(iv)
Uttar Pradesh,2021-22,2011-12,43420.0,T_26(iv)
Uttarakhand,2021-22,2011-12,149015.0,T_26(iv)
West Bengal,2021-22,2011-12,69890.0,T_26(iv)
-: Not Available. * : Relates to Jammu & Kashmir and Ladakh.,2021-22,2011-12,,T_26(iv)
"Source: National Statistics Office, Ministry of Statistics and Programme Implementation, Government of India.",2021-22,2011-12,,T_26(iv)
Andaman & Nicobar Islands,2022-23,2011-12,,T_26(iv)
Andhra Pradesh,2022-23,2011-12,123526.0,T_26(iv)
Arunachal Pradesh,2022-23,2011-12,,T_26(iv)
Assam,2022-23,2011-12,69826.0,T_26(iv)
Bihar,2022-23,2011-12,31280.0,T_26(iv)
Chandigarh,2022-23,2011-12,,T_26(iv)
Chhattisgarh,2022-23,2011-12,83511.0,T_26(iv)
Delhi,2022-23,2011-12,271019.0,T_26(iv)
Goa,2022-23,2011-12,,T_26(iv)
Gujarat,2022-23,2011-12,,T_26(iv)
Haryana,2022-23,2011-12,181961.0,T_26(iv)
Himachal Pradesh,2022-23,2011-12,152376.0,T_26(iv)
Jammu & Kashmir*,2022-23,2011-12,,T_26(iv)
Jammu & Kashmir-U.T.,2022-23,2011-12,77891.0,T_26(iv)
Jharkhand,2022-23,2011-12,60033.0,T_26(iv)
Karnataka,2022-23,2011-12,176383.0,T_26(iv)
Kerala,2022-23,2011-12,,T_26(iv)
Madhya Pradesh,2022-23,2011-12,65023.0,T_26(iv)
Maharashtra,2022-23,2011-12,,T_26(iv)
Manipur,2022-23,2011-12,,T_26(iv)
Meghalaya,2022-23,2011-12,65114.0,T_26(iv)
Mizoram,2022-23,2011-12,,T_26(iv)
Nagaland,2022-23,2011-12,,T_26(iv)
Odisha,2022-23,2011-12,87361.0,T_26(iv)
Puducherry,2022-23,2011-12,,T_26(iv)
Punjab,2022-23,2011-12,123614.0,T_26(iv)
Rajasthan,2022-23,2011-12,86134.0,T_26(iv)
Sikkim,2022-23,2011-12,259938.0,T_26(iv)
Tamil Nadu,2022-23,2011-12,166727.0,T_26(iv)
Telangana,2022-23,2011-12,169006.0,T_26(iv)
Tripura,2022-23,2011-12,91853.0,T_26(iv)
Uttar Pradesh,2022-23,2011-12,47066.0,T_26(iv)
Uttarakhand,2022-23,2011-12,158245.0,T_26(iv)
West Bengal,2022-23,2011-12,75561.0,T_26(iv)
-: Not Available. * : Relates to Jammu & Kashmir and Ladakh.,2022-23,2011-12,,T_26(iv)
"Source: National Statistics Office, Ministry of Statistics and Programme Implementation, Government of India.",2022-23,2011-12,,T_26(iv)
