metric,period,value,unit,qualifier,source,note
Real average income growth,1960-2022,2.6,% per year,stated,"Introduction (Figure 1a)",
Real average income growth,1960-1990,1.6,% per year,stated,Introduction,
Real average income growth,1990-2022,3.6,% per year,stated,Introduction,
Real average income growth,2005-2010,4.3,% per year,stated,Introduction (Appendix Figure A.2),Fastest period with 2010-2015.
Real average income growth,2010-2015,4.9,% per year,stated,Introduction (Appendix Figure A.2),
Wealth-to-income ratio,1995,3.83,ratio,stated,Introduction (Figure 2a),
Wealth-to-income ratio,2022,5.75,ratio,stated,Introduction (Figure 2a),
Top 1% income share,1922,13,% of national income,stated,Section 3.1 (Figure 5a),
Top 1% income share,inter-war period,20,% of national income,lower bound,Section 3.1 (Figure 5a),"Stated as 'over 20%'."
Top 1% income share,1947,13,% of national income,approximate,Section 3.1 (Figure 5a),"Stated as '13% by the time of India's independence'."
Top 1% average wealth,2022-23,54000000,INR,stated,Section 4 / Table 3,"'INR 54 million, 40 times the average Indian' (Table 3: 5,41,41,525)."
