year,forbes_count,forbes_wealth_pct_nni,hurun_count,hurun_wealth_pct_nni
1988,1,1.7,,
1989,1,0.5,,
1990,1,0.5,,
1991,1,0.6,,
1992,1,1.0,,
1993,1,0.7,,
1994,2,1.3,,
1995,2,1.1,,
1996,3,1.5,,
1997,4,1.6,,
1998,2,1.5,,
1999,7,2.7,,
2000,9,7.0,,
2001,4,3.4,,
2002,5,3.2,,
2003,6,3.1,,
2004,8,4.6,,
2005,9,5.1,,
2006,19,9.3,,
2007,33,16.7,,
2008,50,27.8,,
2009,21,8.3,,
2010,47,15.1,,
2011,52,14.4,,
2012,46,12.0,100.0,14.4
2013,52,11.8,141.0,17.4
2014,51,10.9,230.0,24.3
2015,90,15.5,,
2016,85,12.5,338.0,21.8
2017,101,14.0,,
2018,119,18.0,831.0,25.4
2019,106,16.1,,
2020,102,13.5,829.0,26.5
2021,140,21.5,,
2022,162,24.6,1103.0,27.5
