year,bottom_50,middle_40,top_10,top_1,top_0_1
1951,20.6,42.8,36.7,11.5,4.4
1952,20.7,43.2,36.1,11.8,4.7
1953,21.1,42.9,36.0,11.1,4.2
1954,20.4,41.7,37.9,12.6,4.8
1955,19.2,41.3,39.6,13.7,5.3
1956,19.6,41.2,39.2,13.8,5.3
1957,20.6,40.8,38.6,14.1,5.6
1958,20.1,41.2,38.8,13.6,5.2
1959,20.6,41.8,37.6,12.9,4.9
1960,21.3,41.8,36.9,13.2,5.3
1961,21.2,41.6,37.2,12.7,4.9
1962,21.7,41.3,36.9,12.6,4.6
1963,22.9,42.6,34.6,12.2,4.5
1964,22.6,41.9,35.5,12.0,4.1
1965,22.5,41.6,35.9,12.6,4.7
1966,22.5,41.3,36.2,12.9,4.7
1967,22.3,41.9,35.8,12.6,4.5
1968,22.6,42.3,35.2,12.1,4.3
1969,22.1,41.8,36.2,12.9,4.6
1970,22.0,41.5,36.5,13.0,4.5
1971,22.8,42.7,34.4,11.4,3.8
1972,23.0,42.9,34.1,11.0,3.6
1973,23.1,42.9,34.0,10.2,3.3
1974,23.0,43.0,34.0,10.1,3.1
1975,22.8,43.0,34.2,10.4,3.3
1976,22.7,43.0,34.4,10.3,3.1
1977,22.7,43.2,34.2,9.7,2.8
1978,22.7,43.6,33.7,9.3,2.6
1979,23.1,44.6,32.2,8.0,2.3
1980,23.3,45.2,31.5,7.3,2.0
1981,23.5,45.8,30.7,6.7,1.8
1982,23.6,46.3,30.1,6.1,1.7
1983,21.8,43.0,35.3,10.3,2.9
1984,22.4,44.2,33.4,8.9,2.5
1985,21.9,43.3,34.8,10.5,3.2
1986,21.8,43.1,35.1,10.8,3.3
1987,22.0,43.5,34.5,10.3,3.2
1988,21.7,42.9,35.4,11.1,3.5
1989,21.7,42.9,35.4,11.0,3.4
1990,22.4,44.1,33.5,10.5,2.9
1991,22.2,43.7,34.1,10.2,2.7
1992,21.9,43.0,35.1,10.0,2.8
1993,21.4,41.9,36.7,12.5,3.8
1994,20.9,40.9,38.2,12.4,3.8
1995,20.9,40.8,38.3,13.0,4.9
1996,21.1,40.9,37.9,13.2,4.6
1997,20.9,40.4,38.7,13.8,4.6
1998,20.8,40.0,39.2,14.4,4.6
1999,20.7,39.8,39.5,14.7,4.7
2000,20.6,39.5,39.9,15.1,4.9
2001,20.2,38.9,41.0,16.7,5.4
2002,19.7,38.2,42.1,17.5,5.4
2003,19.3,37.5,43.2,18.4,6.1
2004,18.8,36.8,44.3,18.4,6.1
2005,18.4,36.1,45.5,19.3,6.4
2006,17.9,35.3,46.8,19.7,6.7
2007,17.5,34.5,48.1,20.1,7.1
2008,17.0,33.6,49.4,20.4,7.4
2009,16.5,32.7,50.8,20.8,7.8
2010,16.0,31.8,52.2,21.2,8.1
2011,15.3,30.5,54.1,21.1,8.3
2012,15.1,29.9,55.0,21.3,8.2
2013,15.0,29.8,55.2,21.6,8.5
2014,14.7,29.2,56.1,21.3,8.2
2015,14.5,28.7,56.7,21.7,8.2
2016,14.1,27.7,58.2,22.2,8.6
2017,13.9,27.3,58.8,22.3,8.6
2018,14.4,27.7,57.8,22.4,8.8
2019,14.7,27.7,57.6,21.6,8.3
2020,15.5,27.7,56.8,21.5,8.2
2021,15.4,27.6,57.0,21.7,8.2
2022,15.0,27.3,57.7,22.6,9.6
