year,bottom_50,middle_40,top_10,top_1,top_0_1,tentative
1961,11.4,43.7,44.9,12.9,3.2,False
1971,11.0,45.0,44.0,12.2,2.8,False
1981,10.9,44.1,45.0,12.5,2.7,False
1991,8.8,40.7,50.5,16.1,4.4,False
2002,6.9,35.9,57.1,25.4,15.1,False
2003,7.0,36.1,56.9,25.1,14.7,False
2004,6.8,35.3,57.9,26.8,16.6,False
2005,6.8,35.0,58.2,27.3,17.2,False
2006,6.5,33.8,59.7,29.9,20.1,False
2007,6.1,31.8,62.1,34.0,24.8,False
2008,6.3,30.5,63.1,31.4,19.1,False
2009,6.6,31.7,61.7,28.7,16.0,False
2010,6.3,30.3,63.4,31.8,19.6,False
2011,6.2,29.7,64.2,33.3,21.4,False
2012,6.4,30.8,62.8,31.1,18.5,False
2013,6.4,30.7,63.0,30.4,18.8,False
2014,6.4,31.0,62.6,33.3,18.0,False
2015,6.2,29.7,64.1,32.6,21.4,False
2016,6.2,30.0,63.8,33.6,20.6,False
2017,6.1,29.5,64.3,32.4,21.8,False
2018,7.2,31.8,61.0,33.1,23.3,False
2019,6.8,30.3,62.9,36.5,25.6,False
2020,6.9,30.9,62.2,35.2,24.2,False
2021,6.5,29.1,64.4,39.0,28.4,False
2022,6.4,28.6,65.0,40.1,29.7,False
2023,6.5,29.0,64.6,39.5,29.0,True
