city,tier,avg_annual_household_income_lakh,residex_city,cross_check,status,source
Bengaluru,Tier 1,28.3,Bengaluru,matches independent coverage (₹28.33 lakh),PARTIAL,"PRICE & Tata Sons, 'The Many Urban Indias' (2026), as supplied by the project author"
Gurgaon,Tier 1,27.5,Gurugram,not separately reported in coverage found (report groups Delhi-NCR),PARTIAL,"PRICE & Tata Sons, 'The Many Urban Indias' (2026), as supplied by the project author"
Noida,Tier 1,26.5,Noida,not separately reported in coverage found (report groups Delhi-NCR),PARTIAL,"PRICE & Tata Sons, 'The Many Urban Indias' (2026), as supplied by the project author"
Delhi,Tier 1,26.0,Delhi,matches within rounding (coverage: ₹25.9 lakh),PARTIAL,"PRICE & Tata Sons, 'The Many Urban Indias' (2026), as supplied by the project author"
Mumbai,Tier 1,24.2,Mumbai,"coverage conflicts (one source ₹24.2 lakh, another ₹25.7 lakh)",PARTIAL,"PRICE & Tata Sons, 'The Many Urban Indias' (2026), as supplied by the project author"
Pune,Tier 1,24.0,Pune,conflicts with coverage (₹23.2 lakh),PARTIAL,"PRICE & Tata Sons, 'The Many Urban Indias' (2026), as supplied by the project author"
Hyderabad,Tier 1,22.5,Hyderabad,not checked,PARTIAL,"PRICE & Tata Sons, 'The Many Urban Indias' (2026), as supplied by the project author"
Chennai,Tier 1,21.8,Chennai,not checked,PARTIAL,"PRICE & Tata Sons, 'The Many Urban Indias' (2026), as supplied by the project author"
Ahmedabad,Tier 1,21.0,Ahmedabad,not checked,PARTIAL,"PRICE & Tata Sons, 'The Many Urban Indias' (2026), as supplied by the project author"
Kolkata,Tier 1,18.5,Kolkata,not checked,PARTIAL,"PRICE & Tata Sons, 'The Many Urban Indias' (2026), as supplied by the project author"
Chandigarh,Tier 2,28.3,Chandigarh (Tricity),matches independent coverage (₹28.32 lakh); one outlet gives ~₹26 lakh,PARTIAL,"PRICE & Tata Sons, 'The Many Urban Indias' (2026), as supplied by the project author"
Vadodara,Tier 2,26.0,Vadodara,matches independent coverage (~₹26 lakh),PARTIAL,"PRICE & Tata Sons, 'The Many Urban Indias' (2026), as supplied by the project author"
Thiruvananthapuram,Tier 2,23.5,Thiruvananthapuram,not checked,PARTIAL,"PRICE & Tata Sons, 'The Many Urban Indias' (2026), as supplied by the project author"
Surat,Tier 2,22.8,Surat,not checked,PARTIAL,"PRICE & Tata Sons, 'The Many Urban Indias' (2026), as supplied by the project author"
Kochi,Tier 2,20.5,Kochi,not checked,PARTIAL,"PRICE & Tata Sons, 'The Many Urban Indias' (2026), as supplied by the project author"
Coimbatore,Tier 2,19.8,Coimbatore,not checked,PARTIAL,"PRICE & Tata Sons, 'The Many Urban Indias' (2026), as supplied by the project author"
Indore,Tier 2,18.2,Indore,not checked,PARTIAL,"PRICE & Tata Sons, 'The Many Urban Indias' (2026), as supplied by the project author"
Ghaziabad,Tier 2,18.0,Ghaziabad,not separately reported in coverage found (report groups Delhi-NCR),PARTIAL,"PRICE & Tata Sons, 'The Many Urban Indias' (2026), as supplied by the project author"
Lucknow,Tier 2,17.5,Lucknow,not checked,PARTIAL,"PRICE & Tata Sons, 'The Many Urban Indias' (2026), as supplied by the project author"
Jaipur,Tier 2,17.2,Jaipur,not checked,PARTIAL,"PRICE & Tata Sons, 'The Many Urban Indias' (2026), as supplied by the project author"
Nagpur,Tier 2,16.8,Nagpur,not checked,PARTIAL,"PRICE & Tata Sons, 'The Many Urban Indias' (2026), as supplied by the project author"
Visakhapatnam,Tier 2,16.8,Vizag,not checked,PARTIAL,"PRICE & Tata Sons, 'The Many Urban Indias' (2026), as supplied by the project author"
Jamshedpur,Tier 3,15.5,,not checked,PARTIAL,"PRICE & Tata Sons, 'The Many Urban Indias' (2026), as supplied by the project author"
Bhubaneswar,Tier 3,15.2,Bhubaneswar,not checked,PARTIAL,"PRICE & Tata Sons, 'The Many Urban Indias' (2026), as supplied by the project author"
Amritsar,Tier 3,14.8,,not checked,PARTIAL,"PRICE & Tata Sons, 'The Many Urban Indias' (2026), as supplied by the project author"
Kanpur,Tier 3,14.5,Kanpur,not checked,PARTIAL,"PRICE & Tata Sons, 'The Many Urban Indias' (2026), as supplied by the project author"
Ranchi,Tier 3,14.2,Ranchi,not checked,PARTIAL,"PRICE & Tata Sons, 'The Many Urban Indias' (2026), as supplied by the project author"
Guwahati,Tier 3,13.8,Guwahati,not checked,PARTIAL,"PRICE & Tata Sons, 'The Many Urban Indias' (2026), as supplied by the project author"
Meerut,Tier 3,13.5,Meerut,not checked,PARTIAL,"PRICE & Tata Sons, 'The Many Urban Indias' (2026), as supplied by the project author"
Patna,Tier 3,12.8,Patna,not checked,PARTIAL,"PRICE & Tata Sons, 'The Many Urban Indias' (2026), as supplied by the project author"
Srinagar,Tier 3,12.2,,not checked,PARTIAL,"PRICE & Tata Sons, 'The Many Urban Indias' (2026), as supplied by the project author"
Puri,Tier 3,11.5,,not checked,PARTIAL,"PRICE & Tata Sons, 'The Many Urban Indias' (2026), as supplied by the project author"
