parameter,param_set,value,unit,horizon,source_citation,url,quote_or_context,verified_via,status
repo_to_walr_fresh,A,0.748,pp change in WALR on fresh rupee loans per 1 pp change in the policy repo rate,"short run (cumulative over the May 2022 - Sep 2023 tightening cycle, about 17 months)","Kashyap, Y., Kumar, A., Prakash, A. & Latey, S. (2023). 'Monetary Policy Transmission in India: Recent Dynamics'. RBI Bulletin, November 2023. Reserve Bank of India.",https://www.rbi.org.in/Scripts/BS_ViewBulletin.aspx?Id=22192,Repo rate raised cumulatively by 250 bps (May 2022 - Oct 2023); 'the WALR on fresh rupee loans rose by 187 bps' over May 2022 - September 2023. Value = 187 / 250 = 0.748 (ratio computed in this project).,"web search summary, 2026-10-09: two search summaries attribute 187 bps (fresh) and 111 bps (outstanding) to this Bulletin article; authors from a third; primary document not opened (direct fetch blocked from the build sandbox)",CITED
repo_to_walr_outstanding,A,0.444,pp change in WALR on outstanding rupee loans per 1 pp change in the policy repo rate,"short run (cumulative over the May 2022 - Sep 2023 tightening cycle, about 17 months)","Kashyap, Y., Kumar, A., Prakash, A. & Latey, S. (2023). 'Monetary Policy Transmission in India: Recent Dynamics'. RBI Bulletin, November 2023. Reserve Bank of India.",https://www.rbi.org.in/Scripts/BS_ViewBulletin.aspx?Id=22192,Repo +250 bps; 'WALR on outstanding loans rose by 111 bps' over May 2022 - September 2023. Value = 111 / 250 = 0.444 (ratio computed in this project).,"web search summary, 2026-10-09: two search summaries; primary document not opened (direct fetch blocked from the build sandbox)",CITED
repo_to_credit_growth,A,-2.78,pp change in annualised nominal bank credit growth per 1 pp (100 bps) policy-rate increase,short run (transmission lag about seven months; sample 2001:3 - 2011:3),"Khundrakpam, J. K. (2011). 'Credit Channel of Monetary Transmission in India - How Effective and Long is the Lag?'. RBI Working Paper Series WPS (DEPR) 20/2011, November 2011. Reserve Bank of India.",https://website.rbi.org.in/web/rbi/-/press-releases/rbi-working-paper-series-no.-20-for-november-2011-25548,"RBI press release (7 Dec 2011): '100 basis points increase in policy rate, ceteris paribus, led to decline in the annualised growth in nominal and real bank credit by 2.78 and 2.17 percentage points, respectively'; transmission 'takes about seven months'; impact declined after the global financial crisis.","web search summary, 2026-10-09: summary quotes the RBI press release; primary document not opened (direct fetch blocked from the build sandbox)",CITED
real_rate_to_investment_rate,A,-0.5,pp change in the investment rate (investment / GDP) per 1 pp (100 bps) rise in the real interest rate,not stated in the summary (annual data),Reserve Bank of India (2013). 'Real Interest Rate Impact on Investment and Growth - What the Empirical Evidence for India Suggests?'. RBI study released 8 August 2013 (IIMB repository lists Charan Singh as author; presented at the 2nd DEPR Annual Research Conference).,https://rbi.org.in/Scripts/PublicationsView.aspx?id=15113,"'for 100 bps increase in real interest rate, investment rate may decline by about 50 bps and GDP growth may moderate by about 20 bps' (panel regression, VAR, quantile regression and OLS on firm-level and macro data).","web search summary, 2026-10-09: two search summaries give the same wording; primary document not opened (direct fetch blocked from the build sandbox)",CITED
real_rate_to_gdp_growth,A,-0.2,pp change in real GDP growth per 1 pp (100 bps) rise in the real interest rate,not stated in the summary (annual data),Reserve Bank of India (2013). 'Real Interest Rate Impact on Investment and Growth - What the Empirical Evidence for India Suggests?'. RBI study released 8 August 2013 (IIMB repository lists Charan Singh as author; presented at the 2nd DEPR Annual Research Conference).,https://rbi.org.in/Scripts/PublicationsView.aspx?id=15113,"'for 100 bps increase in real interest rate, investment rate may decline by about 50 bps and GDP growth may moderate by about 20 bps' (panel regression, VAR, quantile regression and OLS on firm-level and macro data).","web search summary, 2026-10-09: two search summaries give the same wording; primary document not opened (direct fetch blocked from the build sandbox)",CITED
policy_to_cpi_cumulative,A,-0.64,pp change in headline CPI inflation per 1 pp policy-rate increase (cumulative),"medium run (cumulative from May 2022 to Q2:2024-25, about 2.5 years)","Reserve Bank of India. RBI Bulletin, October 2024 - staff article on monetary policy transmission of the May 2022 tightening (staff incl. Deputy Governor M. D. Patra, per Business Standard); highlights in the RBI press release 'RBI Bulletin - October 2024', 21 October 2024.",https://rbidocs.rbi.org.in/rdocs/PressRelease/PDFs/PR1345189585BD724464443ADBBBF30418FE5EF.PDF,"Press-release highlight: 'policy rate tightening could anchor inflation expectations - reducing aggregate demand and headline inflation by 160 bps each till Q2:2024-25'; the tightening was 250 bps (Business Standard, 21 Oct 2024). Value = -160 / 250 = -0.64 (ratio computed in this project); an episode estimate, not a general elasticity.","web search summary, 2026-10-09: two search summaries (RBI press release; Business Standard); primary document not opened (direct fetch blocked from the build sandbox)",CITED
oil_cpi_bps_per_10pct,A,30,bps change in headline CPI inflation per 10% rise in crude price above baseline (full pass-through),short run (MPR projection horizon),"Reserve Bank of India. Monetary Policy Report - October 2025, scenario analysis (the same 30 bps / 15 bps crude sensitivity is also attributed to the October 2024 MPR).",https://website.rbi.org.in/documents/d/rbi/mproctober2025,"'if crude oil prices rose 10% from its base case, inflation could turn out to be higher by 30 bps and GDP growth may be lower by around 15 bps (assuming full pass-through to domestic product prices)'.","web search summary, 2026-10-09: attributed to the Oct 2025 MPR by a Ministry of Finance statement (News On AIR, Mar 2026; Angel One) and an HDFC MF note; a further summary gives the same wording for the Oct 2024 MPR; primary document not opened (direct fetch blocked from the build sandbox)",CITED
oil_cpi_bps_per_10pct,B,20,bps change in headline CPI inflation per 10% rise in international crude price,short run (contemporaneous),"Kundu, S., Tewari, S. & Bhattacharyya, I. (2025). 'Revisiting the Oil Price and Inflation Nexus in India'. RBI Bulletin, July 2025. Reserve Bank of India (authors as named by Business Today).",https://www.businesstoday.in/amp/latest/economy/story/crude-oil-shock-10-price-spike-can-push-inflation-up-20-bps-says-rbi-research-485970-2025-07-23,'a 10 per cent increase in international crude oil prices could raise India's headline inflation by around 20 basis points on a contemporaneous basis'.,"web search summary, 2026-10-09: three search summaries (Business Today, Outlook Money, RBI press release listing the article); primary document not opened (direct fetch blocked from the build sandbox)",CITED
oil_gdp_growth_bps_per_10pct,A,-15,bps change in real GDP growth per 10% rise in crude price above baseline (full pass-through),short run (MPR projection horizon),"Reserve Bank of India. Monetary Policy Report - October 2025, scenario analysis (the same 30 bps / 15 bps crude sensitivity is also attributed to the October 2024 MPR).",https://website.rbi.org.in/documents/d/rbi/mproctober2025,Same scenario sentence as oil_cpi_bps_per_10pct: 'GDP growth may be lower by around 15 bps'.,"web search summary, 2026-10-09: same summaries as oil_cpi_bps_per_10pct (set A); primary document not opened (direct fetch blocked from the build sandbox)",CITED
oil_cad_pct_gdp_per_10usd,A,0.43,pp of GDP widening of the current account deficit per US$10/bbl rise in crude price,annual (2018-19 oil import volumes and GDP),"Ghosh, S. & Tomar, S. (2019). 'The Impact of Crude Price Shock on India's Current Account Deficit, Inflation and Fiscal Deficit'. RBI Mint Street Memo No. 17, 4 January 2019. Reserve Bank of India (staff research; not an official RBI view).",https://www.rbi.org.in/Scripts/MSM_Mintstreetmemos17.aspx,"'every USD 10/barrel increase in crude prices leads to an additional USD 12.5 billion deficit, which is roughly 43 bps of the country's GDP'. Scaled to 2018-19 GDP and import volumes.","web search summary, 2026-10-09: three search summaries (RBI Mint Street Memos page, WION, Business Standard); primary document not opened (direct fetch blocked from the build sandbox)",CITED
oil_cad_usd_bn_per_10usd,A,12.5,US$ bn widening of the current account deficit per US$10/bbl rise in crude price,annual (2018-19 oil import volumes),"Ghosh, S. & Tomar, S. (2019). 'The Impact of Crude Price Shock on India's Current Account Deficit, Inflation and Fiscal Deficit'. RBI Mint Street Memo No. 17, 4 January 2019. Reserve Bank of India (staff research; not an official RBI view).",https://www.rbi.org.in/Scripts/MSM_Mintstreetmemos17.aspx,Same sentence as oil_cad_pct_gdp_per_10usd ('an additional USD 12.5 billion deficit').,"web search summary, 2026-10-09: three search summaries; primary document not opened (direct fetch blocked from the build sandbox)",CITED
oil_fiscal_pct_gdp_per_10usd,A,0.43,pp of GDP rise in the fiscal deficit per US$10/bbl if the government absorbs the whole shock (upper bound),annual,"Ghosh, S. & Tomar, S. (2019). 'The Impact of Crude Price Shock on India's Current Account Deficit, Inflation and Fiscal Deficit'. RBI Mint Street Memo No. 17, 4 January 2019. Reserve Bank of India (staff research; not an official RBI view).",https://www.rbi.org.in/Scripts/MSM_Mintstreetmemos17.aspx,"'If the government decides on a zero pass-through to final consumers, a $10 spike could raise the fiscal deficit by 43 bps'; the memo treats this as an upper bound and says final effects depend on changes in taxes and subsidies.","web search summary, 2026-10-09: three search summaries; primary document not opened (direct fetch blocked from the build sandbox)",CITED
baseline_crude_usd,A,,"US$ per barrel (baseline crude price, e.g. the RBI MPR's assumption for the Indian basket)",current,,,User input. Needed to convert a % crude shock into US$/bbl for the Mint Street Memo links.,not a literature parameter: a data input the user supplies,DATA REQUIRED
oil_import_share_gdp,A,,% of GDP (value of crude/fuel imports),latest year,,,"User input, e.g. WDI fuel imports (TM.VAL.FUEL.ZS.UN, % of merchandise imports) x merchandise imports / GDP, or PPAC / Commerce Ministry data.",not a literature parameter: a data input the user supplies,DATA REQUIRED
inr_cpi_bps_per_5pct_depr,A,35,bps change in headline CPI inflation per 5% INR depreciation versus baseline,short run (MPR projection horizon),"Reserve Bank of India. Monetary Policy Report - October 2024, Chapter I scenario analysis (Charts I.11-I.12).",https://www.rbi.org.in/Scripts/PublicationsView.aspx?id=22725,"'if INR depreciates by 5 per cent over the baseline, inflation could be higher by around 35 bps while GDP growth could edge up by around 25 bps through short term stimulation of exports'; the mirror case ('if the rupee appreciates by 5 per cent ... inflation and GDP growth could moderate by around 35 bps and 25 bps') is also attributed to the same report.","web search summary, 2026-10-09: one summary quotes the depreciation sentence (attributed to the Oct 2024 MPR via Business Standard), another the appreciation sentence; primary document not opened (direct fetch blocked from the build sandbox)",CITED
inr_cpi_bps_per_5pct_depr,B,20,bps change in headline CPI inflation per 5% INR depreciation versus baseline,short run (MPR projection horizon),"Reserve Bank of India. Monetary Policy Report - April 2020, exchange-rate sensitivity (baseline about Rs 75 per US$); the same 20 bps / 15 bps is reported for the October 2021 MPR.",https://www.drishtiias.com/daily-updates/daily-news-analysis/monetary-policy-report/print_manually,'a 5% depreciation from the baseline would raise inflation by around 20 bps while GDP growth could be higher by about 15 bps through increased net exports' (Drishti IAS summary of the April 2020 MPR; Business Standard gives the same for the October 2021 MPR).,"web search summary, 2026-10-09: secondary coverage only (Drishti IAS; Business Standard); primary document not opened (direct fetch blocked from the build sandbox)",CITED
inr_gdp_bps_per_5pct_depr,A,25,bps change in real GDP growth per 5% INR depreciation versus baseline,short run (MPR projection horizon),"Reserve Bank of India. Monetary Policy Report - October 2024, Chapter I scenario analysis (Charts I.11-I.12).",https://www.rbi.org.in/Scripts/PublicationsView.aspx?id=22725,Same scenario sentence as inr_cpi_bps_per_5pct_depr (set A).,"web search summary, 2026-10-09: as for inr_cpi_bps_per_5pct_depr (set A); primary document not opened (direct fetch blocked from the build sandbox)",CITED
inr_gdp_bps_per_5pct_depr,B,15,bps change in real GDP growth per 5% INR depreciation versus baseline,short run (MPR projection horizon),"Reserve Bank of India. Monetary Policy Report - April 2020, exchange-rate sensitivity (baseline about Rs 75 per US$); the same 20 bps / 15 bps is reported for the October 2021 MPR.",https://www.drishtiias.com/daily-updates/daily-news-analysis/monetary-policy-report/print_manually,Same sentence as inr_cpi_bps_per_5pct_depr (set B).,"web search summary, 2026-10-09: secondary coverage only; primary document not opened (direct fetch blocked from the build sandbox)",CITED
export_price_elasticity_sr,A,,elasticity of export volume to the real exchange rate (absolute value),short run,,,"No verified India number. IMF WP/15/161 (Raissi & Tulin 2015) estimates short- and long-run export price elasticities, but no coefficient was visible in search results.","web search summary, 2026-10-09: no India-specific number found that a search result attributes to an identifiable publication",DATA REQUIRED
export_price_elasticity_lr,A,,elasticity of export volume to the real exchange rate (absolute value),long run,,,No verified India number (see export_price_elasticity_sr).,"web search summary, 2026-10-09: no India-specific number found that a search result attributes to an identifiable publication",DATA REQUIRED
import_price_elasticity_sr,A,,elasticity of import volume to the INR import price (absolute value),short run,,,"No verified India number. Gupta & Keshava (IIMA WP, 1993; data 1960-61 to 1990-91) report that the sum of absolute price elasticities 'generally exceeds one' but no single value was visible.","web search summary, 2026-10-09: no India-specific number found that a search result attributes to an identifiable publication",DATA REQUIRED
import_price_elasticity_lr,A,,elasticity of import volume to the INR import price (absolute value),long run,,,No verified India number (see import_price_elasticity_sr).,"web search summary, 2026-10-09: no India-specific number found that a search result attributes to an identifiable publication",DATA REQUIRED
exports_gdp,A,,% of GDP (exports of goods and services),latest year,,,"User input, e.g. WDI NE.EXP.GNFS.ZS (see the India Macro & World page).",not a literature parameter: a data input the user supplies,DATA REQUIRED
imports_gdp,A,,% of GDP (imports of goods and services),latest year,,,"User input, e.g. WDI NE.IMP.GNFS.ZS (see the India Macro & World page).",not a literature parameter: a data input the user supplies,DATA REQUIRED
capex_multiplier,A,2.45,Rs change in nominal GDP per Rs 1 of additional general-government capital expenditure,"short run (impact multiplier, within the year)","Bose, S. & Bhanumurthy, N. R. (2015). 'Fiscal Multipliers for India'. Margin: The Journal of Applied Economic Research 9(4): 379-401, NCAER. Earlier version: NIPFP Working Paper No. 2013-125 (September 2013).",https://nipfp.org.in/media/documents/WP_2013_125.pdf,"Abstract: 'the capital expenditure multiplier, transfer payments multiplier and other revenue expenditure multiplier are 2.45, 0.98, and 0.99, respectively' (structural macroeconometric model; short-run multipliers; combined Centre and States). Business Standard reading: Rs 1 crore more capex raises GDP by Rs 2.45 crore by the end of the year, both nominal.","web search summary, 2026-10-09: NIPFP working-paper page, NIPFP one-pager, RePEc/IDEAS listing of the Margin article and Business Standard all give 2.45; whether the 2015 journal version changed the figure was not confirmed; primary document not opened (direct fetch blocked from the build sandbox)",CITED
capex_multiplier,B,0.99,"Rs change in nominal GDP per Rs 1 of additional 'other revenue expenditure' (comparison: same money, revenue spending)","short run (impact multiplier, within the year)","Bose, S. & Bhanumurthy, N. R. (2015). 'Fiscal Multipliers for India'. Margin: The Journal of Applied Economic Research 9(4): 379-401, NCAER. Earlier version: NIPFP Working Paper No. 2013-125 (September 2013).",https://nipfp.org.in/media/documents/WP_2013_125.pdf,"Abstract: 'the capital expenditure multiplier, transfer payments multiplier and other revenue expenditure multiplier are 2.45, 0.98, and 0.99, respectively' (structural macroeconometric model; short-run multipliers; combined Centre and States). Business Standard reading: Rs 1 crore more capex raises GDP by Rs 2.45 crore by the end of the year, both nominal.","web search summary, 2026-10-09: same sources as set A; primary document not opened (direct fetch blocked from the build sandbox)",CITED
revenue_gdp_ratio,A,,general-government revenue as % of GDP (used as the marginal revenue rate),annual,,,"User input, e.g. from the Union and State budgets / RBI State Finances. Used only for the optional revenue-feedback line.",not a literature parameter: a data input the user supplies,DATA REQUIRED
