topic,metric,area,group,value,value_high,unit,qualifier,status,source,note
Wealth,Average net worth,Rural,All households,15.3,,Rs lakh per household,exact,PARTIAL,"Supplied by the project author from NSS 77th round AIDIS (2019) material, stated by the author to be verified",
Wealth,Average value of assets,Rural,All households,15.92,,Rs lakh per household,exact,PARTIAL,"Supplied by the project author from NSS 77th round AIDIS (2019) material, stated by the author to be verified",
Wealth,Average net worth,Urban,All households,26.0,,Rs lakh per household,exact,PARTIAL,"Supplied by the project author from NSS 77th round AIDIS (2019) material, stated by the author to be verified",
Wealth,Average value of assets,Urban,All households,27.17,,Rs lakh per household,exact,PARTIAL,"Supplied by the project author from NSS 77th round AIDIS (2019) material, stated by the author to be verified",
Wealth,Median net worth,Rural,All households,6.5,,Rs lakh per household,approximate,PARTIAL,"Supplied by the project author from NSS 77th round AIDIS (2019) material, stated by the author to be verified",'Roughly'
Wealth,Median net worth,Urban,All households,9.3,,Rs lakh per household,approximate,PARTIAL,"Supplied by the project author from NSS 77th round AIDIS (2019) material, stated by the author to be verified",'Roughly'
Wealth,Median net worth,All India,All households,7.6,,Rs lakh per household,exact,PARTIAL,"Supplied by the project author from NSS 77th round AIDIS (2019) material, stated by the author to be verified",
Wealth,"Asset level, bottom decile (upper bound)",Rural,Bottom 10%,0.562,,Rs lakh per household,at most,PARTIAL,"Supplied by the project author from NSS 77th round AIDIS (2019) material, stated by the author to be verified","Under Rs 56,200"
Wealth,"Asset level, top decile (threshold)",Rural,Top 10%,35.0,40.0,Rs lakh per household,range (at least),PARTIAL,"Supplied by the project author from NSS 77th round AIDIS (2019) material, stated by the author to be verified",Exceeds Rs 35-40 lakh
Wealth,"Asset level, top decile (threshold)",Urban,Top 10%,44.0,60.0,Rs lakh per household,range (at least),PARTIAL,"Supplied by the project author from NSS 77th round AIDIS (2019) material, stated by the author to be verified",Exceeds Rs 44-60+ lakh
Wealth,Share of total wealth,All India,Bottom 50%,6.0,7.0,% of total wealth,range,PARTIAL,"Supplied by the project author from NSS 77th round AIDIS (2019) material, stated by the author to be verified",
Wealth,Share of total wealth,All India,Top 10%,55.0,65.0,% of total wealth,range,PARTIAL,"Supplied by the project author from NSS 77th round AIDIS (2019) material, stated by the author to be verified",
Wealth,Average value of assets,Rural,Cultivator households,22.07,,Rs lakh per household,exact,PARTIAL,"Supplied by the project author from NSS 77th round AIDIS (2019) material, stated by the author to be verified",
Wealth,Average value of assets,Rural,Non-cultivator households,7.85,,Rs lakh per household,exact,PARTIAL,"Supplied by the project author from NSS 77th round AIDIS (2019) material, stated by the author to be verified",
Wealth,Average value of assets,Urban,Self-employed households,41.0,,Rs lakh per household,at least,PARTIAL,"Supplied by the project author from NSS 77th round AIDIS (2019) material, stated by the author to be verified",'Over Rs 41 lakh'
Debt,Debt-to-asset ratio,Rural,All households,3.8,,%,exact,PARTIAL,"Supplied by the project author from NSS 77th round AIDIS (2019) material, stated by the author to be verified",
Debt,Debt-to-asset ratio,Urban,All households,4.4,,%,exact,PARTIAL,"Supplied by the project author from NSS 77th round AIDIS (2019) material, stated by the author to be verified",
Debt,Share of outstanding debt from institutional agencies,Rural,All households,66.1,,% of outstanding debt,exact,PARTIAL,"Supplied by the project author from NSS 77th round AIDIS (2019) material, stated by the author to be verified","The author's text attributes this to rural elites; secondary coverage of AIDIS gives ~66% as the overall rural share, so it is recorded as overall."
Debt,Share of outstanding debt from institutional agencies,Urban,All households,87.1,,% of outstanding debt,exact,PARTIAL,"Supplied by the project author from NSS 77th round AIDIS (2019) material, stated by the author to be verified",As above: recorded as the overall urban share (~87% in secondary coverage).
Debt,Households with a bank account,All India,All social groups,84.0,,% of households,at least,PARTIAL,"Supplied by the project author from NSS 77th round AIDIS (2019) material, stated by the author to be verified",'Over 84%'
Debt,Incidence of indebtedness,Rural,Kerala,43.0,,% of households,approximate,PARTIAL,"Supplied by the project author from NSS 77th round AIDIS (2019) material, stated by the author to be verified",
Debt,Incidence of indebtedness,Urban,Telangana,39.5,,% of households,approximate,PARTIAL,"Supplied by the project author from NSS 77th round AIDIS (2019) material, stated by the author to be verified",
Debt,Incidence of indebtedness,Rural,Andhra Pradesh,61.5,,% of households,approximate,PARTIAL,"Supplied by the project author from NSS 77th round AIDIS (2019) material, stated by the author to be verified",Text also says 61-64%
Debt,Incidence of indebtedness,Urban,Andhra Pradesh,42.0,,% of households,approximate,PARTIAL,"Supplied by the project author from NSS 77th round AIDIS (2019) material, stated by the author to be verified",
Debt,Incidence of indebtedness,Rural,Uttarakhand / Chhattisgarh,15.0,,% of households,at most,PARTIAL,"Supplied by the project author from NSS 77th round AIDIS (2019) material, stated by the author to be verified",'< 15%'
Debt,Incidence of indebtedness,Urban,Uttarakhand / Chhattisgarh,12.0,,% of households,at most,PARTIAL,"Supplied by the project author from NSS 77th round AIDIS (2019) material, stated by the author to be verified",'< 12%'
Debt,Average amount of debt,Rural,Kerala,92686,,Rs per household,exact,PARTIAL,"Supplied by the project author from NSS 77th round AIDIS (2019) material, stated by the author to be verified",
Debt,Average amount of debt,Urban,Kerala,129727,,Rs per household,exact,PARTIAL,"Supplied by the project author from NSS 77th round AIDIS (2019) material, stated by the author to be verified",
Debt,Share of household debt for non-business purposes,Rural+Urban,Kerala,90.0,,% of debt,approximate,PARTIAL,"Supplied by the project author from NSS 77th round AIDIS (2019) material, stated by the author to be verified",'Roughly 90%'
Credit by social group,Interest-rate gap vs 'Others',All India,SC / ST households,2.4,,percentage points,approximate,PARTIAL,"Supplied by the project author from NSS 77th round AIDIS (2019) material, stated by the author to be verified",From micro-econometric analyses of AIDIS cited by the author (study not named)
Credit by social group,Unexplained share of the SC vs Forward-caste gap in institutional credit access,All India,SC households,40.0,,% of the gap,approximate,PARTIAL,"Supplied by the project author from NSS 77th round AIDIS (2019) material, stated by the author to be verified",As above (study not named)
Credit by social group,Unexplained share of the interest-rate gap under government schemes,All India,Dalit households,40.0,70.0,% of the gap,range,PARTIAL,"Supplied by the project author from NSS 77th round AIDIS (2019) material, stated by the author to be verified",As above (study not named)
Credit by social group,Annualised interest on informal loans,All India,Lower wealth deciles,24.0,36.0,% per year,range (at least),PARTIAL,"Supplied by the project author from NSS 77th round AIDIS (2019) material, stated by the author to be verified",'Often 24%-36%+'
