metric,area,group,value,unit,reference_date,status,source,url,note
Incidence of indebtedness,Rural,All households,35.0,% of households,2018-06-30,PARTIAL,"MoSPI press note, All India Debt & Investment Survey (NSS 77th round), 2021",https://www.mospi.gov.in/sites/default/files/press_release/press_note-AIDIS-240821.pdf,Share of households with outstanding debt on 30.06.2018. Checked through a search summary of the press note; PDF not opened.
Incidence of indebtedness,Urban,All households,22.4,% of households,2018-06-30,PARTIAL,"MoSPI press note, All India Debt & Investment Survey (NSS 77th round), 2021",https://www.mospi.gov.in/sites/default/files/press_release/press_note-AIDIS-240821.pdf,As above.
Average amount of debt,Rural,All households,59748,Rs per household,2018-06-30,PARTIAL,"MoSPI press note, All India Debt & Investment Survey (NSS 77th round), 2021",https://www.mospi.gov.in/sites/default/files/press_release/press_note-AIDIS-240821.pdf,Averaged over all rural households (indebted or not). Checked through a search summary of the press note.
Average amount of debt,Rural,Cultivator households,74460,Rs per household,2018-06-30,PARTIAL,"MoSPI press note, All India Debt & Investment Survey (NSS 77th round), 2021",https://www.mospi.gov.in/sites/default/files/press_release/press_note-AIDIS-240821.pdf,As above.
Average amount of debt,Rural,Non-cultivator households,40432,Rs per household,2018-06-30,PARTIAL,"MoSPI press note, All India Debt & Investment Survey (NSS 77th round), 2021",https://www.mospi.gov.in/sites/default/files/press_release/press_note-AIDIS-240821.pdf,As above.
Average amount of debt,Urban,All households,120336,Rs per household,2018-06-30,PARTIAL,"Supplied by the project author; secondary coverage of the AIDIS press note gives about Rs 1.20 lakh",https://www.mospi.gov.in/sites/default/files/press_release/press_note-AIDIS-240821.pdf,Exact figure not confirmed against the press note; consistent with the rounded figure in press coverage.
Incidence of indebtedness,Rural,Telangana (highest state),67.2,% of households,2018-06-30,PARTIAL,"India Ratings analysis of AIDIS 2019, reported by Business Standard / Money9 (Sep 2021)",https://www.business-standard.com/article/economy-policy/households-in-southern-states-more-indebted-than-rest-of-india-report-121092800877_1.html,Highest rural incidence among states.
Incidence of indebtedness,Rural,Nagaland (lowest state),6.6,% of households,2018-06-30,PARTIAL,"India Ratings analysis of AIDIS 2019, reported by Business Standard / Money9 (Sep 2021)",https://www.business-standard.com/article/economy-policy/households-in-southern-states-more-indebted-than-rest-of-india-report-121092800877_1.html,Lowest rural incidence among states.
Incidence of indebtedness,Urban,Kerala (highest state),47.8,% of households,2018-06-30,PARTIAL,"India Ratings analysis of AIDIS 2019, reported by Business Standard / Money9 (Sep 2021)",https://www.business-standard.com/article/economy-policy/households-in-southern-states-more-indebted-than-rest-of-india-report-121092800877_1.html,Highest urban incidence among states.
Incidence of indebtedness,Urban,Meghalaya (lowest state),5.1,% of households,2018-06-30,PARTIAL,"India Ratings analysis of AIDIS 2019, reported by Business Standard / Money9 (Sep 2021)",https://www.business-standard.com/article/economy-policy/households-in-southern-states-more-indebted-than-rest-of-india-report-121092800877_1.html,Lowest urban incidence among states (an urban figure; not rural).
