household_id,net_worth_inr_lakhs
1,6.93
2,1.58
3,11.31
4,13.94
5,0.58
6,1.18
7,5.7
8,3.5
9,4.86
10,1.94
11,13.03
12,11.65
13,5.33
14,17.12
15,8.28
16,1.92
17,7.43
18,1.73
19,13.02
20,4.69
21,4.04
22,2.34
23,19.01
24,4.18
25,3.09
26,3.36
27,8.9
28,7.4
29,7.8
30,7.96
31,52.24
32,3.17
33,2.82
34,2.02
35,55.7
36,17.15
37,4.37
38,1.97
39,2.0
40,10.13
41,11.22
42,9.0
43,2.38
44,6.39
45,5.63
46,6.3
47,12.92
48,6.33
49,10.45
50,5.34
51,6.81
52,9.92
53,1.0
54,3.48
55,2.95
56,2.45
57,52.08
58,25.65
59,1.91
60,14.37
61,0.78
62,63.47
63,5.92
64,9.44
65,10.83
66,11.85
67,3.38
68,2.98
69,12.73
70,4.01
71,1.22
72,1.42
73,1.8
74,8.56
75,5.79
76,10.59
77,3.1
78,5.9
79,9.86
80,3.52
81,8.19
82,2.39
83,3.32
84,3.25
85,55.78
86,8.46
87,2.96
88,5.02
89,8.4
90,8.09
91,10.3
92,4.44
93,3.11
94,4.54
95,0.77
96,1.01
97,1.16
98,1.65
99,7.69
100,1.83
101,3.27
102,20.68
103,3.35
104,11.15
105,1.77
106,3.95
107,121.39
108,3.41
109,12.48
110,0.74
111,7.99
112,6.43
113,2.58
114,1.01
115,5.36
116,2.77
117,6.4
118,5.07
119,28.85
120,3.81
121,1.61
122,6.03
123,6.31
124,22.09
125,12.41
126,7.33
127,24.77
128,1.34
129,2.45
130,1.79
131,3.23
132,1.09
133,9.96
134,3.88
135,0.98
136,1.62
137,6.99
138,12.45
139,44.54
140,122.15
141,7.81
142,1.67
143,0.47
144,6.65
145,2.03
146,3.14
147,2.53
148,4.24
149,16.0
150,5.89
151,4.16
152,1.59
153,0.78
154,2.9
155,4.67
156,34.63
157,5.72
158,14.6
159,2.86
160,1.35
161,1.71
162,2.23
163,51.49
164,2.01
165,12.46
166,1.83
167,13.8
168,7.56
169,4.17
170,4.74
171,2.41
172,8.09
173,3.0
174,1.29
175,1.21
176,5.99
177,28.13
178,5.91
179,4.35
180,6.78
181,20.83
182,6.3
183,3.15
184,50.06
185,7.94
186,26.82
187,6.06
188,1.29
189,1.1
190,30.45
191,32.98
192,4.07
193,3.25
194,24.72
195,1.47
196,1.85
197,10.05
198,3.21
199,4.93
200,4.14
201,7.18
202,23.29
203,5.47
204,10.06
205,0.52
206,4.69
207,1.96
208,1.3
209,1.89
210,3.43
211,13.56
212,1.15
213,5.12
214,2.91
215,3.45
216,14.92
217,8.95
218,21.57
219,4.18
220,2.3
221,3.87
222,6.47
223,6.01
224,1.5
225,5.47
226,6.37
227,78.98
228,39.04
229,1.94
230,3.61
231,0.99
232,2.59
233,7.01
234,18.66
235,2.22
236,2.41
237,0.47
238,4.14
239,1.54
240,2.77
241,1.89
242,4.47
243,0.72
244,0.99
245,51.53
246,1.2
247,1.48
248,37.36
249,120.97
250,1.37
251,3.3
252,7.21
253,33.17
254,1.67
255,3.78
256,11.65
257,7.99
258,3.27
259,4.28
260,1.09
261,3.81
262,3.69
263,6.39
264,2.69
265,8.32
266,15.09
267,5.88
268,7.29
269,5.25
270,4.95
271,2.24
272,7.02
273,4.45
274,49.53
275,27.96
276,7.57
277,2.14
278,1.46
279,18.36
280,6.61
281,8.4
282,0.73
283,13.74
284,8.17
285,1.46
286,2.95
287,6.62
288,5.25
289,3.59
290,4.42
291,3.75
292,5.86
293,24.99
294,0.29
295,3.82
296,6.01
297,6.86
298,3.29
299,0.72
300,7.1
301,33.12
302,0.92
303,151.17
304,3.45
305,4.63
306,1.56
307,3.43
308,20.7
309,9.4
310,33.3
311,18.09
312,8.03
313,33.73
314,8.03
315,12.31
316,3.57
317,5.33
318,2.3
319,14.71
320,1.36
321,11.71
322,4.02
323,17.96
324,11.31
325,36.7
326,11.07
327,0.88
328,4.6
329,1.36
330,58.87
331,26.11
332,9.99
333,2.3
334,1.62
335,5.13
336,1.3
337,2.37
338,6.98
339,17.65
340,9.68
341,0.4
342,6.92
343,5.36
344,7.81
345,29.31
346,0.51
347,2.59
348,9.49
349,0.87
350,25.12
351,7.43
352,12.57
353,2.64
354,12.12
355,16.04
356,6.4
357,6.41
358,6.67
359,1.92
360,4.21
361,181.83
362,7.55
363,14.88
364,1.55
365,4.32
366,25.27
367,2.19
368,2.0
369,6.19
370,12.54
371,5.02
372,21.37
373,12.71
374,12.5
375,9.11
376,64.1
377,3.95
378,0.55
379,28.92
380,2.99
381,5.58
382,20.92
383,0.85
384,1.25
385,0.85
386,2.07
387,8.03
388,8.82
389,6.71
390,1.05
391,0.39
392,5.26
393,2.95
394,8.21
395,10.72
396,5.77
397,11.43
398,6.37
399,8.87
400,2.28
401,4.07
402,6.15
403,12.21
404,3.21
405,8.79
406,3.7
407,4.35
408,12.34
409,0.55
410,1.19
411,0.97
412,0.38
413,2.35
414,11.3
415,3.62
416,6.16
417,16.41
418,21.34
419,112.65
420,21.95
421,5.48
422,1.97
423,2.58
424,0.97
425,1.86
426,3.34
427,11.99
428,32.88
429,1.08
430,7.63
431,1.58
432,8.35
433,4.29
434,0.66
435,13.75
436,2.55
437,2.75
438,1.53
439,2.41
440,7.93
441,4.02
442,7.11
443,7.38
444,21.17
445,3.4
446,0.98
447,16.02
448,3.44
449,16.88
450,7.55
451,57.37
452,7.27
453,42.36
454,48.65
455,5.35
456,5.91
457,16.18
458,1.95
459,7.14
460,4.81
461,7.0
462,1.98
463,0.86
464,0.51
465,1.45
466,2.99
467,3.59
468,41.72
469,16.72
470,1.72
471,7.26
472,3.17
473,99.77
474,6.07
475,9.79
476,3.41
477,15.96
478,1.41
479,4.99
480,86.27
481,6.33
482,23.96
483,5.48
484,9.38
485,4.65
486,4.11
487,2.1
488,7.95
489,1.94
490,10.3
491,16.34
492,7.41
493,3.62
494,8.16
495,3.53
496,13.86
497,0.66
498,3.42
499,0.55
500,0.96
501,22.2
502,13.26
503,2.24
504,719.72
505,0.19
506,2.72
507,70.98
508,7.99
509,2.68
510,8.26
511,0.89
512,3.57
513,5.53
514,4.51
515,11.82
516,7.24
517,10.33
518,2.32
519,13.3
520,29.72
521,1.7
522,1.87
523,21.53
524,4.01
525,23.2
526,3.04
527,24.55
528,5.72
529,6.58
530,27.69
531,3.33
532,1.76
533,3.02
534,8.15
535,0.88
536,9.99
537,2.74
538,17.51
539,0.36
540,2.09
541,71.43
542,2.0
543,6.5
544,4.07
545,3.75
546,4.16
547,6.19
548,1.63
549,10.78
550,10.27
551,7.57
552,9.14
553,6.86
554,46.46
555,4.5
556,3.53
557,2.16
558,1.59
559,1.26
560,1.86
561,4.58
562,7.15
563,5.24
564,2.13
565,65.08
566,11.17
567,4.16
568,2.42
569,9.05
570,6.09
571,1.01
572,4.6
573,6.61
574,1.84
575,6.1
576,1.0
577,21.54
578,19.55
579,3.75
580,7.39
581,0.35
582,1.39
583,3.59
584,1.52
585,10.87
586,44.57
587,1.36
588,1.97
589,6.42
590,29.14
591,1.29
592,6.51
593,36.72
594,0.8
595,1.21
596,3.11
597,2.79
598,12.11
599,6.46
600,0.7
601,8.73
602,2.62
603,20.12
604,2.48
605,2.46
606,8.98
607,11.46
608,8.11
609,0.78
610,8.95
611,1.59
612,6.42
613,1.03
614,8.09
615,2.04
616,1.21
617,10.86
618,6.46
619,2.52
620,24.44
621,3.05
622,5.13
623,6.66
624,2.51
625,8.32
626,2.75
627,3.15
628,22.17
629,1.58
630,0.35
631,29.14
632,81.8
633,3.17
634,0.59
635,3.52
636,3.62
637,4.02
638,1.46
639,9.37
640,8.82
641,0.96
642,10.69
643,47.37
644,5.98
645,3.42
646,4.24
647,9.75
648,0.74
649,5.93
650,3.22
651,37.81
652,4.09
653,31.02
654,1.47
655,9.45
656,7.04
657,1.9
658,6.02
659,18.8
660,3.47
661,0.77
662,4.86
663,1.84
664,3.4
665,4.53
666,0.76
667,0.84
668,8.42
669,2.79
670,0.29
671,11.74
672,6.68
673,2.26
674,1.16
675,12.42
676,7.27
677,68.09
678,7.86
679,7.59
680,4.12
681,12.16
682,9.85
683,19.63
684,2.79
685,3.07
686,2.92
687,11.82
688,25.74
689,2.99
690,3.1
691,7.0
692,3.78
693,14.12
694,0.42
695,1.99
696,2.09
697,0.39
698,1.72
699,1.81
700,3.97
701,16.85
702,3.78
703,1.59
704,4.65
705,15.71
706,1.69
707,1.82
708,9.16
709,3.88
710,10.1
711,4.88
712,10.72
713,1.59
714,4.89
715,3.93
716,1.3
717,0.89
718,10.53
719,3.37
720,1.61
721,4.46
722,17.13
723,0.4
724,0.95
725,1.79
726,24.71
727,6.76
728,11.52
729,1.41
730,1.45
731,8.11
732,5.28
733,9.06
734,4.03
735,6.73
736,5.89
737,11.65
738,12.03
739,0.83
740,0.42
741,14.91
742,18.29
743,1.61
744,0.64
745,5.52
746,13.79
747,35.78
748,8.74
749,3.29
750,1.85
751,5.02
752,3.56
753,1.62
754,47.16
755,35.29
756,17.28
757,1.8
758,12.69
759,10.01
760,8.06
761,19.58
762,9.96
763,11.18
764,9.98
765,7.21
766,0.7
767,5.43
768,2.69
769,1.21
770,31.5
771,33.18
772,22.09
773,6.56
774,21.88
775,5.02
776,6.19
777,1.49
778,7.67
779,5.29
780,1.18
781,4.68
782,4.54
783,35.78
784,13.25
785,5.02
786,6.51
787,5.2
788,3.96
789,1.51
790,4.19
791,2.18
792,1.25
793,8.69
794,7.62
795,0.69
796,4.33
797,14.81
798,15.88
799,15.31
800,5.17
801,113.42
802,1.5
803,7.24
804,7.52
805,20.41
806,16.61
807,4.28
808,1.26
809,3.49
810,6.29
811,3.97
812,2.62
813,6.54
814,2.85
815,2.48
816,6.98
817,3.18
818,6.48
819,6.69
820,1.41
821,2.92
822,24.08
823,1.38
824,0.48
825,0.64
826,5.11
827,5.12
828,4.35
829,18.83
830,0.26
831,7.66
832,27.59
833,1.43
834,3.26
835,2.16
836,1.85
837,3.46
838,23.81
839,37.38
840,130.49
841,40.27
842,5.15
843,34.09
844,4.47
845,5.72
846,7.4
847,163.49
848,12.63
849,2.28
850,14.38
851,3.33
852,2.89
853,13.46
854,5.13
855,6.73
856,5.03
857,7.17
858,7.9
859,0.59
860,10.31
861,1.68
862,1.01
863,4.64
864,5.43
865,2.31
866,12.36
867,1.13
868,3.17
869,2.6
870,4.71
871,6.73
872,1.63
873,10.99
874,5.31
875,0.62
876,0.57
877,4.89
878,3.88
879,4.42
880,4.8
881,6.35
882,14.05
883,1.46
884,1.36
885,1.49
886,6.81
887,19.48
888,3.08
889,0.32
890,0.76
891,1.98
892,82.95
893,3.16
894,5.17
895,3.52
896,15.71
897,2.35
898,1.92
899,8.39
900,0.91
901,7.6
902,5.54
903,4.21
904,28.42
905,2.5
906,47.77
907,3.87
908,1.22
909,5.35
910,1.52
911,2.17
912,7.67
913,9.13
914,2.5
915,14.68
916,17.69
917,24.05
918,8.87
919,22.19
920,0.63
921,52.04
922,1.91
923,5.65
924,2.64
925,4.13
926,39.27
927,4.11
928,7.81
929,3.84
930,5.38
931,4.99
932,8.11
933,17.85
934,30.33
935,6.96
936,9.47
937,1.4
938,4.5
939,13.93
940,12.84
941,6.25
942,13.13
943,8.5
944,18.55
945,6.81
946,3.35
947,7.17
948,0.2
949,7.55
950,0.09
951,0.74
952,50.58
953,8.38
954,1.38
955,2.26
956,22.37
957,2.91
958,58.39
959,4.94
960,7.76
961,29.33
962,5.72
963,1.64
964,4.39
965,4.76
966,1.1
967,3.74
968,2.19
969,13.69
970,5.15
971,3.63
972,4.41
973,6.33
974,9.76
975,1.65
976,1.57
977,16.7
978,3.15
979,1.04
980,8.07
981,8.25
982,0.92
983,6.38
984,11.12
985,7.48
986,9.93
987,1.06
988,7.13
989,3.55
990,2.91
991,12.9
992,25.21
993,35.65
994,21.04
995,4.39
996,7.3
997,11.51
998,5.66
999,310.56
1000,12.26
1001,4.64
1002,2.22
1003,3.14
1004,9.95
1005,4.97
1006,7.2
1007,86.28
1008,3.28
1009,11.38
1010,7.51
1011,1.27
1012,24.2
1013,2.86
1014,0.8
1015,1.57
1016,1.61
1017,5.25
1018,3.66
1019,3.42
1020,9.79
1021,7.2
1022,7.01
1023,7.77
1024,9.75
1025,0.49
1026,3.32
1027,0.45
1028,5.15
1029,4.93
1030,15.64
1031,18.29
1032,6.19
1033,2.86
1034,8.45
1035,2.77
1036,4.95
1037,14.65
1038,63.52
1039,12.02
1040,10.43
1041,1.73
1042,14.46
1043,10.68
1044,5.54
1045,2.14
1046,1.92
1047,2.74
1048,9.0
1049,1.73
1050,8.01
1051,1.26
1052,3.96
1053,5.59
1054,72.94
1055,1.09
1056,25.01
1057,5.84
1058,7.79
1059,5.64
1060,8.08
1061,4.18
1062,24.52
1063,3.0
1064,17.21
1065,2.44
1066,4.64
1067,1.52
1068,8.17
1069,24.28
1070,4.55
1071,3.99
1072,1.45
1073,3.85
1074,0.86
1075,1.81
1076,6.36
1077,21.13
1078,108.87
1079,2.6
1080,24.02
1081,6.48
1082,4.19
1083,7.97
1084,5.3
1085,5.59
1086,3.16
1087,1.06
1088,0.91
1089,10.16
1090,3.65
1091,2.57
1092,5.0
1093,11.87
1094,6.04
1095,2.41
1096,19.09
1097,28.14
1098,8.53
1099,14.45
1100,19.42
1101,17.17
1102,9.73
1103,9.57
1104,8.77
1105,1.48
1106,10.71
1107,1.11
1108,2.07
1109,20.78
1110,12.48
1111,25.44
1112,3.67
1113,1.39
1114,3.8
1115,5.54
1116,5.4
1117,17.24
1118,3.33
1119,7.3
1120,1.67
1121,8.13
1122,4.97
1123,2.17
1124,3.82
1125,4.04
1126,3.68
1127,34.76
1128,4.44
1129,3.79
1130,0.49
1131,1.85
1132,3.71
1133,2.33
1134,22.64
1135,4.13
1136,20.44
1137,5.3
1138,5.16
1139,4.49
1140,4.97
1141,32.81
1142,0.39
1143,0.55
1144,2.73
1145,5.03
1146,10.58
1147,8.33
1148,3.25
1149,15.19
1150,15.38
1151,6.06
1152,14.28
1153,6.69
1154,2.67
1155,10.67
1156,5.59
1157,4.96
1158,25.03
1159,0.33
1160,1.04
1161,1.34
1162,3.32
1163,3.74
1164,0.94
1165,1.68
1166,1.92
1167,73.93
1168,35.94
1169,3.15
1170,3.32
1171,1.4
1172,0.61
1173,4.36
1174,1.65
1175,4.51
1176,0.85
1177,2.14
1178,5.83
1179,7.41
1180,7.84
1181,1.16
1182,12.68
1183,2.05
1184,9.94
1185,4.9
1186,1.09
1187,3.5
1188,7.4
1189,9.72
1190,4.24
1191,26.71
1192,15.0
1193,3.73
1194,11.3
1195,41.56
1196,42.8
1197,1.28
1198,1.79
1199,25.37
1200,1.55
1201,1.16
1202,2.9
1203,7.86
1204,4.43
1205,2.42
1206,2.36
1207,2.26
1208,1.88
1209,60.93
1210,6.87
1211,13.14
1212,2.89
1213,4.04
1214,2.26
1215,0.27
1216,1.09
1217,0.68
1218,0.42
1219,1.33
1220,21.27
1221,4.72
1222,20.48
1223,7.78
1224,11.71
1225,1.84
1226,8.81
1227,11.04
1228,2.63
1229,9.17
1230,9.23
1231,2.71
1232,1.44
1233,1.35
1234,5.45
1235,7.1
1236,2.07
1237,5.1
1238,9.28
1239,9.78
1240,27.3
1241,20.18
1242,1.65
1243,31.56
1244,2.76
1245,15.63
1246,5.34
1247,3.15
1248,0.68
1249,4.1
1250,0.89
1251,14.35
1252,26.27
1253,2.06
1254,6.9
1255,2.23
1256,2.48
1257,11.61
1258,4.75
1259,33.57
1260,2.91
1261,14.87
1262,5.51
1263,11.89
1264,3.03
1265,4.69
1266,4.36
1267,1.97
1268,10.26
1269,10.13
1270,9.52
1271,26.86
1272,24.39
1273,3.28
1274,7.47
1275,2.49
1276,5.08
1277,2.56
1278,29.43
1279,7.39
1280,3.9
1281,18.41
1282,87.93
1283,0.54
1284,11.89
1285,5.29
1286,6.52
1287,1.15
1288,4.83
1289,44.87
1290,83.87
1291,5.97
1292,3.06
1293,3.21
1294,0.48
1295,6.58
1296,12.55
1297,0.88
1298,2.39
1299,1.39
1300,1.71
1301,5.25
1302,0.5
1303,9.73
1304,11.35
1305,3.76
1306,0.32
1307,1.66
1308,19.22
1309,0.23
1310,3.38
1311,1.35
1312,12.0
1313,2.36
1314,7.72
1315,9.23
1316,37.33
1317,3.96
1318,7.49
1319,0.97
1320,18.35
1321,2.15
1322,2.67
1323,4.83
1324,0.89
1325,6.37
1326,14.36
1327,6.84
1328,0.86
1329,4.32
1330,11.2
1331,0.63
1332,1.52
1333,12.99
1334,6.67
1335,7.79
1336,38.3
1337,8.29
1338,10.21
1339,97.69
1340,3.91
1341,2.06
1342,7.93
1343,8.03
1344,2.77
1345,1.59
1346,62.85
1347,7.1
1348,2.21
1349,13.57
1350,4.39
1351,3.75
1352,9.19
1353,1.2
1354,7.3
1355,40.62
1356,8.27
1357,3.27
1358,2.84
1359,3.15
1360,3.75
1361,3.27
1362,13.57
1363,0.74
1364,12.78
1365,3.26
1366,7.5
1367,1.43
1368,21.36
1369,19.5
1370,14.23
1371,0.94
1372,12.33
1373,7.73
1374,0.85
1375,51.02
1376,7.4
1377,9.13
1378,6.02
1379,6.82
1380,25.05
1381,19.08
1382,0.21
1383,3.49
1384,4.13
1385,0.72
1386,5.49
1387,19.56
1388,1.5
1389,7.17
1390,1.81
1391,2.37
1392,25.16
1393,2.73
1394,8.24
1395,0.63
1396,38.42
1397,9.61
1398,4.05
1399,9.33
1400,1.05
1401,18.19
1402,3.47
1403,3.96
1404,2.88
1405,2.62
1406,10.63
1407,6.56
1408,10.14
1409,4.91
1410,8.71
1411,3.12
1412,57.55
1413,0.88
1414,19.83
1415,22.3
1416,1.94
1417,57.52
1418,14.81
1419,14.41
1420,5.11
1421,3.9
1422,3.93
1423,7.61
1424,23.13
1425,6.05
1426,1.82
1427,12.27
1428,13.64
1429,10.18
1430,11.25
1431,3.68
1432,1.78
1433,1.91
1434,0.82
1435,6.43
1436,4.52
1437,3.05
1438,0.19
1439,1.26
1440,17.0
1441,2.38
1442,7.36
1443,1.07
1444,24.11
1445,4.23
1446,6.81
1447,63.97
1448,26.26
1449,3.54
1450,2.58
1451,3.46
1452,8.68
1453,4.41
1454,3.21
1455,24.88
1456,4.37
1457,62.15
1458,5.47
1459,35.3
1460,7.34
1461,14.29
1462,2.23
1463,1.94
1464,8.21
1465,14.69
1466,53.38
1467,1.2
1468,1.11
1469,1.03
1470,0.71
1471,5.59
1472,17.07
1473,4.88
1474,0.41
1475,4.02
1476,4.14
1477,49.68
1478,1.0
1479,3.22
1480,67.28
1481,8.13
1482,9.2
1483,5.62
1484,7.12
1485,11.65
1486,2.03
1487,13.01
1488,1.09
1489,797.0
1490,6.03
1491,2.51
1492,4.83
1493,2.5
1494,1.52
1495,3.36
1496,1.47
1497,7.06
1498,1.4
1499,10.84
1500,1.35
1501,2.66
1502,65.78
1503,21.28
1504,96.54
1505,3.92
1506,8.57
1507,0.49
1508,4.72
1509,44.58
1510,5.73
1511,5.34
1512,9.05
1513,13.27
1514,0.55
1515,0.78
1516,6.24
1517,2.26
1518,20.97
1519,3.5
1520,0.59
1521,1.23
1522,0.24
1523,3.83
1524,4.03
1525,3.11
1526,16.23
1527,18.51
1528,4.11
1529,0.47
1530,9.77
1531,9.12
1532,6.96
1533,14.58
1534,1.38
1535,45.13
1536,1.72
1537,11.29
1538,0.77
1539,1.78
1540,26.26
1541,3.72
1542,12.48
1543,6.43
1544,4.41
1545,22.2
1546,3.82
1547,0.7
1548,2.05
1549,9.08
1550,7.65
1551,0.88
1552,2.23
1553,2.61
1554,3.31
1555,1.09
1556,2.48
1557,2.22
1558,11.57
1559,12.06
1560,4.22
1561,3.22
1562,5.78
1563,2.02
1564,1.4
1565,1.76
1566,2.46
1567,1.38
1568,5.92
1569,11.05
1570,0.86
1571,5.09
1572,3.89
1573,7.21
1574,4.88
1575,1.0
1576,1.24
1577,5.12
1578,15.36
1579,0.43
1580,7.24
1581,18.33
1582,4.19
1583,9.07
1584,2.29
1585,4.34
1586,0.83
1587,0.38
1588,13.97
1589,1.68
1590,3.0
1591,1.08
1592,1.05
1593,4.09
1594,2.22
1595,7.51
1596,8.15
1597,7.05
1598,6.44
1599,28.09
1600,1.53
1601,4.66
1602,17.22
1603,19.91
1604,1.04
1605,3.51
1606,22.06
1607,8.66
1608,6.14
1609,3.9
1610,3.25
1611,6.8
1612,3.75
1613,4.73
1614,5.4
1615,2.35
1616,52.18
1617,122.2
1618,0.7
1619,7.07
1620,2.15
1621,9.35
1622,5.21
1623,66.57
1624,18.05
1625,6.12
1626,17.21
1627,0.38
1628,28.49
1629,7.48
1630,66.86
1631,1.29
1632,1.99
1633,5.82
1634,4.86
1635,6.76
1636,16.33
1637,0.71
1638,14.46
1639,5.0
1640,3.96
1641,0.98
1642,8.61
1643,0.35
1644,10.11
1645,0.96
1646,5.25
1647,4.34
1648,17.93
1649,4.07
1650,2.31
1651,2.84
1652,20.09
1653,8.93
1654,3.24
1655,3.82
1656,0.88
1657,7.59
1658,0.71
1659,11.32
1660,5.71
1661,68.42
1662,1.48
1663,4.42
1664,35.81
1665,18.37
1666,2.3
1667,6.34
1668,4.96
1669,6.75
1670,2.3
1671,4.49
1672,0.85
1673,5.75
1674,8.13
1675,3.86
1676,0.84
1677,14.69
1678,7.4
1679,2.23
1680,3.64
1681,0.95
1682,1.6
1683,2.74
1684,19.13
1685,2.45
1686,10.02
1687,2.74
1688,6.51
1689,4.24
1690,12.94
1691,2.75
1692,0.88
1693,1.08
1694,2.76
1695,1.25
1696,7.78
1697,2.97
1698,67.5
1699,0.73
1700,6.2
1701,1.43
1702,2.88
1703,5.79
1704,0.38
1705,6.43
1706,111.33
1707,3.01
1708,6.59
1709,15.29
1710,4.14
1711,2.61
1712,0.41
1713,10.03
1714,4.37
1715,1.63
1716,5.69
1717,2.61
1718,2.77
1719,9.65
1720,1.14
1721,15.67
1722,1.06
1723,2.39
1724,41.07
1725,17.12
1726,5.51
1727,1.76
1728,2.77
1729,5.37
1730,5.16
1731,4.48
1732,4.79
1733,3.91
1734,1.01
1735,2.81
1736,13.55
1737,1.1
1738,4.02
1739,2.01
1740,5.6
1741,3.23
1742,25.16
1743,8.65
1744,1.17
1745,10.36
1746,2.11
1747,2.63
1748,7.0
1749,2.88
1750,13.23
1751,2.11
1752,2.51
1753,2.41
1754,2.66
1755,16.6
1756,9.89
1757,32.49
1758,60.0
1759,1.59
1760,5.35
1761,1.36
1762,2.11
1763,2.48
1764,1.55
1765,1.56
1766,4.23
1767,1.3
1768,12.51
1769,1.8
1770,108.91
1771,3.01
1772,5.36
1773,1.19
1774,32.35
1775,16.97
1776,6.87
1777,62.3
1778,6.24
1779,1.44
1780,24.74
1781,12.06
1782,5.5
1783,0.34
1784,1.68
1785,10.55
1786,18.81
1787,16.78
1788,0.86
1789,6.9
1790,15.14
1791,0.8
1792,4.91
1793,6.69
1794,3.56
1795,0.65
1796,3.46
1797,3.46
1798,4.21
1799,2.66
1800,3.04
1801,4.74
1802,8.06
1803,3.54
1804,3.16
1805,5.48
1806,0.6
1807,8.37
1808,4.95
1809,5.17
1810,14.25
1811,0.58
1812,0.56
1813,6.69
1814,4.91
1815,5.97
1816,2.98
1817,10.29
1818,13.82
1819,8.43
1820,3.72
1821,0.49
1822,11.54
1823,18.99
1824,10.06
1825,1.88
1826,10.39
1827,12.76
1828,27.51
1829,1.89
1830,3.86
1831,11.27
1832,5.28
1833,1.45
1834,7.82
1835,9.36
1836,5.46
1837,6.31
1838,3.73
1839,25.18
1840,1.84
1841,2.6
1842,5.01
1843,13.02
1844,0.95
1845,1.17
1846,0.53
1847,5.13
1848,1.45
1849,3.24
1850,10.25
1851,2.45
1852,6.39
1853,3.56
1854,10.37
1855,8.35
1856,2.31
1857,4.11
1858,15.61
1859,7.63
1860,1.07
1861,10.19
1862,1.5
1863,23.42
1864,15.28
1865,6.81
1866,5.89
1867,3.94
1868,264.98
1869,3.29
1870,6.42
1871,12.92
1872,2.67
1873,2.51
1874,1.33
1875,1.54
1876,0.66
1877,11.05
1878,36.23
1879,23.76
1880,0.83
1881,10.99
1882,23.67
1883,3.0
1884,5.54
1885,0.54
1886,6.64
1887,1.54
1888,54.44
1889,0.89
1890,9.0
1891,15.29
1892,196.24
1893,1.42
1894,0.46
1895,3.69
1896,2.61
1897,0.9
1898,8.15
1899,3.02
1900,1.52
1901,2.69
1902,16.09
1903,9.61
1904,4.29
1905,9.79
1906,1.38
1907,5.13
1908,5.82
1909,2.95
1910,54.4
1911,2.1
1912,8.68
1913,9.09
1914,0.2
1915,18.34
1916,0.17
1917,2.52
1918,15.3
1919,3.49
1920,0.99
1921,1.49
1922,15.33
1923,0.6
1924,17.15
1925,4.66
1926,1.33
1927,2.61
1928,1.62
1929,12.84
1930,11.09
1931,0.75
1932,3.18
1933,1.92
1934,20.55
1935,1.12
1936,28.92
1937,4.77
1938,1.38
1939,2.35
1940,2.05
1941,184.51
1942,5.5
1943,1.28
1944,0.45
1945,3.26
1946,0.68
1947,2.17
1948,1.82
1949,1.9
1950,44.75
1951,5.27
1952,6.49
1953,0.7
1954,2.41
1955,6.28
1956,1.6
1957,13.45
1958,1.32
1959,3.61
1960,2.6
1961,5.93
1962,2.45
1963,3.68
1964,3.82
1965,2.21
1966,8.45
1967,6.44
1968,4.49
1969,3.08
1970,11.9
1971,3.82
1972,3.53
1973,5.56
1974,32.02
1975,1.13
1976,11.55
1977,0.62
1978,6.29
1979,76.4
1980,8.48
1981,5.98
1982,2.67
1983,5.13
1984,3.75
1985,2.09
1986,3.6
1987,6.16
1988,2.13
1989,2.04
1990,1.11
1991,7.61
1992,9.02
1993,6.39
1994,14.32
1995,5.46
1996,7.62
1997,6.92
1998,4.48
1999,2.76
2000,56.58
2001,1139.57
2002,2.38
2003,7.98
2004,6.53
2005,1.06
2006,17.03
2007,4.47
2008,1.46
2009,18.31
2010,9.86
2011,1.23
2012,34.98
2013,10.22
2014,4.9
2015,28.48
2016,5.9
2017,4.8
2018,2.4
2019,9.39
2020,8.37
2021,5.03
2022,2.08
2023,5.71
2024,4.59
2025,1.14
2026,0.98
2027,9.22
2028,0.28
2029,6.21
2030,2.93
2031,20.89
2032,2.88
2033,10.23
2034,3.2
2035,5.61
2036,11.14
2037,2.98
2038,14.82
2039,1.66
2040,6.85
2041,13.67
2042,10.24
2043,40.78
2044,2.14
2045,1.09
2046,1.66
2047,10.24
2048,8.57
2049,5.54
2050,1.44
2051,11.51
2052,1.29
2053,17.72
2054,114.8
2055,53.04
2056,9.41
2057,2.88
2058,0.68
2059,2.55
2060,1.49
2061,1.01
2062,32.94
2063,6.69
2064,7.52
2065,3.53
2066,4.1
2067,14.31
2068,4.78
2069,8.88
2070,3.99
2071,3.4
2072,1.05
2073,0.56
2074,3.71
2075,5.27
2076,1.2
2077,4.77
2078,5.25
2079,0.46
2080,1.81
2081,7.75
2082,95.26
2083,1.39
2084,5.9
2085,15.25
2086,11.64
2087,4.46
2088,2.96
2089,2.48
2090,8.29
2091,6.14
2092,9.9
2093,5.73
2094,12.19
2095,5.5
2096,11.74
2097,12.91
2098,2.04
2099,0.68
2100,27.05
2101,6.57
2102,0.75
2103,2.26
2104,11.58
2105,3.64
2106,2.82
2107,23.13
2108,1.57
2109,2.06
2110,6.25
2111,7.61
2112,8.55
2113,13.5
2114,6.16
2115,8.49
2116,3.72
2117,5.31
2118,5.57
2119,6.28
2120,11.59
2121,9.12
2122,5.2
2123,2.03
2124,5.34
2125,4.8
2126,6.13
2127,56.1
2128,2.78
2129,7.88
2130,16.04
2131,5.52
2132,64.82
2133,3.27
2134,7.07
2135,2.06
2136,3.36
2137,6.51
2138,12.57
2139,7.04
2140,19.79
2141,4.46
2142,3.44
2143,96.97
2144,7.64
2145,2.24
2146,2.31
2147,1.76
2148,13.88
2149,3.32
2150,5.7
2151,4.62
2152,11.07
2153,1.95
2154,1.52
2155,6.34
2156,9.59
2157,7.14
2158,2.03
2159,10.44
2160,2.19
2161,2.79
2162,1.75
2163,20.72
2164,9.94
2165,9.64
2166,19.53
2167,109.28
2168,0.76
2169,2.2
2170,2.51
2171,1.94
2172,1.51
2173,3.56
2174,1.3
2175,7.16
2176,5.24
2177,8.41
2178,8.66
2179,9.61
2180,3.28
2181,51.07
2182,6.41
2183,0.64
2184,1.64
2185,0.73
2186,5.05
2187,4.33
2188,2.96
2189,45.24
2190,9.06
2191,11.01
2192,1.78
2193,1.65
2194,5.16
2195,5.99
2196,0.64
2197,4.06
2198,5.03
2199,3.91
2200,2.02
2201,2.74
2202,4.08
2203,5.47
2204,9.63
2205,16.26
2206,3.58
2207,3.0
2208,8.02
2209,9.7
2210,3.07
2211,11.82
2212,14.55
2213,20.51
2214,35.03
2215,1.91
2216,5.03
2217,5.01
2218,4.45
2219,2.42
2220,0.97
2221,5.48
2222,2.13
2223,5.44
2224,2.07
2225,1.48
2226,6.41
2227,5.85
2228,9.37
2229,54.84
2230,6.72
2231,8.45
2232,1.51
2233,1.2
2234,28.25
2235,1.79
2236,1.57
2237,4.74
2238,4.49
2239,1.84
2240,3.54
2241,19.15
2242,2.04
2243,1.07
2244,13.97
2245,8.51
2246,2.5
2247,0.87
2248,2.18
2249,4.66
2250,17.85
2251,1.58
2252,4.51
2253,10.41
2254,0.36
2255,15.44
2256,1.35
2257,7.14
2258,6.5
2259,16.33
2260,9.08
2261,0.36
2262,2.09
2263,5.77
2264,4.0
2265,8.38
2266,11.8
2267,9.67
2268,3.91
2269,0.65
2270,3.0
2271,534.92
2272,1.49
2273,9.92
2274,13.45
2275,5.69
2276,0.17
2277,1.21
2278,39.44
2279,2.72
2280,0.56
2281,19.27
2282,5.03
2283,16.7
2284,6.72
2285,85.89
2286,7.38
2287,10.67
2288,60.65
2289,14.41
2290,0.87
2291,8.1
2292,17.39
2293,18.6
2294,3.1
2295,17.84
2296,13.74
2297,83.91
2298,2.17
2299,2.83
2300,3.54
2301,2.89
2302,1.86
2303,0.24
2304,3.07
2305,7.44
2306,2.88
2307,41.63
2308,5.03
2309,20.49
2310,6.6
2311,12.29
2312,6.73
2313,22.32
2314,323.08
2315,8.55
2316,7.41
2317,3.61
2318,7.73
2319,57.85
2320,3.68
2321,7.86
2322,19.76
2323,17.36
2324,5.02
2325,0.36
2326,8.74
2327,0.43
2328,24.95
2329,5.97
2330,14.87
2331,1.84
2332,0.9
2333,6.6
2334,4.77
2335,2.88
2336,5.44
2337,103.98
2338,12.4
2339,15.71
2340,12.53
2341,25.21
2342,4.02
2343,0.52
2344,4.03
2345,55.27
2346,1.7
2347,4.08
2348,2.31
2349,25.85
2350,11.3
2351,10.14
2352,9.81
2353,4.75
2354,6.16
2355,1.34
2356,0.45
2357,5.84
2358,7.07
2359,18.73
2360,27.9
2361,27.85
2362,1.65
2363,3.36
2364,8.4
2365,80.25
2366,25.23
2367,64.91
2368,3.23
2369,1.87
2370,11.8
2371,1.48
2372,3.81
2373,4.37
2374,28.57
2375,3.35
2376,0.34
2377,8.63
2378,2.3
2379,5.19
2380,4.5
2381,3.67
2382,11.82
2383,0.92
2384,2.8
2385,10.51
2386,2.52
2387,0.84
2388,10.33
2389,17.04
2390,4.71
2391,0.57
2392,10.77
2393,0.8
2394,6.96
2395,1.87
2396,1.38
2397,3.05
2398,4.05
2399,63.12
2400,9.46
2401,3.03
2402,14.56
2403,6.75
2404,2.3
2405,1.91
2406,0.81
2407,6.82
2408,3.35
2409,0.36
2410,2.75
2411,1.84
2412,28.03
2413,0.76
2414,1.01
2415,16.79
2416,22.03
2417,2.18
2418,2.47
2419,9.76
2420,0.38
2421,0.64
2422,3.64
2423,27.25
2424,3.07
2425,5.53
2426,17.24
2427,50.28
2428,2.63
2429,82.83
2430,36.75
2431,0.93
2432,15.34
2433,1.62
2434,5.54
2435,3.79
2436,1.73
2437,1.68
2438,6.71
2439,14.81
2440,4.29
2441,5.35
2442,9.28
2443,1.7
2444,11.17
2445,12.2
2446,86.83
2447,3.27
2448,2.99
2449,11.54
2450,12.19
2451,2.75
2452,3.18
2453,8.98
2454,69.84
2455,3.15
2456,5.47
2457,14.81
2458,51.02
2459,0.65
2460,0.6
2461,1.24
2462,1.17
2463,4.18
2464,1.34
2465,2.29
2466,2.11
2467,3.05
2468,21.22
2469,10.26
2470,5.04
2471,2.98
2472,3.08
2473,7.1
2474,9.42
2475,1.83
2476,5.16
2477,0.53
2478,6.25
2479,11.45
2480,3.64
2481,36.53
2482,1.88
2483,6.29
2484,4.76
2485,4.44
2486,4.37
2487,5.57
2488,12.59
2489,22.54
2490,4.94
2491,12.14
2492,2.29
2493,11.5
2494,2.14
2495,16.44
2496,56.36
2497,4.33
2498,0.44
2499,2.71
2500,19.2
2501,9.1
2502,6.51
2503,15.02
2504,8.44
2505,18.91
2506,13.62
2507,26.41
2508,7.35
2509,13.41
2510,3.53
2511,2.56
2512,32.38
2513,6.28
2514,12.01
2515,98.86
2516,2.6
2517,5.01
2518,24.04
2519,9.12
2520,0.75
2521,3.91
2522,35.18
2523,3.92
2524,0.68
2525,39.74
2526,10.49
2527,4.59
2528,3.29
2529,16.29
2530,2.73
2531,17.52
2532,8.99
2533,6.48
2534,5.81
2535,4.09
2536,15.65
2537,1.91
2538,0.83
2539,9.74
2540,9.92
2541,8.4
2542,7.76
2543,3.48
2544,11.78
2545,4.71
2546,2.9
2547,3.51
2548,45.73
2549,0.73
2550,8.58
2551,0.78
2552,4.4
2553,3.07
2554,0.5
2555,7.6
2556,3.26
2557,0.49
2558,12.47
2559,24.01
2560,25.51
2561,7.35
2562,5.21
2563,21.35
2564,31.52
2565,17.23
2566,1.76
2567,6.18
2568,8.03
2569,0.68
2570,8.3
2571,60.36
2572,10.01
2573,25.05
2574,6.06
2575,4.57
2576,7.53
2577,2.02
2578,1.72
2579,19.94
2580,22.41
2581,1.66
2582,14.37
2583,4.5
2584,7.2
2585,8.22
2586,14.79
2587,5.42
2588,23.36
2589,6.96
2590,9.84
2591,1.98
2592,53.22
2593,8.3
2594,10.85
2595,0.84
2596,2.0
2597,19.33
2598,6.79
2599,0.6
2600,15.52
2601,2.72
2602,23.39
2603,4.5
2604,6.2
2605,18.12
2606,1.85
2607,1.66
2608,3.99
2609,12.3
2610,1.15
2611,0.79
2612,12.26
2613,2.55
2614,3.22
2615,0.64
2616,2.35
2617,4.91
2618,13.78
2619,2.12
2620,30.66
2621,2.33
2622,2.34
2623,26.87
2624,6.25
2625,2.7
2626,4.18
2627,21.94
2628,24.85
2629,2.02
2630,4.73
2631,5.47
2632,1.67
2633,4.66
2634,4.98
2635,17.36
2636,18.69
2637,3.45
2638,3.91
2639,10.29
2640,2.6
2641,9.46
2642,4.5
2643,1.71
2644,1.73
2645,67.0
2646,4.17
2647,30.1
2648,2.82
2649,6.82
2650,68.85
2651,1.55
2652,0.61
2653,20.39
2654,1.99
2655,4.84
2656,2.6
2657,6.65
2658,1.74
2659,4.06
2660,8.12
2661,1.63
2662,2.29
2663,3.38
2664,1.03
2665,3.11
2666,5.64
2667,3.19
2668,3.67
2669,4.85
2670,2.41
2671,10.59
2672,24.04
2673,2.97
2674,8.45
2675,3.81
2676,7.4
2677,27.73
2678,8.67
2679,0.7
2680,8.16
2681,19.22
2682,3.88
2683,14.81
2684,2.32
2685,0.97
2686,5.79
2687,0.72
2688,3.8
2689,20.4
2690,0.61
2691,1.21
2692,1.59
2693,4.62
2694,3.31
2695,23.08
2696,14.15
2697,8.54
2698,5.81
2699,7.63
2700,1.92
2701,12.72
2702,1.46
2703,12.42
2704,18.26
2705,6.25
2706,4.08
2707,7.69
2708,0.21
2709,6.91
2710,4.37
2711,4.68
2712,10.77
2713,4.56
2714,1.41
2715,4.24
2716,5.34
2717,5.62
2718,5.92
2719,15.54
2720,1.5
2721,6.01
2722,20.47
2723,0.73
2724,6.04
2725,2.6
2726,3.29
2727,1.83
2728,4.11
2729,37.54
2730,1.23
2731,1.37
2732,1.18
2733,33.12
2734,2.98
2735,4.82
2736,3.18
2737,1.75
2738,3.82
2739,74.0
2740,22.9
2741,1.94
2742,10.1
2743,1.98
2744,0.7
2745,15.2
2746,357.37
2747,15.65
2748,2.95
2749,4.12
2750,11.3
2751,7.62
2752,3.21
2753,0.83
2754,5.61
2755,16.23
2756,1.33
2757,10.0
2758,7.13
2759,11.3
2760,12.93
2761,2.31
2762,0.84
2763,2.75
2764,13.17
2765,2.73
2766,2.31
2767,0.67
2768,34.05
2769,12.28
2770,11.55
2771,14.36
2772,9.34
2773,3.79
2774,4.14
2775,3.09
2776,89.86
2777,9.13
2778,2.97
2779,8.27
2780,1.63
2781,25.92
2782,2.39
2783,8.6
2784,16.0
2785,7.56
2786,5.5
2787,5.01
2788,4.65
2789,2.63
2790,3.02
2791,25.22
2792,4.4
2793,2.09
2794,2.81
2795,16.62
2796,10.41
2797,9.17
2798,3.73
2799,9.31
2800,2.44
2801,3.72
2802,14.39
2803,12.96
2804,1.68
2805,1.93
2806,5.58
2807,33.07
2808,61.93
2809,6.73
2810,1.09
2811,2.47
2812,3.32
2813,3.12
2814,2.75
2815,4.99
2816,2.75
2817,0.99
2818,11.68
2819,11.34
2820,12.52
2821,0.91
2822,6.88
2823,10.42
2824,1.59
2825,5.0
2826,4.36
2827,37.58
2828,41.14
2829,0.79
2830,76.96
2831,1.81
2832,14.57
2833,14.4
2834,1.66
2835,8.52
2836,4.4
2837,9.11
2838,6.38
2839,18.47
2840,5.38
2841,4.12
2842,16.54
2843,9.38
2844,11.08
2845,2.38
2846,1.57
2847,2.65
2848,2.5
2849,11.76
2850,14.49
2851,4.18
2852,23.9
2853,126.79
2854,6.47
2855,2.01
2856,28.02
2857,4.63
2858,5.69
2859,3.41
2860,1.86
2861,0.98
2862,9.94
2863,2.09
2864,143.38
2865,1.5
2866,1.24
2867,8.68
2868,26.64
2869,5.32
2870,9.29
2871,0.65
2872,2.35
2873,1.52
2874,0.62
2875,5.63
2876,0.42
2877,1.16
2878,2.74
2879,1.98
2880,7.66
2881,6.93
2882,13.24
2883,11.33
2884,17.37
2885,4.94
2886,6.92
2887,8.69
2888,5.79
2889,3.2
2890,3.44
2891,2.02
2892,7.88
2893,4.47
2894,83.2
2895,2.39
2896,1.31
2897,14.54
2898,5.4
2899,1.92
2900,12.05
2901,2.67
2902,1.05
2903,15.23
2904,2.74
2905,3.16
2906,5.18
2907,17.41
2908,5.06
2909,1.32
2910,9.01
2911,2.91
2912,39.52
2913,4.95
2914,216.7
2915,7.34
2916,42.06
2917,28.04
2918,37.12
2919,1.61
2920,13.51
2921,2.24
2922,6.34
2923,1.22
2924,2.44
2925,2.35
2926,13.31
2927,11.95
2928,6.72
2929,1.12
2930,3.52
2931,2.18
2932,12.89
2933,18.1
2934,15.83
2935,2.16
2936,0.24
2937,0.71
2938,23.66
2939,3.19
2940,2.17
2941,30.17
2942,19.92
2943,5.09
2944,3.59
2945,4.28
2946,6.36
2947,28.79
2948,7.88
2949,11.01
2950,17.93
2951,1.37
2952,11.36
2953,3.58
2954,0.31
2955,0.48
2956,58.79
2957,8.88
2958,5.61
2959,6.07
2960,42.35
2961,1.23
2962,4.81
2963,6.92
2964,2.2
2965,5.11
2966,0.85
2967,23.36
2968,2.34
2969,46.27
2970,4.78
2971,15.35
2972,4.67
2973,4.79
2974,2.61
2975,5.65
2976,7.03
2977,2.09
2978,4.32
2979,2.53
2980,62.15
2981,4.49
2982,27.11
2983,3.99
2984,6.59
2985,1.16
2986,3.03
2987,6.24
2988,28.35
2989,6.32
2990,22.69
2991,10.02
2992,29.67
2993,4.64
2994,68.67
2995,2.9
2996,2.13
2997,1.31
2998,64.34
2999,12.2
3000,3.43
3001,19.57
3002,10.55
3003,43.07
3004,0.9
3005,3.7
3006,2.98
3007,0.56
3008,15.9
3009,3.68
3010,11.17
3011,66.4
3012,3.36
3013,3.12
3014,5.64
3015,14.67
3016,2.66
3017,2.47
3018,15.85
3019,7.51
3020,0.52
3021,1.29
3022,25.83
3023,7.71
3024,2.14
3025,4.11
3026,5.03
3027,11.13
3028,1.11
3029,1.96
3030,6.69
3031,4.44
3032,9.29
3033,1.28
3034,7.34
3035,16.46
3036,8.46
3037,5.77
3038,4.46
3039,1.98
3040,4.58
3041,19.8
3042,4.35
3043,1.86
3044,2.88
3045,6.18
3046,3.28
3047,8.45
3048,8.8
3049,13.17
3050,23.71
3051,14.81
3052,1.77
3053,1.83
3054,4.56
3055,3.02
3056,1.42
3057,3.05
3058,2.94
3059,2.37
3060,3.5
3061,18.11
3062,6.17
3063,75.11
3064,5.97
3065,3.6
3066,4.98
3067,6.57
3068,7.99
3069,48.64
3070,1.95
3071,12.74
3072,6.22
3073,0.88
3074,11.56
3075,19.97
3076,1.93
3077,4.9
3078,0.74
3079,1.24
3080,15.69
3081,2.97
3082,1.46
3083,6.38
3084,2.79
3085,2.95
3086,11.17
3087,1.38
3088,1.83
3089,5.87
3090,14.39
3091,19.34
3092,2.38
3093,13.89
3094,2.09
3095,36.92
3096,1.42
3097,21.36
3098,2.41
3099,45.36
3100,9.49
3101,1.62
3102,2.79
3103,11.7
3104,15.77
3105,4.58
3106,5.2
3107,11.41
3108,5.73
3109,1.19
3110,2.03
3111,6.41
3112,18.86
3113,29.3
3114,11.68
3115,6.79
3116,11.29
3117,2.38
3118,4.18
3119,2.0
3120,1.25
3121,7.15
3122,6.07
3123,10.55
3124,9.03
3125,6.47
3126,9.14
3127,4.73
3128,7.8
3129,2.23
3130,7.44
3131,10.33
3132,2.37
3133,5.24
3134,2.49
3135,2.78
3136,1.44
3137,19.93
3138,15.99
3139,8.95
3140,43.35
3141,4.02
3142,139.06
3143,3.86
3144,6.56
3145,3.2
3146,7.46
3147,12.42
3148,4.37
3149,34.97
3150,6.44
3151,6.67
3152,1.82
3153,7.85
3154,4.27
3155,2.54
3156,2.11
3157,93.59
3158,3.71
3159,1.0
3160,2.3
3161,4.68
3162,9.04
3163,9.12
3164,10.43
3165,2.44
3166,7.2
3167,1.89
3168,2.51
3169,1.8
3170,1.34
3171,15.97
3172,10.56
3173,53.81
3174,5.17
3175,11.64
3176,0.71
3177,12.8
3178,55.66
3179,9.87
3180,7.52
3181,1.67
3182,0.95
3183,2.26
3184,9.22
3185,10.58
3186,1.1
3187,1.68
3188,2.24
3189,3.34
3190,1.11
3191,1.04
3192,2.01
3193,5.45
3194,1.35
3195,4.36
3196,15.87
3197,1.18
3198,3.95
3199,15.29
3200,3.13
3201,2.64
3202,17.81
3203,3.54
3204,16.69
3205,7.94
3206,3.4
3207,8.4
3208,7.05
3209,15.23
3210,2.71
3211,5.18
3212,4.63
3213,10.75
3214,1.6
3215,15.16
3216,8.27
3217,1.16
3218,18.71
3219,57.83
3220,14.91
3221,23.8
3222,5.44
3223,0.8
3224,0.65
3225,6.56
3226,2.58
3227,1.81
3228,4.62
3229,9.75
3230,1.0
3231,3.02
3232,26.07
3233,1.52
3234,12.89
3235,2.91
3236,9.03
3237,16.56
3238,11.19
3239,13.46
3240,1.4
3241,16.86
3242,1.94
3243,6.59
3244,6.58
3245,8.45
3246,7.18
3247,1.96
3248,1.12
3249,12.93
3250,6.08
3251,17.54
3252,4.72
3253,1.06
3254,14.34
3255,3.3
3256,7.22
3257,2.43
3258,30.23
3259,1.89
3260,3.42
3261,5.57
3262,1.49
3263,7.12
3264,29.17
3265,2.89
3266,7.65
3267,0.24
3268,4.75
3269,3.51
3270,2.01
3271,16.27
3272,3.46
3273,4.07
3274,3.27
3275,0.6
3276,1.43
3277,14.26
3278,0.49
3279,2.13
3280,3.19
3281,33.72
3282,11.54
3283,2.68
3284,20.8
3285,2.19
3286,15.03
3287,1.11
3288,16.13
3289,3.17
3290,1.6
3291,3.9
3292,6.72
3293,2.87
3294,9.11
3295,2.61
3296,9.8
3297,8.06
3298,4.63
3299,3.05
3300,5.85
3301,9.07
3302,47.85
3303,13.92
3304,14.49
3305,148.02
3306,8.74
3307,8.44
3308,10.74
3309,1.63
3310,53.36
3311,2.84
3312,10.1
3313,4.09
3314,5.77
3315,16.38
3316,12.8
3317,4.15
3318,2.37
3319,17.27
3320,11.6
3321,0.85
3322,3.51
3323,5.94
3324,11.67
3325,13.48
3326,6.77
3327,9.43
3328,5.32
3329,2.36
3330,3.72
3331,5.06
3332,4.77
3333,0.62
3334,3.2
3335,5.27
3336,3.63
3337,3.78
3338,8.47
3339,1.51
3340,0.83
3341,3.38
3342,11.48
3343,31.7
3344,11.71
3345,0.99
3346,3.84
3347,6.57
3348,6.02
3349,8.96
3350,1.81
3351,5.32
3352,7.86
3353,12.28
3354,2.04
3355,3.39
3356,0.25
3357,2.5
3358,2.78
3359,1.61
3360,100.22
3361,4.66
3362,0.41
3363,6.28
3364,1.78
3365,8.45
3366,1.21
3367,5.12
3368,3.63
3369,6.91
3370,5.68
3371,3.74
3372,0.91
3373,0.98
3374,2.61
3375,4.91
3376,2.54
3377,9.85
3378,3.64
3379,64.06
3380,154.0
3381,6.35
3382,7.08
3383,39.1
3384,2.37
3385,4.57
3386,7.91
3387,4.83
3388,2.86
3389,0.9
3390,2.82
3391,1.52
3392,0.74
3393,2.06
3394,1.57
3395,9.41
3396,9.59
3397,1.83
3398,3.72
3399,0.64
3400,2.88
3401,7.68
3402,12.27
3403,2.26
3404,15.75
3405,0.93
3406,1.26
3407,10.81
3408,31.13
3409,8.52
3410,4.74
3411,0.44
3412,0.54
3413,5.71
3414,3.34
3415,1.47
3416,5.32
3417,5.62
3418,14.0
3419,5.76
3420,19.13
3421,82.45
3422,4.36
3423,15.97
3424,1.69
3425,109.5
3426,7.48
3427,7.53
3428,8.83
3429,39.05
3430,11.84
3431,0.85
3432,23.19
3433,3.4
3434,5.57
3435,1.21
3436,8.84
3437,2.42
3438,5.53
3439,3.62
3440,41.16
3441,43.84
3442,5.21
3443,5.31
3444,3.28
3445,16.72
3446,3.45
3447,3.12
3448,14.53
3449,2.74
3450,4.75
3451,0.87
3452,10.75
3453,41.89
3454,10.95
3455,24.73
3456,1.95
3457,6.42
3458,1.76
3459,3.86
3460,11.58
3461,5.54
3462,1.05
3463,302.67
3464,1.08
3465,8.5
3466,47.96
3467,22.17
3468,0.62
3469,23.65
3470,13.87
3471,0.9
3472,3.55
3473,16.53
3474,9.07
3475,1.17
3476,9.7
3477,0.47
3478,3.88
3479,17.32
3480,5.05
3481,2.86
3482,13.17
3483,14.47
3484,20.93
3485,12.96
3486,16.27
3487,11.09
3488,6.63
3489,5.47
3490,3.82
3491,1.31
3492,1.73
3493,3.63
3494,6.46
3495,24.16
3496,4.73
3497,14.94
3498,16.24
3499,3.84
3500,9.53
3501,3.79
3502,21.21
3503,9.97
3504,1.34
3505,5.92
3506,30.35
3507,4.06
3508,8.11
3509,9.03
3510,1.58
3511,8.69
3512,65.94
3513,2.49
3514,16.17
3515,7.33
3516,3.54
3517,8.09
3518,4.64
3519,59.08
3520,10.2
3521,2.23
3522,5.18
3523,3.51
3524,0.87
3525,1.8
3526,27.8
3527,7.56
3528,1.15
3529,0.91
3530,4.38
3531,27.59
3532,4.03
3533,20.86
3534,7.29
3535,8.32
3536,1.14
3537,13.89
3538,3.43
3539,12.8
3540,2.02
3541,6.02
3542,7.3
3543,4.18
3544,7.73
3545,3.69
3546,2.43
3547,28.96
3548,15.7
3549,2.14
3550,9.26
3551,2.19
3552,1.35
3553,15.44
3554,0.76
3555,13.73
3556,3.75
3557,3.92
3558,7.77
3559,9.39
3560,2.0
3561,10.91
3562,5.61
3563,1.24
3564,4.11
3565,22.63
3566,31.32
3567,10.9
3568,1.34
3569,8.5
3570,12.63
3571,11.0
3572,112.67
3573,7.39
3574,4.57
3575,2.54
3576,0.61
3577,7.2
3578,6.08
3579,9.15
3580,1.14
3581,10.07
3582,47.47
3583,5.4
3584,4.63
3585,6.96
3586,46.32
3587,1.61
3588,6.19
3589,2.06
3590,2.71
3591,4.69
3592,21.8
3593,35.91
3594,50.01
3595,3.27
3596,76.86
3597,3.09
3598,2.64
3599,0.7
3600,23.0
3601,14.37
3602,70.78
3603,1.07
3604,24.63
3605,5.35
3606,12.02
3607,0.81
3608,24.9
3609,11.77
3610,4.75
3611,10.07
3612,2.13
3613,2.62
3614,2.97
3615,0.65
3616,12.78
3617,18.37
3618,2.29
3619,7.26
3620,495.17
3621,7.11
3622,2.48
3623,1.87
3624,15.76
3625,4.62
3626,45.8
3627,5.21
3628,1.79
3629,19.1
3630,9.91
3631,11.02
3632,18.35
3633,2.42
3634,4.31
3635,4.1
3636,1.2
3637,3.71
3638,21.54
3639,6.43
3640,1.13
3641,0.89
3642,30.92
3643,4.48
3644,2.43
3645,3.66
3646,0.98
3647,23.7
3648,3.21
3649,22.29
3650,5.24
3651,23.87
3652,6.57
3653,12.66
3654,10.92
3655,9.83
3656,7.26
3657,3.83
3658,40.73
3659,1.83
3660,4.98
3661,5.03
3662,7.71
3663,3.09
3664,7.0
3665,4.11
3666,0.87
3667,5.01
3668,1.48
3669,0.74
3670,5.76
3671,8.47
3672,8.84
3673,9.24
3674,0.59
3675,1.11
3676,43.42
3677,1.57
3678,9.7
3679,2.33
3680,5.41
3681,2.47
3682,9.19
3683,5.76
3684,3.02
3685,1.56
3686,6.65
3687,1.3
3688,7.93
3689,89.04
3690,21.87
3691,10.92
3692,4.51
3693,0.59
3694,1.16
3695,20.31
3696,2.08
3697,2.3
3698,4.13
3699,1.54
3700,1.28
3701,4.69
3702,1.86
3703,2.19
3704,2.1
3705,8.8
3706,3.84
3707,4.07
3708,9.55
3709,4.24
3710,3.65
3711,8.31
3712,10.33
3713,4.21
3714,5.41
3715,2.1
3716,1.92
3717,11.54
3718,8.08
3719,8.17
3720,6.75
3721,5.21
3722,10.66
3723,13.85
3724,13.5
3725,4.43
3726,22.78
3727,6.37
3728,9.93
3729,6.76
3730,6.5
3731,2.2
3732,10.71
3733,113.28
3734,3.28
3735,5.36
3736,3.03
3737,2.9
3738,27.08
3739,2.36
3740,2.94
3741,0.86
3742,2.15
3743,0.76
3744,9.92
3745,107.73
3746,3.31
3747,0.79
3748,13.33
3749,2.23
3750,20.68
3751,3.63
3752,50.55
3753,4.07
3754,11.4
3755,3.86
3756,2.87
3757,3.98
3758,1.22
3759,7.67
3760,0.69
3761,3.04
3762,11.42
3763,6.91
3764,9.48
3765,4.61
3766,17.93
3767,13.7
3768,8.09
3769,13.74
3770,11.31
3771,3.05
3772,1.13
3773,7.86
3774,9.03
3775,16.44
3776,1.77
3777,1.83
3778,8.21
3779,4.58
3780,0.62
3781,7.48
3782,0.65
3783,1.75
3784,21.91
3785,36.87
3786,1.3
3787,3.45
3788,5.19
3789,35.14
3790,2.88
3791,2.93
3792,27.21
3793,3.28
3794,10.96
3795,0.98
3796,4.1
3797,0.8
3798,1.55
3799,12.47
3800,4.69
3801,3.49
3802,87.92
3803,3.89
3804,6.9
3805,14.6
3806,0.28
3807,1.98
3808,5.9
3809,4.44
3810,7.72
3811,6.65
3812,3.54
3813,2.77
3814,3.78
3815,17.52
3816,2.21
3817,99.67
3818,6.06
3819,27.56
3820,3.56
3821,14.22
3822,19.21
3823,4.62
3824,3.93
3825,3.45
3826,3.74
3827,12.68
3828,6.39
3829,6.42
3830,1.44
3831,1.71
3832,52.34
3833,4.07
3834,2.11
3835,23.91
3836,6.75
3837,9.36
3838,157.5
3839,3.49
3840,4.11
3841,1.08
3842,4.5
3843,6.86
3844,37.92
3845,5.44
3846,0.38
3847,4.47
3848,100.83
3849,12.85
3850,2.03
3851,9.49
3852,2.19
3853,1.12
3854,3.38
3855,5.48
3856,0.63
3857,1.4
3858,5.01
3859,3.16
3860,7.65
3861,1.3
3862,10.86
3863,1.35
3864,30.17
3865,0.75
3866,1.49
3867,7.84
3868,30.9
3869,7.0
3870,9.2
3871,5.05
3872,1.6
3873,2.89
3874,1.31
3875,1.21
3876,7.71
3877,1.44
3878,7.04
3879,1.18
3880,6.86
3881,2.89
3882,23.27
3883,7.07
3884,63.4
3885,2.16
3886,5.27
3887,1.68
3888,3.14
3889,3.71
3890,2.23
3891,1.3
3892,1.05
3893,0.38
3894,1.55
3895,9.88
3896,0.85
3897,1.1
3898,35.52
3899,2.46
3900,7.05
3901,10.04
3902,10.27
3903,0.93
3904,3.84
3905,0.84
3906,73.04
3907,0.86
3908,1.56
3909,1.58
3910,0.95
3911,21.93
3912,71.14
3913,2.93
3914,1.16
3915,0.42
3916,3.79
3917,3.5
3918,2.42
3919,6.32
3920,7.65
3921,7.07
3922,3.5
3923,1.47
3924,10.3
3925,5.02
3926,13.16
3927,11.81
3928,1.04
3929,1.02
3930,2.16
3931,1.55
3932,11.37
3933,7.29
3934,16.6
3935,7.66
3936,6.23
3937,18.54
3938,8.3
3939,5.34
3940,25.24
3941,5.62
3942,3.54
3943,1.97
3944,10.73
3945,19.31
3946,4.68
3947,20.88
3948,0.57
3949,4.66
3950,4.74
3951,2.23
3952,68.19
3953,4.61
3954,3.16
3955,5.1
3956,0.55
3957,2.15
3958,14.61
3959,2.48
3960,1.99
3961,20.92
3962,21.63
3963,8.75
3964,3.0
3965,3.81
3966,2.05
3967,1.66
3968,1.57
3969,2.51
3970,1.59
3971,0.89
3972,6.3
3973,6.41
3974,32.16
3975,2.37
3976,6.86
3977,6.99
3978,3.75
3979,11.23
3980,11.62
3981,7.1
3982,3.74
3983,3.34
3984,1.1
3985,2.04
3986,2.5
3987,1.44
3988,8.04
3989,18.47
3990,1.82
3991,6.77
3992,1.59
3993,3.54
3994,2.32
3995,9.6
3996,2.35
3997,15.07
3998,3.78
3999,2.42
4000,1.25
4001,6.54
4002,13.26
4003,6.69
4004,58.13
4005,23.87
4006,3.53
4007,3.49
4008,8.3
4009,1.97
4010,17.87
4011,7.37
4012,6.57
4013,10.54
4014,32.95
4015,5.98
4016,4.37
4017,26.04
4018,14.36
4019,3.48
4020,4.98
4021,6.14
4022,7.37
4023,1.11
4024,0.91
4025,1.87
4026,1.71
4027,2.44
4028,9.96
4029,4.11
4030,6.15
4031,1.29
4032,2.98
4033,9.45
4034,9.53
4035,2.23
4036,5.92
4037,55.63
4038,4.86
4039,2.31
4040,4.09
4041,5.48
4042,4.19
4043,4.79
4044,1.01
4045,1.72
4046,4.2
4047,4.13
4048,2.66
4049,4.08
4050,5.3
4051,13.18
4052,4.44
4053,7.68
4054,2.73
4055,9.29
4056,7.49
4057,12.84
4058,10.86
4059,9.47
4060,4.44
4061,6.48
4062,15.96
4063,2.42
4064,2.48
4065,6.05
4066,7.82
4067,2.0
4068,4.56
4069,4.47
4070,0.43
4071,3.89
4072,4.17
4073,4.15
4074,23.51
4075,1.3
4076,2.0
4077,0.28
4078,2.92
4079,3.21
4080,2.83
4081,16.75
4082,12.76
4083,5.4
4084,3.29
4085,15.31
4086,4.85
4087,2.01
4088,0.75
4089,3.05
4090,11.36
4091,60.59
4092,5.3
4093,2.13
4094,75.33
4095,9.09
4096,0.71
4097,9.07
4098,12.18
4099,8.0
4100,3.89
4101,9.22
4102,5.98
4103,2.1
4104,37.92
4105,3.36
4106,11.63
4107,0.35
4108,20.17
4109,24.92
4110,5.12
4111,9.16
4112,9.16
4113,2.44
4114,9.04
4115,2.04
4116,2.54
4117,17.11
4118,14.47
4119,2.28
4120,2.21
4121,2.43
4122,11.09
4123,1.65
4124,7.33
4125,11.26
4126,4.49
4127,15.05
4128,3.54
4129,3.91
4130,1.69
4131,15.16
4132,2.13
4133,7.28
4134,4.58
4135,1.56
4136,2.53
4137,22.67
4138,6.18
4139,1.63
4140,6.93
4141,4.22
4142,221.28
4143,6.78
4144,3.26
4145,23.62
4146,0.65
4147,5.49
4148,44.43
4149,4.36
4150,0.74
4151,3.2
4152,24.53
4153,7.49
4154,1.97
4155,2.33
4156,2.68
4157,7.37
4158,21.59
4159,15.76
4160,8.18
4161,1.14
4162,1.15
4163,8.9
4164,1.13
4165,3.86
4166,6.92
4167,1.42
4168,1.61
4169,4.47
4170,8.62
4171,15.92
4172,9.66
4173,5.37
4174,2.18
4175,1.53
4176,2.82
4177,7.78
4178,7.17
4179,0.49
4180,2.09
4181,18.63
4182,5.4
4183,1.04
4184,60.08
4185,4.8
4186,7.56
4187,7.69
4188,3.31
4189,2.22
4190,51.1
4191,14.93
4192,12.23
4193,9.34
4194,1.64
4195,20.19
4196,1.96
4197,6.76
4198,0.82
4199,0.52
4200,7.03
4201,2.03
4202,0.56
4203,8.98
4204,51.01
4205,22.84
4206,3.73
4207,5.0
4208,13.15
4209,17.02
4210,3.39
4211,5.14
4212,6.89
4213,9.11
4214,4.28
4215,4.34
4216,22.6
4217,18.74
4218,8.37
4219,32.82
4220,3.24
4221,54.31
4222,9.0
4223,180.93
4224,1.33
4225,2.32
4226,7.85
4227,7.67
4228,42.32
4229,2.37
4230,13.4
4231,17.79
4232,10.75
4233,1.72
4234,23.3
4235,19.15
4236,9.58
4237,6.2
4238,6.35
4239,4.54
4240,10.02
4241,5.13
4242,1.95
4243,1.56
4244,2.17
4245,6.32
4246,4.81
4247,6.28
4248,8.59
4249,2.48
4250,24.83
4251,3.69
4252,3.07
4253,8.42
4254,0.66
4255,2.08
4256,14.57
4257,0.73
4258,16.93
4259,26.11
4260,3.3
4261,6.83
4262,16.96
4263,2.96
4264,12.87
4265,2.37
4266,2.93
4267,2.06
4268,7.22
4269,126.98
4270,4.04
4271,1.22
4272,1.51
4273,7.65
4274,37.66
4275,7.64
4276,3.24
4277,11.51
4278,3.81
4279,3.27
4280,1.73
4281,23.32
4282,0.3
4283,11.91
4284,2.97
4285,3.15
4286,31.87
4287,2.26
4288,2.34
4289,4.29
4290,7.81
4291,3.05
4292,0.88
4293,1.91
4294,20.28
4295,5.38
4296,8.14
4297,3.72
4298,2.4
4299,31.35
4300,4.03
4301,3.04
4302,16.54
4303,2.24
4304,2.57
4305,5.01
4306,4.95
4307,6.59
4308,49.44
4309,7.17
4310,0.36
4311,7.09
4312,5.16
4313,5.2
4314,6.49
4315,4.8
4316,4.67
4317,9.72
4318,2.73
4319,1.75
4320,137.85
4321,2.25
4322,5.53
4323,0.96
4324,5.63
4325,1.77
4326,3.04
4327,15.64
4328,8.32
4329,9.26
4330,0.71
4331,37.36
4332,1.33
4333,26.61
4334,15.24
4335,9.35
4336,1.93
4337,5.85
4338,2.95
4339,5.11
4340,3.76
4341,0.53
4342,17.01
4343,4.53
4344,2.91
4345,2.67
4346,7.35
4347,1.85
4348,0.41
4349,7.75
4350,8.77
4351,3.98
4352,105.8
4353,5.46
4354,0.99
4355,1.6
4356,2.17
4357,12.53
4358,3.32
4359,3.03
4360,42.53
4361,7.3
4362,7.19
4363,3.3
4364,2.57
4365,0.45
4366,14.38
4367,8.11
4368,4.07
4369,4.26
4370,11.13
4371,0.9
4372,2.59
4373,1.42
4374,34.77
4375,12.98
4376,0.44
4377,0.94
4378,4.28
4379,2.95
4380,1.15
4381,42.07
4382,6.99
4383,8.35
4384,2.31
4385,10.96
4386,3.26
4387,3.63
4388,9.7
4389,0.83
4390,28.7
4391,6.05
4392,20.27
4393,1.52
4394,1.79
4395,1.38
4396,6.52
4397,5.33
4398,2.97
4399,1.62
4400,1.23
4401,4.7
4402,2.97
4403,2.33
4404,27.16
4405,4.52
4406,20.03
4407,2.76
4408,6.48
4409,4.66
4410,0.77
4411,23.84
4412,4.27
4413,11.26
4414,2.17
4415,4.13
4416,1.91
4417,19.29
4418,6.98
4419,7.42
4420,22.07
4421,17.67
4422,11.49
4423,1.04
4424,2.3
4425,1.64
4426,11.03
4427,5.98
4428,1.07
4429,4.02
4430,0.96
4431,4.67
4432,0.8
4433,8.86
4434,7.51
4435,40.4
4436,12.59
4437,3.11
4438,12.18
4439,1.06
4440,1.72
4441,7.15
4442,0.46
4443,4.75
4444,1.61
4445,5.54
4446,1.51
4447,7.9
4448,5.06
4449,23.11
4450,4.99
4451,2.13
4452,3.78
4453,1.13
4454,7.74
4455,9.48
4456,74.9
4457,2.5
4458,3.69
4459,2.63
4460,6.25
4461,7.54
4462,4.67
4463,16.36
4464,2.51
4465,14.66
4466,8.96
4467,4.89
4468,3.5
4469,71.47
4470,2.02
4471,6.87
4472,2.17
4473,35.31
4474,13.14
4475,2.35
4476,8.7
4477,6.58
4478,2.81
4479,11.4
4480,7.6
4481,6.28
4482,4.73
4483,7.96
4484,6.37
4485,5.29
4486,2.45
4487,31.92
4488,1.56
4489,7.93
4490,3.48
4491,34.31
4492,1.83
4493,2.21
4494,1.7
4495,7.07
4496,269.42
4497,2.93
4498,0.46
4499,6.45
4500,2.86
4501,0.96
4502,16.35
4503,1.18
4504,11.9
4505,2.29
4506,28.84
4507,11.3
4508,1.63
4509,1.81
4510,9.64
4511,3.71
4512,4.11
4513,20.07
4514,2.17
4515,5.48
4516,14.16
4517,12.06
4518,4.16
4519,3.6
4520,0.73
4521,1.55
4522,7.03
4523,4.26
4524,5.38
4525,15.54
4526,1.34
4527,3.82
4528,6.1
4529,2.28
4530,23.92
4531,13.46
4532,6.82
4533,35.65
4534,0.95
4535,4.91
4536,7.41
4537,1.81
4538,6.89
4539,1.47
4540,10.59
4541,15.86
4542,6.68
4543,0.65
4544,1.71
4545,9.22
4546,5.07
4547,0.26
4548,19.44
4549,5.76
4550,2.01
4551,14.8
4552,2.35
4553,2.32
4554,7.35
4555,35.13
4556,29.55
4557,7.36
4558,8.24
4559,11.83
4560,1.24
4561,10.06
4562,2.21
4563,7.03
4564,3.86
4565,62.75
4566,5.64
4567,0.17
4568,6.03
4569,10.04
4570,8.09
4571,4.42
4572,30.16
4573,6.98
4574,8.02
4575,15.63
4576,7.38
4577,1.84
4578,0.34
4579,2.93
4580,11.44
4581,3.36
4582,11.96
4583,5.83
4584,20.43
4585,3.58
4586,8.28
4587,8.64
4588,25.84
4589,0.76
4590,2.99
4591,12.6
4592,27.13
4593,6.45
4594,58.34
4595,11.39
4596,12.88
4597,3.33
4598,7.12
4599,58.3
4600,39.63
4601,11.21
4602,5.2
4603,4.67
4604,9.14
4605,4.36
4606,6.1
4607,1.55
4608,20.63
4609,1.41
4610,3.08
4611,5.51
4612,44.26
4613,3.11
4614,2.38
4615,2.7
4616,30.72
4617,0.22
4618,1.64
4619,99.92
4620,9.49
4621,1.47
4622,4.73
4623,5.33
4624,12.56
4625,37.47
4626,7.59
4627,2.74
4628,11.77
4629,2.3
4630,1.59
4631,0.71
4632,0.89
4633,1.85
4634,1.36
4635,6.99
4636,1.32
4637,0.16
4638,1.57
4639,2.95
4640,2.54
4641,26.35
4642,2.52
4643,13.05
4644,4.85
4645,4.73
4646,1.98
4647,4.64
4648,2.13
4649,5.97
4650,3.82
4651,1.75
4652,14.75
4653,7.92
4654,3.03
4655,5.81
4656,4.52
4657,1.91
4658,5.35
4659,2.5
4660,1.75
4661,0.83
4662,3.34
4663,9.24
4664,2.31
4665,79.26
4666,13.12
4667,20.8
4668,11.88
4669,38.02
4670,2.08
4671,0.3
4672,3.03
4673,9.15
4674,5.85
4675,6.71
4676,50.76
4677,7.54
4678,11.93
4679,1.76
4680,1.48
4681,29.24
4682,5.53
4683,2.5
4684,2.5
4685,2.43
4686,2.27
4687,1.21
4688,0.95
4689,4.0
4690,2.58
4691,16.74
4692,6.84
4693,6.63
4694,2.19
4695,4.34
4696,7.37
4697,100.41
4698,4.47
4699,16.23
4700,5.0
4701,11.85
4702,2.89
4703,0.67
4704,6.65
4705,11.0
4706,9.33
4707,7.88
4708,3.38
4709,2.04
4710,9.09
4711,7.92
4712,2.67
4713,16.78
4714,1.88
4715,50.06
4716,29.97
4717,12.88
4718,3.34
4719,6.79
4720,5.87
4721,0.24
4722,1.83
4723,4.68
4724,3.35
4725,6.5
4726,17.16
4727,3.48
4728,1.55
4729,7.08
4730,3.46
4731,4.17
4732,3.59
4733,58.32
4734,0.42
4735,3.23
4736,4.93
4737,2.1
4738,13.33
4739,12.12
4740,4.7
4741,3.68
4742,4.38
4743,4.41
4744,4.54
4745,4.03
4746,68.95
4747,11.34
4748,1.28
4749,1.56
4750,0.72
4751,12.85
4752,6.52
4753,8.63
4754,1.03
4755,35.28
4756,2.54
4757,5.96
4758,12.68
4759,1.67
4760,2.72
4761,6.03
4762,114.8
4763,6.9
4764,28.99
4765,18.66
4766,7.42
4767,1.67
4768,15.89
4769,0.95
4770,28.82
4771,6.17
4772,75.01
4773,3.41
4774,10.17
4775,3.82
4776,10.88
4777,1.94
4778,1.18
4779,4.58
4780,5.13
4781,3.38
4782,19.11
4783,1.94
4784,6.99
4785,5.34
4786,0.89
4787,1.16
4788,5.02
4789,43.79
4790,9.37
4791,0.74
4792,0.16
4793,11.09
4794,4.46
4795,17.38
4796,1.88
4797,7.28
4798,12.56
4799,3.03
4800,3.1
4801,5.09
4802,9.0
4803,4.88
4804,14.46
4805,2.98
4806,1.15
4807,43.58
4808,2.55
4809,2.65
4810,4.61
4811,5.33
4812,3.24
4813,4.86
4814,4.74
4815,6.0
4816,0.37
4817,39.21
4818,4.21
4819,9.38
4820,1.09
4821,2.95
4822,2.36
4823,24.95
4824,2.6
4825,11.4
4826,2.42
4827,3.01
4828,3.78
4829,20.33
4830,79.92
4831,1.17
4832,0.58
4833,1.5
4834,2.03
4835,0.84
4836,2.21
4837,0.54
4838,1.62
4839,18.55
4840,7.72
4841,6.09
4842,1.64
4843,0.91
4844,467.09
4845,50.0
4846,12.87
4847,13.36
4848,9.91
4849,2.2
4850,5.09
4851,3.48
4852,3.97
4853,46.56
4854,0.71
4855,3.83
4856,18.78
4857,0.99
4858,2.44
4859,2.77
4860,3.87
4861,56.96
4862,9.53
4863,10.31
4864,8.66
4865,1.9
4866,5.45
4867,1.84
4868,3.44
4869,52.92
4870,5.5
4871,1.34
4872,6.04
4873,1.12
4874,1.32
4875,1.58
4876,3.04
4877,13.88
4878,9.36
4879,8.8
4880,1.48
4881,2.73
4882,6.68
4883,2.48
4884,3.65
4885,8.05
4886,3.37
4887,6.35
4888,28.56
4889,4.1
4890,18.12
4891,9.16
4892,0.99
4893,1.47
4894,1.98
4895,1.93
4896,4.48
4897,9.74
4898,19.7
4899,6.95
4900,3.03
4901,0.5
4902,5.35
4903,5.1
4904,6.06
4905,50.24
4906,19.39
4907,11.75
4908,1.72
4909,2.82
4910,4.46
4911,2.11
4912,8.59
4913,7.33
4914,1.5
4915,18.48
4916,5.54
4917,0.74
4918,4.68
4919,6.75
4920,119.98
4921,3.42
4922,12.31
4923,6.09
4924,1.17
4925,1.04
4926,17.03
4927,18.46
4928,7.07
4929,25.67
4930,141.95
4931,10.51
4932,1.82
4933,33.27
4934,8.93
4935,3.24
4936,181.02
4937,6.57
4938,0.79
4939,10.69
4940,1.74
4941,7.45
4942,2.79
4943,3.7
4944,2.15
4945,4.15
4946,39.58
4947,22.73
4948,7.31
4949,4.82
4950,12.54
4951,17.17
4952,1.99
4953,4.55
4954,0.67
4955,17.04
4956,48.02
4957,5.41
4958,0.48
4959,9.68
4960,1.83
4961,2.39
4962,9.87
4963,6.55
4964,2.9
4965,2.42
4966,5.69
4967,3.16
4968,1.46
4969,3.44
4970,7.2
4971,4.07
4972,1.05
4973,14.7
4974,0.24
4975,3.03
4976,2.5
4977,5.83
4978,9.19
4979,17.11
4980,2.26
4981,9.44
4982,6.14
4983,0.75
4984,40.07
4985,1.02
4986,7.86
4987,7.61
4988,6.71
4989,2.87
4990,12.3
4991,0.89
4992,4.61
4993,2.66
4994,122.99
4995,7.94
4996,16.2
4997,3.4
4998,11.69
4999,5.23
5000,1.86
