state,gsdp_pc_current_2024_25,gsdp_pc_current_2023_24,gsdp_pc_constant_2024_25,gsdp_pc_constant_2023_24,nsdp_pc_current_2024_25,nsdp_pc_current_2023_24,nsdp_pc_constant_2024_25,nsdp_pc_constant_2023_24
Sikkim,,,,, ,587743,,292339
Goa,,,,,,674686,,357611
Delhi,,,,,,,,
Chandigarh,,,,505137,,453457,,275139
Telangana,427730,382870,217684,202374,387623,347714,192128,179105
Karnataka,421858,376402,229703,215278,380906,339813,204605,191970
Haryana,394333,356829,219923,206926,353182,319363,194285,182816
Tamil Nadu,403847,349248,224313,202333,361619,313329,197747,178496
Gujarat,,336875,,221780,,297722,,195617
Maharashtra,354225,319474,204197,191823,309340,278681,176678,166013
Kerala,346436,316612,190149,179952,308338,281269,173818,165587
Andaman and Nicobar Islands,,, ,201631,,276000,,178431
Uttarakhand,319895,284467,184216,174539,274064,246178,158819,150931
Himachal Pradesh,307812,283270,192914,183369,256137,234721,162275,153887
Puducherry,306120,281612,172042,162948,281478,252164,154213,143470
Ladakh,,275882,,,242360,,
Mizoram,,267495,,174152,,234996,,151676
Andhra Pradesh,298059,266995,161842,150086,266240,237951,141609,131083
Arunachal Pradesh,279396,245796,141651,130333,246813,217325,120943,110766
Punjab,253317,236165,159558,152324,221197,205374,136667,130758
Tripura,213377,190717,119585,110983,192842,172299,106126,98606
Rajasthan,206822,186610,109980,103098,185053,166647,96638,90414
Nagaland,,176692,,91478,,154828,,77568
Jammu and Kashmir,190767,172811,104411,97673,154826,140051,81554,75955
Odisha,190439,172021,110531,104101,168966,150414,96224,89705
Chhattisgarh,184833,168567,107327,100959,162870,148922,93161,87681
West Bengal,181786,166196,94333,88755,163467,149515,82781,77933
Assam,177602,158540,96521,90385,159185,143852,85988,80089
Meghalaya,174090,156814,96546,88844,157141,141195,84578,78387
Madhya Pradesh,170430,155289,80744,77041,152615,139713,70434,67301
Manipur,,134076,,70565,,119938,,61059
Jharkhand,128252,117124,75318,71255,116663,106529,68357,64347
Uttar Pradesh,124366,111475,66088,61246,108572,97364,55990,51898
Bihar,76490,68624,40972,38264,69321,62201,36342,33966
India,234859,215936,133501,126528,205324,188892,114710,108786