decision_date,effective_date,policy_repo_rate_pct,previous_rate_pct,change_bp,sdf_rate_pct,msf_rate_pct,bank_rate_pct,stance,status,source,note
2018-02-07,2018-02-07,6.00,6.00,0,,,,,PARTIAL,"Repo-rate decision table supplied by the project author (2018-2023), consistent with RBI MPC press releases; primary releases not opened in this build",MPC held the rate. Effective date = decision date (RBI rate changes apply with immediate effect). SDF/MSF/stance not recorded here.
2018-06-06,2018-06-06,6.25,6.00,25,,,,,PARTIAL,"Repo-rate decision table supplied by the project author (2018-2023), consistent with RBI MPC press releases; primary releases not opened in this build",Effective date = decision date (RBI rate changes apply with immediate effect). SDF/MSF/stance not recorded here.
2018-08-01,2018-08-01,6.50,6.25,25,,,,,PARTIAL,"Repo-rate decision table supplied by the project author (2018-2023), consistent with RBI MPC press releases; primary releases not opened in this build",Effective date = decision date (RBI rate changes apply with immediate effect). SDF/MSF/stance not recorded here.
2019-02-07,2019-02-07,6.25,6.50,-25,,,,,PARTIAL,"Repo-rate decision table supplied by the project author (2018-2023), consistent with RBI MPC press releases; primary releases not opened in this build",Effective date = decision date (RBI rate changes apply with immediate effect). SDF/MSF/stance not recorded here.
2019-04-04,2019-04-04,6.00,6.25,-25,,,,,PARTIAL,"Repo-rate decision table supplied by the project author (2018-2023), consistent with RBI MPC press releases; primary releases not opened in this build",Effective date = decision date (RBI rate changes apply with immediate effect). SDF/MSF/stance not recorded here.
2019-06-06,2019-06-06,5.75,6.00,-25,,,,,PARTIAL,"Repo-rate decision table supplied by the project author (2018-2023), consistent with RBI MPC press releases; primary releases not opened in this build",Effective date = decision date (RBI rate changes apply with immediate effect). SDF/MSF/stance not recorded here.
2019-08-07,2019-08-07,5.40,5.75,-35,,,,,PARTIAL,"Repo-rate decision table supplied by the project author (2018-2023), consistent with RBI MPC press releases; primary releases not opened in this build",Effective date = decision date (RBI rate changes apply with immediate effect). SDF/MSF/stance not recorded here.
2019-10-04,2019-10-04,5.15,5.40,-25,,,,,PARTIAL,"Repo-rate decision table supplied by the project author (2018-2023), consistent with RBI MPC press releases; primary releases not opened in this build",Effective date = decision date (RBI rate changes apply with immediate effect). SDF/MSF/stance not recorded here.
2020-03-27,2020-03-27,4.40,5.15,-75,,,,,PARTIAL,"Repo-rate decision table supplied by the project author (2018-2023), consistent with RBI MPC press releases; primary releases not opened in this build",Off-cycle meeting (Covid-19). Effective date = decision date (RBI rate changes apply with immediate effect). SDF/MSF/stance not recorded here.
2020-05-22,2020-05-22,4.00,4.40,-40,,,,,PARTIAL,"Repo-rate decision table supplied by the project author (2018-2023), consistent with RBI MPC press releases; primary releases not opened in this build",Off-cycle meeting (Covid-19). Effective date = decision date (RBI rate changes apply with immediate effect). SDF/MSF/stance not recorded here.
2022-05-04,2022-05-04,4.40,4.00,40,,,,,PARTIAL,"Repo-rate decision table supplied by the project author (2018-2023), consistent with RBI MPC press releases; primary releases not opened in this build",Off-cycle meeting. Effective date = decision date (RBI rate changes apply with immediate effect). SDF/MSF/stance not recorded here.
2022-06-08,2022-06-08,4.90,4.40,50,,,,,PARTIAL,"Repo-rate decision table supplied by the project author (2018-2023), consistent with RBI MPC press releases; primary releases not opened in this build",Effective date = decision date (RBI rate changes apply with immediate effect). SDF/MSF/stance not recorded here.
2022-08-05,2022-08-05,5.40,4.90,50,,,,,PARTIAL,"Repo-rate decision table supplied by the project author (2018-2023), consistent with RBI MPC press releases; primary releases not opened in this build",Effective date = decision date (RBI rate changes apply with immediate effect). SDF/MSF/stance not recorded here.
2022-09-30,2022-09-30,5.90,5.40,50,,,,,PARTIAL,"Repo-rate decision table supplied by the project author (2018-2023), consistent with RBI MPC press releases; primary releases not opened in this build",Effective date = decision date (RBI rate changes apply with immediate effect). SDF/MSF/stance not recorded here.
2022-12-07,2022-12-07,6.25,5.90,35,,,,,PARTIAL,"Repo-rate decision table supplied by the project author (2018-2023), consistent with RBI MPC press releases; primary releases not opened in this build",Effective date = decision date (RBI rate changes apply with immediate effect). SDF/MSF/stance not recorded here.
2023-02-08,2023-02-08,6.50,6.25,25,,,,,PARTIAL,"Repo-rate decision table supplied by the project author (2018-2023), consistent with RBI MPC press releases; primary releases not opened in this build",Held at 6.50% from 6 Apr 2023 to 6 Dec 2024 (author's table). Effective date = decision date (RBI rate changes apply with immediate effect). SDF/MSF/stance not recorded here.
2025-02-07,2025-02-07,6.25,6.50,-25,,,,,PARTIAL,"RBI MPC resolutions as reported by Taxmann, Business Standard and SCC Online (web search, 2026-10-10); primary releases not opened in this build",Effective date = decision date (RBI rate changes apply with immediate effect). SDF/MSF/stance not recorded here.
2025-04-09,2025-04-09,6.00,6.25,-25,,,,,PARTIAL,"RBI MPC resolutions as reported by Taxmann, Business Standard and SCC Online (web search, 2026-10-10); primary releases not opened in this build",Effective date = decision date (RBI rate changes apply with immediate effect). SDF/MSF/stance not recorded here.
2025-06-06,2025-06-06,5.50,6.00,-50,,,,,PARTIAL,"RBI MPC resolutions as reported by Taxmann, Business Standard and SCC Online (web search, 2026-10-10); primary releases not opened in this build",50 bp cut. Effective date = decision date (RBI rate changes apply with immediate effect). SDF/MSF/stance not recorded here.
2025-12-05,2025-12-05,5.25,5.50,-25,,,,,PARTIAL,"RBI MPC resolutions as reported by Taxmann, Business Standard and SCC Online (web search, 2026-10-10); primary releases not opened in this build",Effective date = decision date (RBI rate changes apply with immediate effect). SDF/MSF/stance not recorded here.
2026-10-07,2026-10-07,5.50,5.25,25,5.25,5.75,5.75,calibrated tightening,PARTIAL,"RBI MPC resolution, 7 Oct 2026 (as reported by Business Standard and others)",Unanimous; first increase since Feb 2023. Effective date taken as the decision date (RBI rate changes apply with immediate effect) -- confirm in the RBI resolution.
