state,gsva_agri_pct,gsva_ind_pct,gsva_serv_pct,plfs_agri_pct,plfs_ind_pct,plfs_serv_pct
Uttar Pradesh,23.1,26.8,50.1,46.5,22.4,31.1
Punjab,28.8,24.2,47.0,42.1,25.6,32.3
Gujarat,12.3,41.2,46.5,34.5,28.6,36.9
Karnataka,11.4,26.8,61.8,38.2,21.5,40.3
Kerala,8.2,21.3,70.5,24.1,28.4,47.5
Tamil Nadu,12.5,33.1,54.4,27.2,29.5,43.3
Maharashtra,11.8,30.4,57.8,41.6,21.2,37.2
Andhra Pradesh,25.4,23.1,51.5,44.8,20.1,35.1
Telangana,15.2,19.4,65.4,39.1,20.8,40.1
Madhya Pradesh,40.5,22.1,37.4,58.2,17.4,24.4
West Bengal,18.2,20.5,61.3,36.4,24.8,38.8
Rajasthan,27.5,24.3,48.2,48.1,22.5,29.4
Odisha,19.4,36.2,44.4,45.2,23.1,31.7
Bihar,20.1,18.5,61.4,47.2,21.4,31.4
Himachal Pradesh,13.5,39.4,47.1,51.5,18.2,30.3
Uttarakhand,10.2,48.6,41.2,47.4,20.3,32.3
Tripura,24.2,31.4,44.4,42.1,21.8,36.1
Goa,6.0,46.9,47.1,12.4,31.2,56.4
Sikkim,6.2,62.6,31.2,35.1,24.3,40.6
